Product Code,Product Description,6M Qty,6M Avg Daily,6M Avg Weekly,6M Avg Monthly,3M Qty,3M Avg Daily,3M Avg Weekly,3M Avg Monthly,1M Qty,1M Avg Daily,1M Avg Weekly,1M Avg Monthly,# Orders,First Sale,Last Sale,Product Code,Product Group,Product Description,AVE,6,3,1,1/Ave
SDYELLOSM,"STARDUST Yellow ""Anti-Inflammatory"" - Organic SML (120g)",10514,57.454,402.17,"1,752.33",5682,62.44,437.08,1894,1569,52.3,366.1,1569,1252,2025-10-12,2026-04-10,SDYELLOSM,Stardust,"STARDUST Yellow ""Anti-Inflammatory"" - Organic SML (120g)","1,738","1,752","1,894","1,569",-9.75%
MFMAPLEME,Munchies Maple - Organic & Activated MED (220g),10395,56.803,397.62,"1,732.50",5541,60.89,426.23,1847,1781,59.367,415.57,1781,1079,2025-10-13,2026-04-10,MFMAPLEME,MF - Munchies,Munchies Maple - Organic & Activated MED (220g),"1,787","1,733","1,847","1,781",-0.33%
MFMIXENME,Mixed Nuts - Organic & Activated MED (250g),9173,50.126,350.88,"1,528.83",4493,49.374,345.62,1497.67,1331,44.367,310.57,1331,979,2025-10-13,2026-04-10,MFMIXENME,MF - Nuts,Mixed Nuts - Organic & Activated MED (250g),"1,453","1,529","1,498","1,331",-8.36%
MFWALNUME,Walnuts - Organic & Activated MED (200g),8397,45.885,321.20,"1,399.50",4340,47.692,333.85,1446.67,1270,42.333,296.33,1270,1018,2025-10-12,2026-04-10,MFWALNUME,MF - Nuts,Walnuts - Organic & Activated MED (200g),"1,372","1,400","1,447","1,270",-7.44%
MFCACBPLG,Cacao Brain Power - Organic & Activated LRG (450g),6006,32.82,229.74,"1,001.00",3214,35.319,247.23,1071.33,1080,36,252,1080,995,2025-10-13,2026-04-10,MFCACBPLG,MF - Granola,Cacao Brain Power - Organic & Activated LRG (450g),"1,051","1,001","1,071","1,080",2.78%
MFMIXENLG,Mixed Nuts - Organic & Activated LRG (500g),5799,31.689,221.82,966.50,3169,34.824,243.77,1056.33,893,29.767,208.37,893,814,2025-10-12,2026-04-10,MFMIXENLG,MF - Nuts,Mixed Nuts - Organic & Activated LRG (500g),972,967,"1,056",893,-8.12%
MFCINNPSM,Cinnamon Powder (Ceylon) - Organic SML (120g),5551,30.333,212.33,925.17,4036,44.352,310.46,1345.33,1156,38.533,269.73,1156,664,2025-10-11,2026-04-10,MFCINNPSM,MF - Pantry,Cinnamon Powder (Ceylon) - Organic SML (120g),"1,142",925,"1,345","1,156",1.21%
MFALMONME,Almonds - Organic & Activated MED (250g),5473,29.907,209.35,912.17,2444,26.857,188,814.67,639,21.3,149.1,639,764,2025-10-12,2026-04-10,MFALMONME,MF - Nuts,Almonds - Organic & Activated MED (250g),789,912,815,639,-18.97%
MFBRAZNME,Brazil Nuts - Organic & Activated MED (325g),5468,29.88,209.16,911.33,2908,31.956,223.69,969.33,952,31.733,222.13,952,846,2025-10-11,2026-04-10,MFBRAZNME,MF - Nuts,Brazil Nuts - Organic & Activated MED (325g),944,911,969,952,0.82%
MFBEETPME,Beetroot Powder - Organic MED (340g),5457,29.82,208.74,909.50,2723,29.923,209.46,907.67,647,21.567,150.97,647,539,2025-10-13,2026-04-10,MFBEETPME,MF - Pantry,Beetroot Powder - Organic MED (340g),821,910,908,647,-21.23%
SDREDLOSM,"STARDUST Red ""Longevity"" - Organic SML (150g)",4796,26.208,183.45,799.33,2254,24.769,173.38,751.33,614,20.467,143.27,614,835,2025-10-12,2026-04-10,SDREDLOSM,Stardust,"STARDUST Red ""Longevity"" - Organic SML (150g)",722,799,751,614,-14.91%
MFMAPLESM,Munchies Maple - Organic & Activated SML (100g),4734,25.869,181.08,789.00,2245,24.67,172.69,748.33,536,17.867,125.07,536,500,2025-10-13,2026-04-10,MFMAPLESM,MF - Munchies,Munchies Maple - Organic & Activated SML (100g),691,789,748,536,-22.44%
MFTURMESM,Turmeric (High Potency 5%) - Organic SML (150g),4713,25.754,180.28,785.50,2799,30.758,215.31,933,1063,35.433,248.03,1063,668,2025-10-11,2026-04-10,MFTURMESM,MF - Pantry,Turmeric (High Potency 5%) - Organic SML (150g),927,786,933,"1,063",14.65%
MFWALNULG,Walnuts - Organic & Activated LRG (400g),4602,25.148,176.03,767.00,2600,28.571,200,866.67,821,27.367,191.57,821,754,2025-10-12,2026-04-10,MFWALNULG,MF - Nuts,Walnuts - Organic & Activated LRG (400g),818,767,867,821,0.34%
SDCACAOSM,"STARDUST Cacao ""Energise"" - Organic SML (120g)",4465,24.399,170.79,744.17,2341,25.725,180.08,780.33,763,25.433,178.03,763,774,2025-10-12,2026-04-10,SDCACAOSM,Stardust,"STARDUST Cacao ""Energise"" - Organic SML (120g)",763,744,780,763,0.07%
MFBEETPSM,Beetroot Powder - Organic SML (150g),4456,24.35,170.45,742.67,2607,28.648,200.54,869,713,23.767,166.37,713,476,2025-10-13,2026-04-10,MFBEETPSM,MF - Pantry,Beetroot Powder - Organic SML (150g),775,743,869,713,-7.99%
MFBKCHOCBG,Mindful Foods Chocolate Buckies - 350g,4392,24,168.00,732.00,2575,28.297,198.08,858.33,770,25.667,179.67,770,687,2025-10-12,2026-04-10,MFBKCHOCBG,MF - Buckies,Mindful Foods Chocolate Buckies - 350g,787,732,858,770,-2.13%
MFPECANME,Pecans - Organic & Activated MED (220g),4158,22.721,159.05,693.00,2064,22.681,158.77,688,608,20.267,141.87,608,632,2025-10-13,2026-04-10,MFPECANME,MF - Nuts,Pecans - Organic & Activated MED (220g),663,693,688,608,-8.30%
MFCHILBME,Chillax Brew - Organic Herbal Tea MED (60g),4138,22.612,158.28,689.67,2177,23.923,167.46,725.67,616,20.533,143.73,616,748,2025-10-12,2026-04-10,MFCHILBME,MF - Tea,Chillax Brew - Organic Herbal Tea MED (60g),677,690,726,616,-9.03%
MFCELTSSM,Celtic Sea Salt (COURSE) SML (300g),4082,22.306,156.14,680.33,2292,25.187,176.31,764,688,22.933,160.53,688,568,2025-10-12,2026-04-10,MFCELTSSM,MF - Pantry,Celtic Sea Salt (COURSE) SML (300g),711,680,764,688,-3.20%
SDBLUEISM,"STARDUST Blue ""Immunity"" - Organic SML (150g)",4003,21.874,153.12,667.17,1992,21.89,153.23,664,603,20.1,140.7,603,746,2025-10-11,2026-04-10,SDBLUEISM,Stardust,"STARDUST Blue ""Immunity"" - Organic SML (150g)",645,667,664,603,-6.47%
MFPEPITME,Pepitas Styrian - Organic & Activated MED (300g),3704,20.24,141.68,617.33,2067,22.714,159,689,619,20.633,144.43,619,654,2025-10-12,2026-04-10,MFPEPITME,MF - Pantry,Pepitas Styrian - Organic & Activated MED (300g),642,617,689,619,-3.55%
MFKBBQMME,Munchies Korean BBQ - Organic & Activated MED (220g),3639,19.885,139.20,606.50,1877,20.626,144.38,625.67,534,17.8,124.6,534,552,2025-10-14,2026-04-10,MFKBBQMME,MF - Munchies,Munchies Korean BBQ - Organic & Activated MED (220g),589,607,626,534,-9.30%
MFTUMMTME,Tummy Tea - Organic Herbal Tea MED (120g),3572,19.519,136.63,595.33,2038,22.396,156.77,679.33,666,22.2,155.4,666,654,2025-10-13,2026-04-10,MFTUMMTME,MF - Tea,Tummy Tea - Organic Herbal Tea MED (120g),647,595,679,666,2.95%
MFTERIMME,Munchies Teriyaki - Organic & Activated MED (220g),3572,19.519,136.63,595.33,2193,24.099,168.69,731,579,19.3,135.1,579,614,2025-10-13,2026-04-10,MFTERIMME,MF - Munchies,Munchies Teriyaki - Organic & Activated MED (220g),635,595,731,579,-8.83%
MFCASHEME,Cashews - Organic & Activated MED (260g),3492,19.082,133.57,582.00,1692,18.593,130.15,564,552,18.4,128.8,552,609,2025-10-13,2026-04-10,MFCASHEME,MF - Nuts,Cashews - Organic & Activated MED (260g),566,582,564,552,-2.47%
MFSEEDMME,Seed Mix - Organic & Activated MED (330g),3454,18.874,132.12,575.67,1976,21.714,152,658.67,675,22.5,157.5,675,601,2025-10-12,2026-04-10,MFSEEDMME,MF - Pantry,Seed Mix - Organic & Activated MED (330g),636,576,659,675,6.06%
MFCACAPME,Cacao Powder - Organic Raw MED (260g),3442,18.809,131.66,573.67,1890,20.769,145.38,630,595,19.833,138.83,595,551,2025-10-12,2026-04-10,MFCACAPME,MF - Pantry,Cacao Powder - Organic Raw MED (260g),600,574,630,595,-0.76%
MFEROLVLG,Eros Love & Vitality - Organic & Activated LRG (400g),3390,18.525,129.67,565.00,1768,19.429,136,589.33,506,16.867,118.07,506,713,2025-10-13,2026-04-10,MFEROLVLG,MF - Granola,Eros Love & Vitality - Organic & Activated LRG (400g),553,565,589,506,-8.57%
NT-NAKED100,Naked Original Tallow Cream 100ml (Eczema & Psoriasis Safe),3355,18.333,128.33,559.17,1569,17.242,120.69,523,487,16.233,113.63,487,783,2025-10-13,2026-04-10,NT-NAKED100,TBC - Naked Tallow,Naked Original Tallow Cream 100ml (Eczema & Psoriasis Safe),523,559,523,487,-6.89%
MFMAPLELG,Munchies Maple - Organic & Activated LRG (420g),3344,18.273,127.91,557.33,2010,22.088,154.62,670,527,17.567,122.97,527,668,2025-10-11,2026-04-10,MFMAPLELG,MF - Munchies,Munchies Maple - Organic & Activated LRG (420g),585,557,670,527,-9.88%
barbaraoneill-sustainme,Sustain Me by Barbara O'Neill,3252,17.77,124.39,542.00,1345,14.78,103.46,448.33,446,14.867,104.07,446,572,2025-10-13,2026-04-10,barbaraoneill-sustainme,TBC - Barbara O'Neill Books,Sustain Me by Barbara O'Neill,479,542,448,446,-6.85%
MFCHOCLLG,Clusters Chocolate Davidson Plum - Organic & Activated LRG (350g),3207,17.525,122.67,534.50,1510,16.593,116.15,503.33,501,16.7,116.9,501,649,2025-10-11,2026-04-10,MFCHOCLLG,MF - Clusters,Clusters Chocolate Davidson Plum - Organic & Activated LRG (350g),513,535,503,501,-2.33%
MFBKBRYBG,Mindful Foods Berry Buckies - 350g,3147,17.197,120.38,524.50,1772,19.473,136.31,590.67,423,14.1,98.7,423,578,2025-10-11,2026-04-10,MFBKBRYBG,MF - Buckies,Mindful Foods Berry Buckies - 350g,513,525,591,423,-17.50%
MFMIXENSM,Mixed Nuts - Organic & Activated SML (120g),2928,16,112.00,488.00,1456,16,112,485.33,415,13.833,96.83,415,370,2025-10-13,2026-04-10,MFMIXENSM,MF - Nuts,Mixed Nuts - Organic & Activated SML (120g),463,488,485,415,-10.32%
MFROSEPSM,Rose Petals SML (15g),2876,15.716,110.01,479.33,1449,15.923,111.46,483,549,18.3,128.1,549,438,2025-10-13,2026-04-10,MFROSEPSM,MF - Pantry,Rose Petals SML (15g),504,479,483,549,8.98%
MMCAROBALMOND,Maple Moon - Salted Almond Carob Bar 90g,2850,15.574,109.02,475.00,1437,15.791,110.54,479,347,11.567,80.97,347,341,2025-10-13,2026-04-10,MMCAROBALMOND,TBC - Maple Moon,Maple Moon - Salted Almond Carob Bar 90g,434,475,479,347,-19.98%
MFHIBISME,Hibiscus MED (150g),2750,15.027,105.19,458.33,1534,16.857,118,511.33,635,21.167,148.17,635,397,2025-10-13,2026-04-10,MFHIBISME,MF - Tea,Hibiscus MED (150g),535,458,511,635,18.72%
SDGREENSM,"STARDUST Green ""Detoxify"" - Organic SML (120g)",2747,15.011,105.08,457.83,1243,13.659,95.62,414.33,215,7.167,50.17,215,532,2025-10-12,2026-03-31,SDGREENSM,Stardust,"STARDUST Green ""Detoxify"" - Organic SML (120g)",362,458,414,215,-40.67%
SBBBDPAS,Savvy Beverage - Brain Boost Drink - Passionfruit 330ml,2728,14.907,104.35,454.67,1346,14.791,103.54,448.67,721,24.033,168.23,721,171,2025-10-15,2026-04-10,SBBBDPAS,TBC - Savvy Beverage,Savvy Beverage - Brain Boost Drink - Passionfruit 330ml,541,455,449,721,33.16%
SBBBDMIX,Savvy Beverage - Brain Boost Drink - Mixed Berry 330ml,2727,14.902,104.31,454.50,1309,14.385,100.69,436.33,637,21.233,148.63,637,173,2025-10-14,2026-04-10,SBBBDMIX,TBC - Savvy Beverage,Savvy Beverage - Brain Boost Drink - Mixed Berry 330ml,509,455,436,637,25.08%
3AH,Processed Alanna,2631,14.377,100.64,438.50,1446,15.89,111.23,482,508,16.933,118.53,508,2631,2025-10-11,2026-04-10,3AH,Staff & Labour,Processed Alanna,476,439,482,508,6.69%
MFCINNPME,Cinnamon Powder (Ceylon) - Organic MED (240g),2590,14.153,99.07,431.67,1915,21.044,147.31,638.33,514,17.133,119.93,514,436,2025-10-13,2026-04-10,MFCINNPME,MF - Pantry,Cinnamon Powder (Ceylon) - Organic MED (240g),528,432,638,514,-2.65%
MFCHILBSM,Chillax Brew - Organic Herbal Tea SML (30g),2456,13.421,93.95,409.33,1138,12.505,87.54,379.33,413,13.767,96.37,413,309,2025-10-11,2026-04-10,MFCHILBSM,MF - Tea,Chillax Brew - Organic Herbal Tea SML (30g),401,409,379,413,3.11%
SBBBDCOL,Savvy Beverage - Brain Boost Drink - Cola 330ml,2451,13.393,93.75,408.50,1405,15.44,108.08,468.33,625,20.833,145.83,625,138,2025-10-15,2026-04-10,SBBBDCOL,TBC - Savvy Beverage,Savvy Beverage - Brain Boost Drink - Cola 330ml,501,409,468,625,24.85%
MFKELPMSM,Kelp Meal (Tasmanian) - Raw SML (180g),2446,13.366,93.56,407.67,1336,14.681,102.77,445.33,447,14.9,104.3,447,385,2025-10-13,2026-04-10,MFKELPMSM,MF - Pantry,Kelp Meal (Tasmanian) - Raw SML (180g),433,408,445,447,3.15%
CM-COtwin,Cool Medjool - Coconut Twin Pack (2x28g Dates),2443,13.35,93.45,407.17,1097,12.055,84.38,365.67,439,14.633,102.43,439,343,2025-10-13,2026-04-10,CM-COtwin,TBC - Cool Medjool,Cool Medjool - Coconut Twin Pack (2x28g Dates),404,407,366,439,8.68%
MFIMMUNME,ImmuniTea - Organic Herbal Tea MED (100g),2428,13.268,92.87,404.67,1397,15.352,107.46,465.67,470,15.667,109.67,470,499,2025-10-13,2026-04-10,MFIMMUNME,MF - Tea,ImmuniTea - Organic Herbal Tea MED (100g),447,405,466,470,5.20%
CM-PBtwin,Cool Medjool - Peanut Butter Twin Pack (2x28g Dates),2422,13.235,92.64,403.67,1016,11.165,78.15,338.67,364,12.133,84.93,364,387,2025-10-13,2026-04-10,CM-PBtwin,TBC - Cool Medjool,Cool Medjool - Peanut Butter Twin Pack (2x28g Dates),369,404,339,364,-1.30%
MFGINGGSM,Ginger Ground - Organic SML (90g),2365,12.923,90.46,394.17,1418,15.582,109.08,472.67,498,16.6,116.2,498,458,2025-10-12,2026-04-10,MFGINGGSM,MF - Pantry,Ginger Ground - Organic SML (90g),455,394,473,498,9.46%
MMCAROBCOCOGOJI,Maple Moon Coconut & Goji Carob Bar 90g,2345,12.814,89.70,390.83,1242,13.648,95.54,414,289,9.633,67.43,289,290,2025-10-13,2026-04-10,MMCAROBCOCOGOJI,TBC - Maple Moon,Maple Moon Coconut & Goji Carob Bar 90g,365,391,414,289,-20.74%
M3Water1L,Maple 3 - Maple Water 1L (GST-FREE),2314,12.645,88.51,385.67,1234,13.56,94.92,411.33,354,11.8,82.6,354,137,2025-10-14,2026-04-10,M3Water1L,TBC - Maple3,Maple 3 - Maple Water 1L (GST-FREE),384,386,411,354,-7.73%
CM-HZtwin,Cool Medjool - Hazelnut Twin Pack (2x28g Dates),2296,12.546,87.83,382.67,986,10.835,75.85,328.67,305,10.167,71.17,305,378,2025-10-13,2026-04-10,CM-HZtwin,TBC - Cool Medjool,Cool Medjool - Hazelnut Twin Pack (2x28g Dates),339,383,329,305,-9.97%
MFTERIMSM,Munchies Teriyaki - Organic & Activated SML (90g),2281,12.464,87.25,380.17,906,9.956,69.69,302,197,6.567,45.97,197,269,2025-10-13,2026-04-10,MFTERIMSM,MF - Munchies,Munchies Teriyaki - Organic & Activated SML (90g),293,380,302,197,-32.78%
MFBRAZNSM,Brazil Nuts - Organic & Activated SML (150g),2204,12.044,84.31,367.33,1287,14.143,99,429,370,12.333,86.33,370,365,2025-10-13,2026-04-10,MFBRAZNSM,MF - Nuts,Brazil Nuts - Organic & Activated SML (150g),389,367,429,370,-4.83%
MFRASFDME,Raspberries - Freeze-dried Organic MED (40g),2181,11.918,83.43,363.50,1293,14.209,99.46,431,354,11.8,82.6,354,392,2025-10-13,2026-04-10,MFRASFDME,MF - Pantry,Raspberries - Freeze-dried Organic MED (40g),383,364,431,354,-7.53%
MFCHOCLSM,Clusters Chocolate Davidson Plum - Organic & Activated SML (200g),2168,11.847,82.93,361.33,1145,12.582,88.08,381.67,446,14.867,104.07,446,309,2025-10-14,2026-04-10,MFCHOCLSM,MF - Clusters,Clusters Chocolate Davidson Plum - Organic & Activated SML (200g),396,361,382,446,12.53%
MFCELTSME,Celtic Sea Salt (COURSE) MED (600g),2125,11.612,81.28,354.17,1322,14.527,101.69,440.67,408,13.6,95.2,408,303,2025-10-13,2026-04-10,MFCELTSME,MF - Pantry,Celtic Sea Salt (COURSE) MED (600g),401,354,441,408,1.76%
MFGOLDGLG,Golden Granola - Organic & Activated LRG (450g),2084,11.388,79.72,347.33,1210,13.297,93.08,403.33,375,12.5,87.5,375,458,2025-10-13,2026-04-10,MFGOLDGLG,MF - Granola,Golden Granola - Organic & Activated LRG (450g),375,347,403,375,-0.06%
MFSUNFSME,Sunflower Seeds - Activated & Organic MED (250g),2079,11.361,79.52,346.50,1187,13.044,91.31,395.67,386,12.867,90.07,386,450,2025-10-12,2026-04-10,MFSUNFSME,MF - Pantry,Sunflower Seeds - Activated & Organic MED (250g),376,347,396,386,2.64%
MFBIRPBLG,Birchia Paleo Prebiotic - Organic & Activated LRG (500g),2049,11.197,78.38,341.50,1214,13.341,93.38,404.67,364,12.133,84.93,364,489,2025-10-13,2026-04-10,MFBIRPBLG,MF - Granola,Birchia Paleo Prebiotic - Organic & Activated LRG (500g),370,342,405,364,-1.64%
MFCARCLLG,Clusters Caramel Wattleseed - Organic & Activated LRG (350g),2041,11.153,78.07,340.17,1005,11.044,77.31,335,433,14.433,101.03,433,466,2025-10-11,2026-04-10,MFCARCLLG,MF - Clusters,Clusters Caramel Wattleseed - Organic & Activated LRG (350g),369,340,335,433,17.22%
MMCAROBHAZEL,Maple Moon - Roasted Hazelnut Carob Bar 90g,1997,10.913,76.39,332.83,880,9.67,67.69,293.33,344,11.467,80.27,344,238,2025-10-13,2026-04-10,MMCAROBHAZEL,TBC - Maple Moon,Maple Moon - Roasted Hazelnut Carob Bar 90g,323,333,293,344,6.37%
NT-BARUNSCENT,Naked Tallow & Castor Soap Bar - Unscented 115g,1979,10.814,75.70,329.83,1003,11.022,77.15,334.33,300,10,70,300,443,2025-10-13,2026-04-10,NT-BARUNSCENT,TBC - Naked Tallow,Naked Tallow & Castor Soap Bar - Unscented 115g,321,330,334,300,-6.65%
MMCAROBPURE,Maple Moon Pure Carob & Cacao Butter Bar 90g,1977,10.803,75.62,329.50,1168,12.835,89.85,389.33,313,10.433,73.03,313,238,2025-10-17,2026-04-10,MMCAROBPURE,TBC - Maple Moon,Maple Moon Pure Carob & Cacao Butter Bar 90g,344,330,389,313,-9.00%
MFCHIASME,Chia Seeds - Organic MED (350g),1961,10.716,75.01,326.83,1345,14.78,103.46,448.33,488,16.267,113.87,488,377,2025-10-13,2026-04-10,MFCHIASME,MF - Pantry,Chia Seeds - Organic MED (350g),421,327,448,488,15.90%
NT-LEMON100,Naked Lemon Tallow Cream 100ml,1959,10.705,74.93,326.50,876,9.626,67.38,292,270,9,63,270,552,2025-10-13,2026-04-10,NT-LEMON100,TBC - Naked Tallow,Naked Lemon Tallow Cream 100ml,296,327,292,270,-8.84%
OMGHEE-ORG300,OMGhee - Australian Certified Organic Grass-fed Ghee 300ml,1955,10.683,74.78,325.83,903,9.923,69.46,301,319,10.633,74.43,319,397,2025-10-13,2026-04-10,OMGHEE-ORG300,TBC - OMGhee,OMGhee - Australian Certified Organic Grass-fed Ghee 300ml,315,326,301,319,1.18%
MFALMONLG,Almonds - Organic & Activated LRG (500g),1918,10.481,73.37,319.67,953,10.473,73.31,317.67,303,10.1,70.7,303,479,2025-10-12,2026-04-10,MFALMONLG,MF - Nuts,Almonds - Organic & Activated LRG (500g),313,320,318,303,-3.33%
MFWALNUSM,Walnuts - Organic & Activated SML (90g),1874,10.24,71.68,312.33,1015,11.154,78.08,338.33,336,11.2,78.4,336,306,2025-10-13,2026-04-10,MFWALNUSM,MF - Nuts,Walnuts - Organic & Activated SML (90g),329,312,338,336,2.16%
MFCANIBSM,Cacao Nibs - Organic Raw SML (120g),1854,10.131,70.92,309.00,886,9.736,68.15,295.33,229,7.633,53.43,229,343,2025-10-13,2026-04-10,MFCANIBSM,MF - Pantry,Cacao Nibs - Organic Raw SML (120g),278,309,295,229,-17.56%
TH-CHOCFUDGE-100g,To Happies - Organic Choc-Fudge Brownie - Original Choc 100g,1830,10,70.00,305.00,1010,11.099,77.69,336.67,376,12.533,87.73,376,171,2025-10-13,2026-04-07,TH-CHOCFUDGE-100g,TBC - To Happies,To Happies - Organic Choc-Fudge Brownie - Original Choc 100g,339,305,337,376,10.84%
MFDMTEAME,DMTea - Organic Herbal Tea MED (130g),1825,9.973,69.81,304.17,983,10.802,75.62,327.67,417,13.9,97.3,417,369,2025-10-12,2026-04-10,MFDMTEAME,MF - Tea,DMTea - Organic Herbal Tea MED (130g),350,304,328,417,19.27%
MFCACAPSM,Cacao Powder - Organic Raw SML (100g),1821,9.951,69.66,303.50,926,10.176,71.23,308.67,219,7.3,51.1,219,296,2025-10-13,2026-04-10,MFCACAPSM,MF - Pantry,Cacao Powder - Organic Raw SML (100g),277,304,309,219,-20.95%
MFHAZELME,Hazelnuts - Organic & Activated MED (250g),1812,9.902,69.31,302.00,836,9.187,64.31,278.67,286,9.533,66.73,286,309,2025-10-13,2026-04-10,MFHAZELME,MF - Nuts,Hazelnuts - Organic & Activated MED (250g),289,302,279,286,-1.00%
BAJA-COURSE450g,Baja Gold Signature Mineral Sea Salt - COARSE Natural Grain 450g (1LB),1799,9.831,68.81,299.83,1175,12.912,90.38,391.67,443,14.767,103.37,443,351,2025-10-13,2026-04-10,BAJA-COURSE450g,TBC - Tre Lune,Baja Gold Signature Mineral Sea Salt - COARSE Natural Grain 450g (1LB),378,300,392,443,17.14%
SBBBDLEM,Savvy Beverage - Brain Boost Drink - Lemon Lime 330ml,1784,9.749,68.24,297.33,769,8.451,59.15,256.33,601,20.033,140.23,601,106,2025-10-14,2026-04-10,SBBBDLEM,TBC - Savvy Beverage,Savvy Beverage - Brain Boost Drink - Lemon Lime 330ml,385,297,256,601,56.15%
MFCACBPSM,Cacao Brain Power - Organic & Activated SML (200g),1783,9.743,68.20,297.17,990,10.879,76.15,330,314,10.467,73.27,314,304,2025-10-13,2026-04-10,MFCACBPSM,MF - Granola,Cacao Brain Power - Organic & Activated SML (200g),314,297,330,314,0.09%
M3Water500ml,Maple 3 - Maple Water 500ml (GST-FREE),1770,9.672,67.70,295.00,894,9.824,68.77,298,306,10.2,71.4,306,117,2025-10-13,2026-04-10,M3Water500ml,TBC - Maple3,Maple 3 - Maple Water 500ml (GST-FREE),300,295,298,306,2.11%
2RB,Packed Rob,1744,9.53,66.71,290.67,976,10.725,75.08,325.33,458,15.267,106.87,458,1705,2025-10-11,2026-04-10,2RB,Staff & Labour,Packed Rob,358,291,325,458,27.93%
MFYUMMBME,Yummy Beans - Organic & Activated MED (290g),1743,9.525,66.67,290.50,815,8.956,62.69,271.67,202,6.733,47.13,202,314,2025-10-13,2026-04-10,MFYUMMBME,MF - Pantry,Yummy Beans - Organic & Activated MED (290g),255,291,272,202,-20.70%
BAJA-FINE450g,Baja Gold Signature Mineral Sea Salt - FINE Grind 454g (1LB),1725,9.426,65.98,287.50,1109,12.187,85.31,369.67,436,14.533,101.73,436,354,2025-10-13,2026-04-10,BAJA-FINE450g,TBC - Tre Lune,Baja Gold Signature Mineral Sea Salt - FINE Grind 454g (1LB),364,288,370,436,19.65%
MFTAMARSM,Tamari Almonds - Organic & Activated  SML (300g),1711,9.35,65.45,285.17,869,9.549,66.85,289.67,236,7.867,55.07,236,341,2025-10-13,2026-04-10,MFTAMARSM,MF - Munchies,Tamari Almonds - Organic & Activated  SML (300g),270,285,290,236,-12.68%
MFTURMEME,Turmeric (High Potency 5%) - Organic MED (300g),1703,9.306,65.14,283.83,962,10.571,74,320.67,397,13.233,92.63,397,320,2025-10-15,2026-04-10,MFTURMEME,MF - Pantry,Turmeric (High Potency 5%) - Organic MED (300g),334,284,321,397,18.92%
MFWILDCSM,Wildfire Cashews - Organic & Activated  SML (300g),1690,9.235,64.64,281.67,648,7.121,49.85,216,146,4.867,34.07,146,300,2025-10-13,2026-04-10,MFWILDCSM,MF - Munchies,Wildfire Cashews - Organic & Activated  SML (300g),215,282,216,146,-31.95%
MFBRAZNLG,Brazil Nuts - Organic & Activated LRG (600g),1681,9.186,64.30,280.17,918,10.088,70.62,306,312,10.4,72.8,312,379,2025-10-13,2026-04-10,MFBRAZNLG,MF - Nuts,Brazil Nuts - Organic & Activated LRG (600g),299,280,306,312,4.21%
2AG,Packed Ash,1663,9.087,63.61,277.17,743,8.165,57.15,247.67,252,8.4,58.8,252,1669,2025-10-11,2026-04-10,2AG,Staff & Labour,Packed Ash,259,277,248,252,-2.68%
OH-LEM-OG375,Oh! Lemonaid Natural Sparkling Lemon 'Original' 375ml,1632,8.918,62.43,272.00,672,7.385,51.69,224,168,5.6,39.2,168,67,2025-11-04,2026-04-09,OH-LEM-OG375,TBC - OH! OzHarvest Ventures,Oh! Lemonaid Natural Sparkling Lemon 'Original' 375ml,221,272,224,168,-24.10%
BV-MBlue30,Methylene Blue 30ml - USP Grade - Blueprint Vitality,1615,8.825,61.78,269.17,833,9.154,64.08,277.67,305,10.167,71.17,305,378,2025-10-13,2026-04-10,BV-MBlue30,TBC - Blueprint Vitality,Methylene Blue 30ml - USP Grade - Blueprint Vitality,284,269,278,305,7.41%
SDPORIGLG,STARDUST Plant Protein ORIGINAL - LRG (380g),1591,8.694,60.86,265.17,986,10.835,75.85,328.67,323,10.767,75.37,323,451,2025-10-11,2026-04-10,SDPORIGLG,Stardust - Protein,STARDUST Plant Protein ORIGINAL - LRG (380g),306,265,329,323,5.69%
HPShil15g,Purest Himalayan Power Shilajit Resin - Gold Grade - 15g,1562,8.536,59.75,260.33,710,7.802,54.62,236.67,192,6.4,44.8,192,382,2025-10-13,2026-04-10,HPShil15g,TBC - Himalayan Power Shilajit,Purest Himalayan Power Shilajit Resin - Gold Grade - 15g,230,260,237,192,-16.40%
3CP,Processed Clinton,1553,8.486,59.40,258.83,833,9.154,64.08,277.67,404,13.467,94.27,404,1553,2025-10-11,2026-04-10,3CP,Staff & Labour,Processed Clinton,314,259,278,404,28.87%
MFLOTUSME,Blue Lotus Flowers Organic MED - 20g,1552.5,8.484,59.39,258.75,851.5,9.357,65.5,283.83,324,10.8,75.6,324,216,2025-10-13,2026-04-10,MFLOTUSME,MF - Tea,Blue Lotus Flowers Organic MED - 20g,289,259,284,324,12.17%
NT-LOVE100,Naked Tallow With Love Cream 80g/100ml,1522,8.317,58.22,253.67,726,7.978,55.85,242,228,7.6,53.2,228,444,2025-10-13,2026-04-10,NT-LOVE100,TBC - Naked Tallow,Naked Tallow With Love Cream 80g/100ml,241,254,242,228,-5.48%
MMCAROBPEPBUCK,Maple Moon - Peppermint Buckwheat Crisp Carob Bar 90g,1487,8.126,56.88,247.83,782,8.593,60.15,260.67,264,8.8,61.6,264,194,2025-10-13,2026-04-10,MMCAROBPEPBUCK,TBC - Maple Moon,Maple Moon - Peppermint Buckwheat Crisp Carob Bar 90g,258,248,261,264,2.52%
OH-LEM-GT375,Oh! Lemonaid 'Ginger Lemon Twist' Natural Sparkling 375ml,1464,8,56.00,244.00,576,6.33,44.31,192,144,4.8,33.6,144,60,2025-11-04,2026-03-31,OH-LEM-GT375,TBC - OH! OzHarvest Ventures,Oh! Lemonaid 'Ginger Lemon Twist' Natural Sparkling 375ml,193,244,192,144,-25.52%
M3SparklingLime355ml,Maple 3 - Sparkling Maple Water Lime 355ml,1450,7.923,55.46,241.67,846,9.297,65.08,282,220,7.333,51.33,220,99,2025-10-16,2026-04-09,M3SparklingLime355ml,TBC - Maple3,Maple 3 - Sparkling Maple Water Lime 355ml,248,242,282,220,-11.25%
NT-SLEEP100,Naked Sleepytime Tallow Cream 100ml,1444,7.891,55.23,240.67,641,7.044,49.31,213.67,182,6.067,42.47,182,448,2025-10-13,2026-04-10,NT-SLEEP100,TBC - Naked Tallow,Naked Sleepytime Tallow Cream 100ml,212,241,214,182,-14.20%
MFASHWPSM,Ashwagandha Powder  - Organic - SML 125g,1442,7.88,55.16,240.33,725,7.967,55.77,241.67,293,9.767,68.37,293,293,2025-10-14,2026-04-10,MFASHWPSM,MF - Pantry,Ashwagandha Powder  - Organic - SML 125g,258,240,242,293,13.42%
OH-LEM-SS375,Oh! Lemonaid 'Strawberry Lemon Splash' Natural Sparkling 375ml,1440,7.869,55.08,240.00,600,6.593,46.15,200,144,4.8,33.6,144,58,2025-11-06,2026-03-30,OH-LEM-SS375,TBC - OH! OzHarvest Ventures,Oh! Lemonaid 'Strawberry Lemon Splash' Natural Sparkling 375ml,195,240,200,144,-26.03%
EC-HAZCHOC200,Hazelnut Chocolate Spread 200g,1433,7.831,54.81,238.83,755,8.297,58.08,251.67,299,9.967,69.77,299,291,2025-10-14,2026-04-10,EC-HAZCHOC200,TBC - Essential Creme,Hazelnut Chocolate Spread 200g,263,239,252,299,13.62%
barbaraoneill-selfheal,Self Heal By Design by Barbara O'Neill,1424,7.781,54.47,237.33,549,6.033,42.23,183,128,4.267,29.87,128,297,2025-10-13,2026-04-10,barbaraoneill-selfheal,TBC - Barbara O'Neill Books,Self Heal By Design by Barbara O'Neill,183,237,183,128,-29.97%
3CD,Processed Calem,1420,7.76,54.32,236.67,649,7.132,49.92,216.33,201,6.7,46.9,201,1420,2025-10-13,2026-04-09,3CD,Staff & Labour,Processed Calem,218,237,216,201,-7.80%
MFCYNPEPSM,Cayenne Pepper  SML (125g),1416,7.738,54.16,236.00,803,8.824,61.77,267.67,137,4.567,31.97,137,288,2025-10-13,2026-04-01,MFCYNPEPSM,MF - Pantry,Cayenne Pepper  SML (125g),214,236,268,137,-35.85%
NT-BARRAWMILK,"The Naked Soap Bar: SCENTED, RAW MILK & TALLOW 115g",1387,7.579,53.05,231.17,714,7.846,54.92,238,182,6.067,42.47,182,333,2025-10-13,2026-04-10,NT-BARRAWMILK,TBC - Naked Tallow,"The Naked Soap Bar: SCENTED, RAW MILK & TALLOW 115g",217,231,238,182,-16.15%
MFCHAMOME,Chamomile MED (60g),1376,7.519,52.63,229.33,813,8.934,62.54,271,280,9.333,65.33,280,321,2025-10-12,2026-04-10,MFCHAMOME,MF - Tea,Chamomile MED (60g),260,229,271,280,7.65%
MFCANIBME,Cacao Nibs - Organic - MED - 280g,1363,7.448,52.14,227.17,645,7.088,49.62,215,236,7.867,55.07,236,311,2025-10-14,2026-04-10,MFCANIBME,MF - Pantry,Cacao Nibs - Organic - MED - 280g,226,227,215,236,4.40%
SDPCHOCLG,STARDUST Plant Protein CHOCOLATE - LRG (450g),1334,7.29,51.03,222.33,734,8.066,56.46,244.67,234,7.8,54.6,234,381,2025-10-12,2026-04-10,SDPCHOCLG,Stardust - Protein,STARDUST Plant Protein CHOCOLATE - LRG (450g),234,222,245,234,0.14%
MFTUMMTSM,Tummy Tea - Organic Herbal Tea SML (60g),1326,7.246,50.72,221.00,582,6.396,44.77,194,87,2.9,20.3,87,219,2025-10-13,2026-04-10,MFTUMMTSM,MF - Tea,Tummy Tea - Organic Herbal Tea SML (60g),167,221,194,87,-48.01%
MFKELPMME,Kelp Meal (Tasmanian) - Raw MED (380g),1312,7.169,50.19,218.67,611,6.714,47,203.67,179,5.967,41.77,179,272,2025-10-13,2026-04-10,MFKELPMME,MF - Pantry,Kelp Meal (Tasmanian) - Raw MED (380g),200,219,204,179,-10.70%
MFPAPRSSM,Paprika Smoked - Organic SML (120g),1307,7.142,49.99,217.83,751,8.253,57.77,250.33,208,6.933,48.53,208,286,2025-10-13,2026-04-10,MFPAPRSSM,MF - Pantry,Paprika Smoked - Organic SML (120g),225,218,250,208,-7.71%
MFMATCHSM,Ceremonial Matcha - Mindful Foods - SML 100g,1300,7.104,49.73,216.67,656,7.209,50.46,218.67,170,5.667,39.67,170,331,2025-10-13,2026-04-10,MFMATCHSM,MF - Tea,Ceremonial Matcha - Mindful Foods - SML 100g,202,217,219,170,-15.75%
M3SparklingPeachMan355ml,Maple 3 - Sparkling Maple Water Peach Mango 355ml,1295,7.077,49.54,215.83,715,7.857,55,238.33,208,6.933,48.53,208,86,2025-10-14,2026-04-10,M3SparklingPeachMan355ml,TBC - Maple3,Maple 3 - Sparkling Maple Water Peach Mango 355ml,221,216,238,208,-5.76%
OMGHEE-ORG550,OMGhee - Australian Certified Organic Grass-fed Ghee 550ml,1286,7.027,49.19,214.33,613,6.736,47.15,204.33,211,7.033,49.23,211,272,2025-10-13,2026-04-10,OMGHEE-ORG550,TBC - OMGhee,OMGhee - Australian Certified Organic Grass-fed Ghee 550ml,210,214,204,211,0.53%
HPShil30g,Purest Himalayan Power Shilajit Resin - Gold Grade - 30g,1268,6.929,48.50,211.33,564,6.198,43.38,188,150,5,35,150,304,2025-10-13,2026-04-10,HPShil30g,TBC - Himalayan Power Shilajit,Purest Himalayan Power Shilajit Resin - Gold Grade - 30g,183,211,188,150,-18.08%
MFALMONSM,Almonds - Organic & Activated SML (120g),1254,6.852,47.97,209.00,750,8.242,57.69,250,214,7.133,49.93,214,253,2025-10-13,2026-04-10,MFALMONSM,MF - Nuts,Almonds - Organic & Activated SML (120g),224,209,250,214,-4.61%
CM-PStwin,Cool Medjool - Pistachio (twin pack) *Limited Edition*,1247,6.814,47.70,207.83,1164,12.791,89.54,388,410,13.667,95.67,410,183,2026-01-05,2026-04-10,CM-PStwin,TBC - Cool Medjool,Cool Medjool - Pistachio (twin pack) *Limited Edition*,335,208,388,410,22.29%
MFBUCKWLG,Buckwheat - Activated & Organic LRG (680g),1243,6.792,47.55,207.17,763,8.385,58.69,254.33,231,7.7,53.9,231,288,2025-10-12,2026-04-10,MFBUCKWLG,MF - Pantry,Buckwheat - Activated & Organic LRG (680g),231,207,254,231,0.07%
M3SparklingOrig355ml,Maple 3 - Sparkling Maple Water Original 355ml,1231,6.727,47.09,205.17,665,7.308,51.15,221.67,196,6.533,45.73,196,90,2025-10-14,2026-04-09,M3SparklingOrig355ml,TBC - Maple3,Maple 3 - Sparkling Maple Water Original 355ml,208,205,222,196,-5.59%
1LD,Picked Lachlan,1188,6.492,45.44,198.00,542,5.956,41.69,180.67,220,7.333,51.33,220,1187,2025-10-13,2026-04-09,1LD,Staff & Labour,Picked Lachlan,200,198,181,220,10.24%
MFCASHELG,Cashews - Organic & Activated LRG (520g),1161,6.344,44.41,193.50,584,6.418,44.92,194.67,165,5.5,38.5,165,314,2025-10-11,2026-04-10,MFCASHELG,MF - Nuts,Cashews - Organic & Activated LRG (520g),184,194,195,165,-10.52%
MFLOTUSSM,Blue Lotus Flowers Organic SML - 12g,1158,6.328,44.30,193.00,676,7.429,52,225.33,269,8.967,62.77,269,235,2025-10-13,2026-04-10,MFLOTUSSM,MF - Pantry,Blue Lotus Flowers Organic SML - 12g,229,193,225,269,17.41%
MFCACAPLG,Cacao Powder LRG - Organic 440g,1150,6.284,43.99,191.67,604,6.637,46.46,201.33,199,6.633,46.43,199,242,2025-10-13,2026-04-09,MFCACAPLG,MF - Pantry,Cacao Powder LRG - Organic 440g,197,192,201,199,0.84%
NT-AFTERSUN100,Naked Aftersun Tallow Cream 100ml,1136,6.208,43.45,189.33,486,5.341,37.38,162,95,3.167,22.17,95,361,2025-10-13,2026-04-10,NT-AFTERSUN100,TBC - Naked Tallow,Naked Aftersun Tallow Cream 100ml,149,189,162,95,-36.15%
MFCARCLSM,Clusters Caramel Wattleseed - Organic & Activated SML (200g),1119,6.115,42.80,186.50,581,6.385,44.69,193.67,338,11.267,78.87,338,200,2025-10-13,2026-04-10,MFCARCLSM,MF - Clusters,Clusters Caramel Wattleseed - Organic & Activated SML (200g),239,187,194,338,41.19%
MFSEEDMLG,Seed Mix - Organic & Activated LRG (650g),1113,6.082,42.57,185.50,617,6.78,47.46,205.67,165,5.5,38.5,165,268,2025-10-11,2026-04-09,MFSEEDMLG,MF - Pantry,Seed Mix - Organic & Activated LRG (650g),185,186,206,165,-11.00%
MFPEPITLG,Pepitas Styrian - Organic & Activated LRG (600g),1111,6.071,42.50,185.17,589,6.473,45.31,196.33,157,5.233,36.63,157,280,2025-10-12,2026-04-10,MFPEPITLG,MF - Pantry,Pepitas Styrian - Organic & Activated LRG (600g),180,185,196,157,-12.53%
MFBLUBUSM,Blue Butterfly Pea Flowers SML - Organic 25g,1107,6.049,42.34,184.50,687,7.549,52.85,229,100,3.333,23.33,100,201,2025-10-20,2026-03-25,MFBLUBUSM,MF - Pantry,Blue Butterfly Pea Flowers SML - Organic 25g,171,185,229,100,-41.58%
MFIRPIS,Pistachio - Coconut Roasted BULK,1103.83,6.032,42.22,183.97,222.7,2.447,17.13,74.23,0,0,0,0,9,2025-10-13,2026-03-05,MFIRPIS,Bulk Products,Pistachio - Coconut Roasted BULK,129,184,74,0,-100.00%
MFIRMAC,Macadamia Roasted with Maple Cinnamon(BULK),1087.45,5.942,41.60,181.24,479,5.264,36.85,159.67,0,0,0,0,9,2025-10-16,2026-02-11,MFIRMAC,Bulk Products,Macadamia Roasted with Maple Cinnamon(BULK),170,181,160,0,-100.00%
1RB,Picked Rob,1079,5.896,41.27,179.83,740,8.132,56.92,246.67,387,12.9,90.3,387,1075,2025-10-11,2026-04-10,1RB,Staff & Labour,Picked Rob,271,180,247,387,42.72%
BBPB-CR-SALT,Byron Bay Peanut Butter - Crunchy 375g,1074,5.869,41.08,179.00,545,5.989,41.92,181.67,215,7.167,50.17,215,152,2025-10-14,2026-04-10,BBPB-CR-SALT,TBC - Byron Bay Peanut Butter Co,Byron Bay Peanut Butter - Crunchy 375g,192,179,182,215,12.04%
MFFIRESME,Fire Starter - Organic Herbal Tea MED (80g),1060,5.792,40.55,176.67,537,5.901,41.31,179,152,5.067,35.47,152,244,2025-10-14,2026-04-10,MFFIRESME,MF - Tea,Fire Starter - Organic Herbal Tea MED (80g),169,177,179,152,-10.18%
MFMACAPSM,Maca Powder - Organic SML (180g),1051,5.743,40.20,175.17,582,6.396,44.77,194,154,5.133,35.93,154,201,2025-10-14,2026-04-10,MFMACAPSM,MF - Pantry,Maca Powder - Organic SML (180g),174,175,194,154,-11.69%
MFIRPLOCO,Pecans Roasted with Maple Cinnamon BULK,1045.39,5.713,39.99,174.23,610.65,6.71,46.97,203.55,172.3,5.743,40.2,172.3,13,2025-10-21,2026-04-02,MFIRPLOCO,Bulk Products,Pecans Roasted with Maple Cinnamon BULK,183,174,204,172,-6.03%
MFBLCUMSM,Black Cumin (Nigella Sativa) - Organic SML (120g),1041,5.689,39.82,173.50,571,6.275,43.92,190.33,148,4.933,34.53,148,285,2025-10-11,2026-04-10,MFBLCUMSM,MF - Pantry,Black Cumin (Nigella Sativa) - Organic SML (120g),171,174,190,148,-13.25%
MFMACAPME,Maca Powder - Organic MED (360g),1036,5.661,39.63,172.67,580,6.374,44.62,193.33,119,3.967,27.77,119,251,2025-10-13,2026-04-10,MFMACAPME,MF - Pantry,Maca Powder - Organic MED (360g),162,173,193,119,-26.39%
NT-CB50,Naked Calendula Healing Balm 50g,1035,5.656,39.59,172.50,438,4.813,33.69,146,136,4.533,31.73,136,341,2025-10-13,2026-04-10,NT-CB50,TBC - Naked Tallow,Naked Calendula Healing Balm 50g,152,173,146,136,-10.23%
MFLBALMME,Lemon Balm MED (40g),1026,5.607,39.25,171.00,617,6.78,47.46,205.67,122,4.067,28.47,122,260,2025-10-13,2026-04-10,MFLBALMME,MF - Tea,Lemon Balm MED (40g),166,171,206,122,-26.60%
MFPECANLG,Pecans - Organic & Activated LRG (420g),1026,5.607,39.25,171.00,490,5.385,37.69,163.33,151,5.033,35.23,151,282,2025-10-12,2026-04-10,MFPECANLG,MF - Nuts,Pecans - Organic & Activated LRG (420g),162,171,163,151,-6.66%
MFBKCARABG,Mindful Foods Caramel Buckies - 400g,1003,5.481,38.37,167.17,333,3.659,25.62,111,333,11.1,77.7,333,190,2025-10-11,2026-04-10,MFBKCARABG,MF - Buckies,Mindful Foods Caramel Buckies - 400g,204,167,111,333,63.46%
MFEROLVSM,Eros Love & Vitality - Organic & Activated SML (200g),998,5.454,38.17,166.33,584,6.418,44.92,194.67,161,5.367,37.57,161,217,2025-10-13,2026-04-10,MFEROLVSM,MF - Granola,Eros Love & Vitality - Organic & Activated SML (200g),174,166,195,161,-7.47%
MFASHWPME,Ashwagandha Powder MED (250g) - Organic,987,5.393,37.75,164.50,615,6.758,47.31,205,175,5.833,40.83,175,235,2025-10-12,2026-04-09,MFASHWPME,MF - Pantry,Ashwagandha Powder MED (250g) - Organic,182,165,205,175,-3.58%
MFMIXENINFYME,"""I'm Nuts For You""  - Mixed Nuts - Organic & Activated MED (250g)",981,5.361,37.52,163.50,527,5.791,40.54,175.67,135,4.5,31.5,135,217,2025-10-13,2026-04-10,MFMIXENINFYME,MF - Nuts,"""I'm Nuts For You""  - Mixed Nuts - Organic & Activated MED (250g)",158,164,176,135,-14.59%
NT-NAKED220,Naked Original Tallow Cream 220ml (Eczema & Psoriasis Safe),975,5.328,37.30,162.50,444,4.879,34.15,148,136,4.533,31.73,136,325,2025-10-13,2026-04-10,NT-NAKED220,TBC - Naked Tallow,Naked Original Tallow Cream 220ml (Eczema & Psoriasis Safe),149,163,148,136,-8.62%
BBPB-SM-SALT,Byron Bay Peanut Butter - Smooth 375g,973,5.317,37.22,162.17,504,5.538,38.77,168,197,6.567,45.97,197,145,2025-10-15,2026-04-10,BBPB-SM-SALT,TBC - Byron Bay Peanut Butter Co,Byron Bay Peanut Butter - Smooth 375g,176,162,168,197,12.11%
CM-DCtwin,Cool Medjool - Double Chocolate (twin pack),969,5.295,37.07,161.50,943,10.363,72.54,314.33,345,11.5,80.5,345,137,2026-01-06,2026-04-10,CM-DCtwin,TBC - Cool Medjool,Cool Medjool - Double Chocolate (twin pack),274,162,314,345,26.09%
EC-PISTCRMY200,Creamy Pistachio Spread 200g,969,5.295,37.07,161.50,414,4.549,31.85,138,146,4.867,34.07,146,224,2025-10-13,2026-04-10,EC-PISTCRMY200,TBC - Essential Creme,Creamy Pistachio Spread 200g,149,162,138,146,-1.68%
MFMORINME,Moringa Powder MED - Organic 210g,967,5.284,36.99,161.17,538,5.912,41.38,179.33,23,0.767,5.37,23,183,2025-10-13,2026-03-12,MFMORINME,MF - Pantry,Moringa Powder MED - Organic 210g,121,161,179,23,-81.02%
MFMORINSM,Moringa Powder SML - Organic 105g,958,5.235,36.64,159.67,580,6.374,44.62,193.33,139,4.633,32.43,139,209,2025-10-14,2026-04-10,MFMORINSM,MF - Pantry,Moringa Powder SML - Organic 105g,164,160,193,139,-15.24%
MFLEMMPSM,Lemon Myrtle Powder - Organic SML (90g),939,5.131,35.92,156.50,588,6.462,45.23,196,174,5.8,40.6,174,199,2025-10-13,2026-04-10,MFLEMMPSM,MF - Pantry,Lemon Myrtle Powder - Organic SML (90g),176,157,196,174,-0.85%
MFCACBPXL,Cacao Brain Power - Organic & Activated XLRG (1kg),934,5.104,35.73,155.67,527,5.791,40.54,175.67,175,5.833,40.83,175,262,2025-10-12,2026-04-10,MFCACBPXL,MF - Granola,Cacao Brain Power - Organic & Activated XLRG (1kg),169,156,176,175,3.69%
MFYEASTME,Nutritional Yeast Flakes - Fortified & Toasted MED (140g),928,5.071,35.50,154.67,533,5.857,41,177.67,164,5.467,38.27,164,245,2025-10-12,2026-04-09,MFYEASTME,MF - Pantry,Nutritional Yeast Flakes - Fortified & Toasted MED (140g),165,155,178,164,-0.87%
BBSATAY-OR,Satay Sauce - Original 300ml,922,5.038,35.27,153.67,524,5.758,40.31,174.67,188,6.267,43.87,188,156,2025-10-13,2026-04-10,BBSATAY-OR,TBC - Byron Bay Peanut Butter Co,Satay Sauce - Original 300ml,172,154,175,188,9.23%
MFSLIPPSM,Slippery Elm SML - Organic 90g,914,4.995,34.96,152.33,466,5.121,35.85,155.33,152,5.067,35.47,152,236,2025-10-13,2026-04-10,MFSLIPPSM,MF - Pantry,Slippery Elm SML - Organic 90g,153,152,155,152,-0.80%
FLIONMSM,FUNGI Lion's Mane 20:1 Extract Powder SML (100g),913,4.989,34.92,152.17,463,5.088,35.62,154.33,141,4.7,32.9,141,277,2025-10-13,2026-04-10,FLIONMSM,Fungi,FUNGI Lion's Mane 20:1 Extract Powder SML (100g),149,152,154,141,-5.47%
NT-LIP10,Naked Tallow Lip Balm 10ml,909,4.967,34.77,151.50,405,4.451,31.15,135,116,3.867,27.07,116,238,2025-10-13,2026-04-09,NT-LIP10,TBC - Naked Tallow,Naked Tallow Lip Balm 10ml,134,152,135,116,-13.54%
MFCASHESM,Cashews - Organic & Activated SML (120g),875,4.781,33.47,145.83,417,4.582,32.08,139,95,3.167,22.17,95,175,2025-10-13,2026-04-10,MFCASHESM,MF - Nuts,Cashews - Organic & Activated SML (120g),127,146,139,95,-24.97%
MFSESASSM,Sesame Seeds - Organic SML (140g),871,4.76,33.32,145.17,454,4.989,34.92,151.33,86,2.867,20.07,86,170,2025-10-12,2026-04-10,MFSESASSM,MF - Pantry,Sesame Seeds - Organic SML (140g),128,145,151,86,-32.55%
MFPECANSM,Pecans - Organic & Activated SML (90g),844,4.612,32.28,140.67,434,4.769,33.38,144.67,110,3.667,25.67,110,198,2025-10-12,2026-04-10,MFPECANSM,MF - Nuts,Pecans - Organic & Activated SML (90g),132,141,145,110,-16.53%
1TO,Picked Tom,828,4.525,31.67,138.00,301,3.308,23.15,100.33,83,2.767,19.37,83,817,2025-10-12,2026-04-10,1TO,Staff & Labour,Picked Tom,107,138,100,83,-22.51%
MMCAROBCHILLI,Maple Moon - Cayenne Chilli Carob Bar 90g,818,4.47,31.29,136.33,398,4.374,30.62,132.67,121,4.033,28.23,121,110,2025-10-13,2026-04-10,MMCAROBCHILLI,TBC - Maple Moon,Maple Moon - Cayenne Chilli Carob Bar 90g,130,136,133,121,-6.92%
EHBC250,Etre Health - 250g Beauty & Digest -Bovine Collagen,813,4.443,31.10,135.50,373,4.099,28.69,124.33,135,4.5,31.5,135,207,2025-10-13,2026-04-10,EHBC250,TBC - Etre Health,Etre Health - 250g Beauty & Digest -Bovine Collagen,132,136,124,135,2.58%
IH-BLKSDOIL200,Immortal Health - Black Seed Oil 200ml,809,4.421,30.95,134.83,544,5.978,41.85,181.33,295,9.833,68.83,295,145,2025-10-13,2026-04-10,IH-BLKSDOIL200,TBC - Immortal Health,Immortal Health - Black Seed Oil 200ml,204,135,181,295,44.81%
SC250G,Sacred Taste Cacao Ceremony - Ceremonial Cacao 250g,805,4.399,30.79,134.17,412,4.527,31.69,137.33,109,3.633,25.43,109,210,2025-10-13,2026-04-10,SC250G,TBC - Sacred Taste Cacao,Sacred Taste Cacao Ceremony - Ceremonial Cacao 250g,127,134,137,109,-14.06%
MFLAVENME,Lavender MED (60g),797,4.355,30.49,132.83,525,5.769,40.38,175,142,4.733,33.13,142,215,2025-10-13,2026-04-10,MFLAVENME,MF - Tea,Lavender MED (60g),150,133,175,142,-5.30%
MFTERIMLG,Munchies Teriyaki - Organic & Activated LRG (400g),794,4.339,30.37,132.33,416,4.571,32,138.67,93,3.1,21.7,93,207,2025-10-13,2026-04-10,MFTERIMLG,MF - Munchies,Munchies Teriyaki - Organic & Activated LRG (400g),121,132,139,93,-23.35%
1CP,Picked Clinton,779,4.257,29.80,129.83,285,3.132,21.92,95,68,2.267,15.87,68,779,2025-10-13,2026-04-10,1CP,Staff & Labour,Picked Clinton,98,130,95,68,-30.34%
MFMIXENXL,Mixed Nuts - Organic & Activated XLRG (1kg),776,4.24,29.68,129.33,422,4.637,32.46,140.67,150,5,35,150,310,2025-10-12,2026-04-10,MFMIXENXL,MF - Nuts,Mixed Nuts - Organic & Activated XLRG (1kg),140,129,141,150,7.14%
MFKBBQMSM,Munchies Korean BBQ - Organic & Activated SML (100g) DISCONTINUED,766,4.186,29.30,127.67,185,2.033,14.23,61.67,0,0,0,0,117,2025-10-13,2026-02-04,MFKBBQMSM,MF - Munchies,Munchies Korean BBQ - Organic & Activated SML (100g) DISCONTINUED,95,128,62,0,-100.00%
SEM-CC-100-BLK,Sacred Earth Medicine Ceremonial Cacao Block 100g,765,4.18,29.26,127.50,419,4.604,32.23,139.67,140,4.667,32.67,140,163,2025-10-14,2026-04-08,SEM-CC-100-BLK,TBC - Sacred Earth Medicine,Sacred Earth Medicine Ceremonial Cacao Block 100g,136,128,140,140,3.15%
MYCROLM100,Lion’s Mane 100ml - Mycro,761,4.158,29.11,126.83,375,4.121,28.85,125,93,3.1,21.7,93,202,2025-10-13,2026-04-10,MYCROLM100,TBC - Mycro,Lion’s Mane 100ml - Mycro,115,127,125,93,-19.09%
EC-PISTPURE200,Pure Pistachio 200g,755,4.126,28.88,125.83,385,4.231,29.62,128.33,175,5.833,40.83,175,175,2025-10-13,2026-04-10,EC-PISTPURE200,TBC - Essential Creme,Pure Pistachio 200g,143,126,128,175,22.33%
MFMULLEME,Mullein Leaf MED - Organic 60g,749,4.093,28.65,124.83,388,4.264,29.85,129.33,0,0,0,0,132,2025-10-11,2026-03-05,MFMULLEME,MF - Tea,Mullein Leaf MED - Organic 60g,127,125,129,0,-100.00%
BBCCA13D,BBCC- Organic Espresso Whole Bean 250g,747,4.082,28.57,124.50,387,4.253,29.77,129,156,5.2,36.4,156,97,2025-10-16,2026-04-10,BBCCA13D,TBC - Byron Bay Coffee Company,BBCC- Organic Espresso Whole Bean 250g,137,125,129,156,14.29%
MYCROLM30,Lion’s Mane 30ml - Mycro,742,4.055,28.38,123.67,358,3.934,27.54,119.33,150,5,35,150,221,2025-10-13,2026-04-10,MYCROLM30,TBC - Mycro,Lion’s Mane 30ml - Mycro,131,124,119,150,14.50%
1AH,Picked Alanna,736,4.022,28.15,122.67,307,3.374,23.62,102.33,67,2.233,15.63,67,737,2025-10-11,2026-03-27,1AH,Staff & Labour,Picked Alanna,97,123,102,67,-31.16%
DC-ACC,Totopos! Avocado Oil White Corn Chips 170g Bag x 12,731,3.995,27.96,121.83,405,4.451,31.15,135,141,4.7,32.9,141,424,2025-10-13,2026-04-10,DC-ACC,TBC - Dona Cholita,Totopos! Avocado Oil White Corn Chips 170g Bag x 12,133,122,135,141,6.33%
MFIMMUNSM,ImmuniTea - Organic Herbal Tea SML (50g),706,3.858,27.01,117.67,414,4.549,31.85,138,92,3.067,21.47,92,188,2025-10-13,2026-04-10,MFIMMUNSM,MF - Tea,ImmuniTea - Organic Herbal Tea SML (50g),116,118,138,92,-20.61%
MFYERBAME,Yerba Maté MED - Organic 150g,705,3.852,26.97,117.50,442,4.857,34,147.33,117,3.9,27.3,117,193,2025-10-13,2026-04-10,MFYERBAME,MF - Tea,Yerba Maté MED - Organic 150g,127,118,147,117,-8.07%
MFMACARME,Raw Macadamias MED - Organic 260g,698,3.814,26.70,116.33,298,3.275,22.92,99.33,48,1.6,11.2,48,180,2025-10-14,2026-04-10,MFMACARME,MF - Nuts,Raw Macadamias MED - Organic 260g,88,116,99,48,-45.38%
3LD,Processed Lachlan,695,3.798,26.58,115.83,237,2.604,18.23,79,89,2.967,20.77,89,695,2025-10-12,2026-04-09,3LD,Staff & Labour,Processed Lachlan,95,116,79,89,-5.93%
NT-FRANKFACE-45,Frank Face Balm 45g - Naked Tallow,689,3.765,26.36,114.83,320,3.516,24.62,106.67,94,3.133,21.93,94,212,2025-10-14,2026-04-10,NT-FRANKFACE-45,TBC - Naked Tallow,Frank Face Balm 45g - Naked Tallow,105,115,107,94,-10.62%
MFPEPPEME,Peppermint - MED - 60g,685,3.743,26.20,114.17,431,4.736,33.15,143.67,121,4.033,28.23,121,152,2025-11-10,2026-04-10,MFPEPPEME,MF - Tea,Peppermint - MED - 60g,126,114,144,121,-4.18%
MFBKCHOCB9,Chocolate Buckies BULK (9kg),679,3.71,25.97,113.17,364,4,28,121.33,155,5.167,36.17,155,273,2025-10-13,2026-04-10,MFBKCHOCB9,MF - Buckies,Chocolate Buckies BULK (9kg),130,113,121,155,19.38%
MFMACARSM,Raw Macadamias SML - Organic 125g DISCONTINUED,678,3.705,25.93,113.00,306,3.363,23.54,102,0,0,0,0,148,2025-10-12,2026-02-26,MFMACARSM,MF - Nuts,Raw Macadamias SML - Organic 125g DISCONTINUED,108,113,102,0,-100.00%
IH-BLKSDOIL100,Immortal Health - Black Seed Oil 100ml,677,3.699,25.90,112.83,427,4.692,32.85,142.33,238,7.933,55.53,238,148,2025-10-13,2026-04-10,IH-BLKSDOIL100,TBC - Immortal Health,Immortal Health - Black Seed Oil 100ml,164,113,142,238,44.78%
MFWALNUXL,Walnuts - Organic & Activated XLRG (1kg),673,3.678,25.74,112.17,365,4.011,28.08,121.67,111,3.7,25.9,111,328,2025-10-11,2026-04-10,MFWALNUXL,MF - Nuts,Walnuts - Organic & Activated XLRG (1kg),115,112,122,111,-3.43%
EHMC200,Etre Health - 200g Glow & Beauty - Marine Collagen,672,3.672,25.70,112.00,312,3.429,24,104,130,4.333,30.33,130,213,2025-10-13,2026-04-10,EHMC200,TBC - Etre Health,Etre Health - 200g Glow & Beauty - Marine Collagen,115,112,104,130,12.72%
MFCHERRME,Cherries MED (310g),668,3.65,25.55,111.33,373,4.099,28.69,124.33,90,3,21,90,184,2025-10-12,2026-04-10,MFCHERRME,MF - Pantry,Cherries MED (310g),109,111,124,90,-17.09%
TLWYC100,Wild Yam Cream - Tre Lune - 100g,660,3.607,25.25,110.00,418,4.593,32.15,139.33,179,5.967,41.77,179,212,2025-10-13,2026-04-10,TLWYC100,TBC - Tre Lune,Wild Yam Cream - Tre Lune - 100g,143,110,139,179,25.37%
MFTAMARLG,Tamari Almonds - Organic & Activated LRG (500g),626,3.421,23.95,104.33,318,3.495,24.46,106,141,4.7,32.9,141,205,2025-10-12,2026-04-10,MFTAMARLG,MF - Munchies,Tamari Almonds - Organic & Activated LRG (500g),117,104,106,141,20.40%
MFMIXENINFYSM,"""I'm Nuts For You""  - Mixed Nuts - Organic & Activated SML (120g)",617,3.372,23.60,102.83,374,4.11,28.77,124.67,155,5.167,36.17,155,104,2025-10-14,2026-04-10,MFMIXENINFYSM,MF - Nuts,"""I'm Nuts For You""  - Mixed Nuts - Organic & Activated SML (120g)",128,103,125,155,21.57%
NT-GINGER-80,Naked Tallow - With Spice Tallow Cream 80g,617,3.372,23.60,102.83,317,3.484,24.38,105.67,137,4.567,31.97,137,160,2025-11-11,2026-04-10,NT-GINGER-80,TBC - Naked Tallow,Naked Tallow - With Spice Tallow Cream 80g,115,103,106,137,18.96%
MFKBBQMLG,Munchies Korean BBQ - Organic & Activated LRG (420g),600,3.279,22.95,100.00,295,3.242,22.69,98.33,119,3.967,27.77,119,160,2025-10-13,2026-04-10,MFKBBQMLG,MF - Munchies,Munchies Korean BBQ - Organic & Activated LRG (420g),106,100,98,119,12.50%
EC-HAZCRCH200,Hazelnut Crunch Spread 200g,595,3.251,22.76,99.17,358,3.934,27.54,119.33,147,4.9,34.3,147,139,2025-10-14,2026-04-10,EC-HAZCRCH200,TBC - Essential Creme,Hazelnut Crunch Spread 200g,122,99,119,147,20.66%
MFGARLPSM,Garlic Powder - Organic SML (100g),593,3.24,22.68,98.83,400,4.396,30.77,133.33,125,4.167,29.17,125,131,2025-10-12,2026-04-10,MFGARLPSM,MF - Pantry,Garlic Powder - Organic SML (100g),119,99,133,125,4.99%
BBPB-CR-NOSALT,Peanut Butter - Crunchy (Unsalted),587,3.208,22.45,97.83,289,3.176,22.23,96.33,150,5,35,150,77,2025-10-13,2026-04-09,BBPB-CR-NOSALT,TBC - Byron Bay Peanut Butter Co,Peanut Butter - Crunchy (Unsalted),115,98,96,150,30.75%
SOSGGF450G,Sol Ghee Grass Fed 450g,583,3.186,22.30,97.17,286,3.143,22,95.33,120,4,28,120,122,2025-10-16,2026-04-10,SOSGGF450G,TBC - Sol Organics,Sol Ghee Grass Fed 450g,104,97,95,120,15.20%
MC-Cinn-8pcs,Mast Chew Cinnamon - 12x Sleeves of 8pcs,583,3.186,22.30,97.17,115,1.264,8.85,38.33,16,0.533,3.73,16,70,2025-10-13,2026-04-10,MC-Cinn-8pcs,TBC - Mast Chew,Mast Chew Cinnamon - 12x Sleeves of 8pcs,51,97,38,16,-68.32%
MFSUNFSLG,Sunflower Seeds - Activated & Organic LRG (500g),561,3.066,21.46,93.50,261,2.868,20.08,87,35,1.167,8.17,35,192,2025-10-12,2026-04-10,MFSUNFSLG,MF - Pantry,Sunflower Seeds - Activated & Organic LRG (500g),72,94,87,35,-51.28%
MC-Mint-16pcs,Mast Chew Mint LRG - 6x Boxes of 16pcs,557,3.044,21.31,92.83,155,1.703,11.92,51.67,21,0.7,4.9,21,93,2025-10-17,2026-04-10,MC-Mint-16pcs,TBC - Mast Chew,Mast Chew Mint LRG - 6x Boxes of 16pcs,55,93,52,21,-61.93%
SEM-CC-200-BLK,Sacred Earth Medicine Ceremonial Cacao Block 200g,553,3.022,21.15,92.17,251,2.758,19.31,83.67,103,3.433,24.03,103,129,2025-10-14,2026-04-10,SEM-CC-200-BLK,TBC - Sacred Earth Medicine,Sacred Earth Medicine Ceremonial Cacao Block 200g,93,92,84,103,10.82%
MFJASMIME,Jasmine Buds MED (55g),549,3,21.00,91.50,280,3.077,21.54,93.33,87,2.9,20.3,87,160,2025-10-13,2026-04-09,MFJASMIME,MF - Tea,Jasmine Buds MED (55g),91,92,93,87,-3.98%
SOSGGF275G,Sol Ghee Grass Fed 275g,547,2.989,20.92,91.17,271,2.978,20.85,90.33,84,2.8,19.6,84,108,2025-10-14,2026-04-10,SOSGGF275G,TBC - Sol Organics,Sol Ghee Grass Fed 275g,89,91,90,84,-5.08%
2CD,Packed Calem,547,2.989,20.92,91.17,344,3.78,26.46,114.67,197,6.567,45.97,197,546,2025-10-13,2026-04-10,2CD,Staff & Labour,Packed Calem,134,91,115,197,46.71%
MFWILDCME,Wildfire Cashews - Organic & Activated MED  (280g),546,2.984,20.89,91.00,517,5.681,39.77,172.33,242,8.067,56.47,242,140,2026-01-07,2026-04-10,MFWILDCME,MF - Munchies,Wildfire Cashews - Organic & Activated MED  (280g),168,91,172,242,43.67%
EC-PISTCRCH200,Crunchy Pistachio Spread 200g,546,2.984,20.89,91.00,249,2.736,19.15,83,95,3.167,22.17,95,130,2025-10-13,2026-04-10,EC-PISTCRCH200,TBC - Essential Creme,Crunchy Pistachio Spread 200g,90,91,83,95,5.95%
MFTAMARME,Tamari Almonds - Organic & Activated MED (250g),543,2.967,20.77,90.50,517,5.681,39.77,172.33,158,5.267,36.87,158,140,2026-01-07,2026-04-10,MFTAMARME,MF - Munchies,Tamari Almonds - Organic & Activated MED (250g),140,91,172,158,12.63%
MFWILDCLG,Wildfire Cashews - Organic & Activated LRG  (550g),541,2.956,20.69,90.17,253,2.78,19.46,84.33,75,2.5,17.5,75,174,2025-10-14,2026-04-09,MFWILDCLG,MF - Munchies,Wildfire Cashews - Organic & Activated LRG  (550g),83,90,84,75,-9.82%
SDYELLOLG,"STARDUST Yellow ""Anti-Inflammatory"" - Organic LRG (520g)",538,2.94,20.58,89.67,348,3.824,26.77,116,77,2.567,17.97,77,197,2025-10-13,2026-04-10,SDYELLOLG,Stardust,"STARDUST Yellow ""Anti-Inflammatory"" - Organic LRG (520g)",94,90,116,77,-18.28%
MFMESQPSM,Mesquite Powder - Organic - SML - 140g,526,2.874,20.12,87.67,300,3.297,23.08,100,79,2.633,18.43,79,150,2025-10-13,2026-04-10,MFMESQPSM,MF - Pantry,Mesquite Powder - Organic - SML - 140g,89,88,100,79,-11.13%
MFGINGRME,Ginger Root - MED - 220g,524,2.863,20.04,87.33,297,3.264,22.85,99,57,1.9,13.3,57,141,2025-10-12,2026-04-08,MFGINGRME,MF - Tea,Ginger Root - MED - 220g,81,87,99,57,-29.73%
LCLMDE120,Life Cykel - Double Extract - Lion's Mane 120ml,521,2.847,19.93,86.83,240,2.637,18.46,80,69,2.3,16.1,69,150,2025-10-13,2026-04-08,LCLMDE120,TBC - Life Cykel,Life Cykel - Double Extract - Lion's Mane 120ml,79,87,80,69,-12.22%
MFBLUBUME,Blue Butterfly Pea Flowers MED - Organic 50g DISCONTINUED,521,2.847,19.93,86.83,205,2.253,15.77,68.33,0,0,0,0,116,2025-11-17,2026-02-10,MFBLUBUME,MF - Tea,Blue Butterfly Pea Flowers MED - Organic 50g DISCONTINUED,78,87,68,0,-100.00%
MFCHIASLG,Chia Seeds - Organic LRG (700g),520,2.842,19.89,86.67,114,1.253,8.77,38,63,2.1,14.7,63,139,2025-10-11,2026-04-10,MFCHIASLG,MF - Pantry,Chia Seeds - Organic LRG (700g),63,87,38,63,0.71%
HPShil50g,Purest Himalayan Power Shilajit Resin - Gold Grade - 50g,512,2.798,19.58,85.33,259,2.846,19.92,86.33,64,2.133,14.93,64,145,2025-10-14,2026-04-10,HPShil50g,TBC - Himalayan Power Shilajit,Purest Himalayan Power Shilajit Resin - Gold Grade - 50g,79,85,86,64,-18.53%
MC-Mint-8pcs,Mast Chew Mint - 12x Sleeves of 8pcs,509,2.781,19.47,84.83,89,0.978,6.85,29.67,14,0.467,3.27,14,62,2025-10-13,2026-04-10,MC-Mint-8pcs,TBC - Mast Chew,Mast Chew Mint - 12x Sleeves of 8pcs,43,85,30,14,-67.32%
MFBLPEPSM,Black Pepper (Whole) - Organic SML (130g),509,2.781,19.47,84.83,210,2.308,16.15,70,35,1.167,8.17,35,137,2025-10-12,2026-04-10,MFBLPEPSM,MF - Pantry,Black Pepper (Whole) - Organic SML (130g),63,85,70,35,-44.69%
BBPB-SM-NOSALT,Peanut Butter - Smooth (Unsalted),509,2.781,19.47,84.83,241,2.648,18.54,80.33,95,3.167,22.17,95,76,2025-10-13,2026-04-09,BBPB-SM-NOSALT,TBC - Byron Bay Peanut Butter Co,Peanut Butter - Smooth (Unsalted),87,85,80,95,9.55%
MFHEMPSME,Hemp Seeds (Tasmanian) - Insecticide-Free MED (300g),509,2.781,19.47,84.83,248,2.725,19.08,82.67,37,1.233,8.63,37,176,2025-10-12,2026-03-24,MFHEMPSME,MF - Pantry,Hemp Seeds (Tasmanian) - Insecticide-Free MED (300g),68,85,83,37,-45.72%
EC-PISTMATC200,Pistachio Matcha Spread 200g,500,2.732,19.13,83.33,192,2.11,14.77,64,113,3.767,26.37,113,96,2025-10-14,2026-04-10,EC-PISTMATC200,TBC - Essential Creme,Pistachio Matcha Spread 200g,87,83,64,113,30.22%
1IA,Picked Ines,493,2.694,18.86,82.17,493,5.418,37.92,164.33,339,11.3,79.1,339,493,2026-01-23,2026-04-10,1IA,Staff & Labour,Picked Ines,252,82,164,339,34.70%
MFPASSIME,Passionflower MED (80g),493,2.694,18.86,82.17,290,3.187,22.31,96.67,71,2.367,16.57,71,151,2025-10-14,2026-04-10,MFPASSIME,MF - Tea,Passionflower MED (80g),83,82,97,71,-14.75%
MFGOLDGSM,Golden Granola - Organic & Activated SML (200g) DISCONTINUED,491,2.683,18.78,81.83,191,2.099,14.69,63.67,12,0.4,2.8,12,119,2025-10-15,2026-03-19,MFGOLDGSM,MF - Granola,Golden Granola - Organic & Activated SML (200g) DISCONTINUED,53,82,64,12,-77.14%
MFLINSEME,Golden Linseed (Flaxseed) - Organic MED (350g),489,2.672,18.70,81.50,265,2.912,20.38,88.33,64,2.133,14.93,64,127,2025-10-14,2026-04-10,MFLINSEME,MF - Pantry,Golden Linseed (Flaxseed) - Organic MED (350g),78,82,88,64,-17.89%
SDRHODISM,STARDUST Rhodiola Rosea 20:1 Extract Powder SML (120g),488,2.667,18.67,81.33,229,2.516,17.62,76.33,31,1.033,7.23,31,157,2025-10-12,2026-04-10,SDRHODISM,Stardust - Adaptogen,STARDUST Rhodiola Rosea 20:1 Extract Powder SML (120g),63,81,76,31,-50.70%
MFDMTEASM,DMTea - Organic Herbal Tea SML (50g),486,2.656,18.59,81.00,264,2.901,20.31,88,42,1.4,9.8,42,132,2025-10-14,2026-04-09,MFDMTEASM,MF - Tea,DMTea - Organic Herbal Tea SML (50g),70,81,88,42,-40.28%
MFLIQUOME,Liquorice Root MED (200g),483,2.639,18.48,80.50,287,3.154,22.08,95.67,74,2.467,17.27,74,155,2025-10-13,2026-04-08,MFLIQUOME,MF - Tea,Liquorice Root MED (200g),83,81,96,74,-11.26%
MFRASLFME,Raspberry Leaf MED - Organic 50g,481,2.628,18.40,80.17,285,3.132,21.92,95,79,2.633,18.43,79,131,2025-10-13,2026-04-10,MFRASLFME,MF - Tea,Raspberry Leaf MED - Organic 50g,85,80,95,79,-6.76%
NSC-BROAD-100g,Natural Sun Co - Broad Spectrum - Organic Mineral Sunscreen SPF50 100g,476,2.601,18.21,79.33,119,1.308,9.15,39.67,27,0.9,6.3,27,93,2025-10-20,2026-03-23,NSC-BROAD-100g,TBC - Natural Sun Co,Natural Sun Co - Broad Spectrum - Organic Mineral Sunscreen SPF50 100g,49,79,40,27,-44.52%
SEM-CC-400-BLK,Sacred Earth Medicine Ceremonial Cacao Block 400g,474,2.59,18.13,79.00,226,2.484,17.38,75.33,63,2.1,14.7,63,96,2025-10-14,2026-04-10,SEM-CC-400-BLK,TBC - Sacred Earth Medicine,Sacred Earth Medicine Ceremonial Cacao Block 400g,72,79,75,63,-13.04%
PTAB50,Pyewackets Traditional - Aromatic Digestive Bitters 50ml,472,2.579,18.05,78.67,307,3.374,23.62,102.33,117,3.9,27.3,117,145,2025-10-13,2026-04-10,PTAB50,TBC - Pyewackets Traditional,Pyewackets Traditional - Aromatic Digestive Bitters 50ml,99,79,102,117,17.79%
EHNG400,Etre Health - Australian Grass-fed Natural Gelatin 400g,470,2.568,17.98,78.33,246,2.703,18.92,82,78,2.6,18.2,78,149,2025-10-14,2026-04-10,EHNG400,TBC - Etre Health,Etre Health - Australian Grass-fed Natural Gelatin 400g,79,78,82,78,-1.82%
LDLTAL5087,Local Dorper Lamb - Lamb Tallow Jar 540g,467,2.552,17.86,77.83,240,2.637,18.46,80,77,2.567,17.97,77,115,2025-10-13,2026-04-10,LDLTAL5087,TBC - Local Dorper Lamb Tallow,Local Dorper Lamb - Lamb Tallow Jar 540g,78,78,80,77,-1.63%
BV-H2rasp30,H2 Molecular Hydrogen - Raspberry Flavour - 30 tablets,461,2.519,17.63,76.83,248,2.725,19.08,82.67,61,2.033,14.23,61,120,2025-10-14,2026-04-10,BV-H2rasp30,TBC - Blueprint Vitality,H2 Molecular Hydrogen - Raspberry Flavour - 30 tablets,74,77,83,61,-17.01%
MFMULLESM,Mullein Leaf SML - Organic 30g,459,2.508,17.56,76.50,166,1.824,12.77,55.33,0,0,0,0,68,2025-10-14,2026-02-11,MFMULLESM,MF - Pantry,Mullein Leaf SML - Organic 30g,66,77,55,0,-100.00%
SE250G,Sacred Taste Cacao Earth - Original Cacao 250g,458,2.503,17.52,76.33,221,2.429,17,73.67,52,1.733,12.13,52,146,2025-10-13,2026-04-10,SE250G,TBC - Sacred Taste Cacao,Sacred Taste Cacao Earth - Original Cacao 250g,67,76,74,52,-22.77%
EC-HAZCOCO200,Hazelnut Coconut Rough Spread 200g,456,2.492,17.44,76.00,259,2.846,19.92,86.33,99,3.3,23.1,99,102,2025-10-15,2026-04-10,EC-HAZCOCO200,TBC - Essential Creme,Hazelnut Coconut Rough Spread 200g,87,76,86,99,13.65%
BBCCA12D,BBCC- Organic Espresso Ground 250g,454,2.481,17.37,75.67,183,2.011,14.08,61,90,3,21,90,59,2025-10-13,2026-04-10,BBCCA12D,TBC - Byron Bay Coffee Company,BBCC- Organic Espresso Ground 250g,76,76,61,90,19.12%
BG-OG-12pack,Be Gutsy - Original - 1 pack of 12x 10g sachets,449,2.454,17.17,74.83,449,4.934,34.54,149.67,211,7.033,49.23,211,67,2026-02-04,2026-04-10,BG-OG-12pack,TBC - Be Gutsy,Be Gutsy - Original - 1 pack of 12x 10g sachets,180,75,150,211,17.00%
MYCROZEROLM30,Zero Alcohol Lion’s Mane 30ml - Mycro,446,2.437,17.06,74.33,186,2.044,14.31,62,52,1.733,12.13,52,129,2025-10-13,2026-04-10,MYCROZEROLM30,TBC - Mycro,Zero Alcohol Lion’s Mane 30ml - Mycro,63,74,62,52,-17.17%
FSHROBSM,FUNGI Shroom Bloom 20:1 Extract Powder SML (100g),440,2.404,16.83,73.33,206,2.264,15.85,68.67,138,4.6,32.2,138,153,2025-10-13,2026-04-09,FSHROBSM,Fungi,FUNGI Shroom Bloom 20:1 Extract Powder SML (100g),93,73,69,138,47.86%
BG-GT-12pack,"Be Gutsy - Ginger, Turmeric & Black Pepper - 1 pack of 12x 10g sachets",439,2.399,16.79,73.17,439,4.824,33.77,146.33,225,7.5,52.5,225,68,2026-02-04,2026-04-10,BG-GT-12pack,TBC - Be Gutsy,"Be Gutsy - Ginger, Turmeric & Black Pepper - 1 pack of 12x 10g sachets",186,73,146,225,21.19%
1JO,Picked Jolene,436,2.383,16.68,72.67,175,1.923,13.46,58.33,11,0.367,2.57,11,436,2025-11-06,2026-03-31,1JO,Staff & Labour,Picked Jolene,47,73,58,11,-76.76%
SL250G,Sacred Taste Cacao Love - Rose Cacao 250g,434,2.372,16.60,72.33,228,2.505,17.54,76,65,2.167,15.17,65,125,2025-10-14,2026-04-10,SL250G,TBC - Sacred Taste Cacao,Sacred Taste Cacao Love - Rose Cacao 250g,71,72,76,65,-8.59%
MFDATESLG,Dates (Pitted) - Organic LRG (600g),433,2.366,16.56,72.17,237,2.604,18.23,79,83,2.767,19.37,83,154,2025-10-12,2026-04-09,MFDATESLG,MF - Pantry,Dates (Pitted) - Organic LRG (600g),78,72,79,83,6.33%
MFSPEARME,Spearmint MED (70g),432,2.361,16.52,72.00,249,2.736,19.15,83,14,0.467,3.27,14,109,2025-11-11,2026-03-16,MFSPEARME,MF - Tea,Spearmint MED (70g),56,72,83,14,-75.15%
MFPSYHUME,Psyllium Husk MED - Organic 200g,427,2.333,16.33,71.17,218,2.396,16.77,72.67,78,2.6,18.2,78,124,2025-10-13,2026-03-31,MFPSYHUME,MF - Pantry,Psyllium Husk MED - Organic 200g,74,71,73,78,5.48%
SDPCARALG,"STARDUST Plant Protein CARAMEL - Organic LRG (380g)
DISCONTINUED",425,2.322,16.26,70.83,177,1.945,13.62,59,0,0,0,0,157,2025-10-11,2026-03-03,SDPCARALG,Stardust - Protein,"STARDUST Plant Protein CARAMEL - Organic LRG (380g)
DISCONTINUED",65,71,59,0,-100.00%
MC-STRB-8pcs,Mast Chew Strawberry - 12x Sleeves of 8pcs,424,2.317,16.22,70.67,112,1.231,8.62,37.33,12,0.4,2.8,12,57,2025-10-17,2026-04-09,MC-STRB-8pcs,TBC - Mast Chew,Mast Chew Strawberry - 12x Sleeves of 8pcs,40,71,37,12,-70.00%
MC-OGMT-8pcs,Mast Chew Original and Mint - 12x Sleeves of 8pcs,423,2.311,16.18,70.50,63,0.692,4.85,21,19,0.633,4.43,19,48,2025-10-17,2026-04-10,MC-OGMT-8pcs,TBC - Mast Chew,Mast Chew Original and Mint - 12x Sleeves of 8pcs,37,71,21,19,-48.42%
NT-BABYBALM-45,Naked Tallow Baby - Baby Body Balm 45g,422,2.306,16.14,70.33,161,1.769,12.38,53.67,44,1.467,10.27,44,154,2025-10-13,2026-04-10,NT-BABYBALM-45,TBC - Naked Tallow,Naked Tallow Baby - Baby Body Balm 45g,56,70,54,44,-21.43%
MFALMONXL,Almonds - Organic & Activated XLRG (1kg),415,2.268,15.87,69.17,215,2.363,16.54,71.67,64,2.133,14.93,64,208,2025-10-11,2026-04-09,MFALMONXL,MF - Nuts,Almonds - Organic & Activated XLRG (1kg),68,69,72,64,-6.27%
MFGOCHUME,Gochugaru MED (220g),414,2.262,15.84,69.00,240,2.637,18.46,80,61,2.033,14.23,61,107,2025-10-14,2026-04-09,MFGOCHUME,MF - Pantry,Gochugaru MED (220g),70,69,80,61,-12.86%
2I,packed isaac,408,2.23,15.61,68.00,318,3.495,24.46,106,11,0.367,2.57,11,395,2025-10-13,2026-03-13,2I,Staff & Labour,packed isaac,62,68,106,11,-82.16%
MC-Orig-8pcs,Mast Chew Original - 12x Sleeves of 8pcs,403,2.202,15.42,67.17,67,0.736,5.15,22.33,6,0.2,1.4,6,48,2025-10-16,2026-03-31,MC-Orig-8pcs,TBC - Mast Chew,Mast Chew Original - 12x Sleeves of 8pcs,32,67,22,6,-81.15%
WALNUTOIL-FLYER,Omega Walnut Oil - Flyer,400,2.186,15.30,66.67,0,0,0,0,0,0,0,0,8,2025-10-20,2025-10-31,WALNUTOIL-FLYER,TBC - POS,Omega Walnut Oil - Flyer,33,67,0,0,-100.00%
OH-CONSC-750,"Kakadu Kitchen x OzHarvest 'Conscious Drink' - Rescued Blueberry, Native Lemongrass & Saltbush -750ml",396,2.164,15.15,66.00,252,2.769,19.38,84,78,2.6,18.2,78,53,2025-11-07,2026-04-09,OH-CONSC-750,TBC - OH! OzHarvest Ventures,"Kakadu Kitchen x OzHarvest 'Conscious Drink' - Rescued Blueberry, Native Lemongrass & Saltbush -750ml",76,66,84,78,2.63%
MFTULSIME,Tulsi MED (50g),394,2.153,15.07,65.67,207,2.275,15.92,69,62,2.067,14.47,62,120,2025-10-13,2026-04-10,MFTULSIME,MF - Tea,Tulsi MED (50g),66,66,69,62,-5.43%
BPAKM400,Berkelo Pasta - Sourdough Pasta Khorasan Macaroni 400g,394,2.153,15.07,65.67,258,2.835,19.85,86,131,4.367,30.57,131,61,2025-10-13,2026-04-08,BPAKM400,TBC - Berkelo Pasta,Berkelo Pasta - Sourdough Pasta Khorasan Macaroni 400g,94,66,86,131,39.03%
NSC-KIDS-100g,Natural Sun Co - Kids - Organic Mineral Sunscreen SPF50 100g,391,2.137,14.96,65.17,138,1.516,10.62,46,10,0.333,2.33,10,66,2025-10-20,2026-03-20,NSC-KIDS-100g,TBC - Natural Sun Co,Natural Sun Co - Kids - Organic Mineral Sunscreen SPF50 100g,40,65,46,10,-75.24%
MFENGLBME,English Breakfast MED (90g),390,2.131,14.92,65.00,216,2.374,16.62,72,55,1.833,12.83,55,111,2025-10-13,2026-04-10,MFENGLBME,MF - Tea,English Breakfast MED (90g),64,65,72,55,-14.06%
MC-Zero-16pcs,Mast Chew Zero LRG - 6x Boxes of 16pcs,389,2.126,14.88,64.83,100,1.099,7.69,33.33,15,0.5,3.5,15,73,2025-10-20,2026-04-10,MC-Zero-16pcs,TBC - Mast Chew,Mast Chew Zero LRG - 6x Boxes of 16pcs,38,65,33,15,-60.23%
BBCCB6AD,BBCC - Organic Espresso Whole Bean 500g,383,2.093,14.65,63.83,204,2.242,15.69,68,84,2.8,19.6,84,54,2025-10-13,2026-04-01,BBCCB6AD,TBC - Byron Bay Coffee Company,BBCC - Organic Espresso Whole Bean 500g,72,64,68,84,16.76%
SOSGGF1KG,Sol Ghee Grass Fed 1kg,381,2.082,14.57,63.50,211,2.319,16.23,70.33,47,1.567,10.97,47,77,2025-10-14,2026-04-10,SOSGGF1KG,TBC - Sol Organics,Sol Ghee Grass Fed 1kg,60,64,70,47,-22.03%
MFCHIASSM,Chia Seeds - Organic SML (175g) DISCONTINUED,375,2.049,14.34,62.50,105,1.154,8.08,35,1,0.033,0.23,1,73,2025-10-16,2026-03-26,MFCHIASSM,MF - Pantry,Chia Seeds - Organic SML (175g) DISCONTINUED,33,63,35,1,-96.95%
1CD,Picked Calem,373,2.038,14.27,62.17,150,1.648,11.54,50,25,0.833,5.83,25,373,2025-10-13,2026-04-10,1CD,Staff & Labour,Picked Calem,46,62,50,25,-45.32%
WSOG24,Naturally Driven Sparkling Yerba Maté Original Flavour,368,2.011,14.08,61.33,286,3.143,22,95.33,110,3.667,25.67,110,26,2025-12-15,2026-04-09,WSOG24,TBC - Naturally Driven,Naturally Driven Sparkling Yerba Maté Original Flavour,89,61,95,110,23.75%
MC-Zero-8pcs,Mast Chew Zero - 12x Sleeves of 8pcs,365,1.995,13.96,60.83,77,0.846,5.92,25.67,0,0,0,0,31,2025-10-13,2026-03-04,MC-Zero-8pcs,TBC - Mast Chew,Mast Chew Zero - 12x Sleeves of 8pcs,43,61,26,0,-100.00%
TL-Castor200,Tre Lune - Castor Oil 200ml - Organic Cold-Pressed,360,1.967,13.77,60.00,231,2.538,17.77,77,77,2.567,17.97,77,84,2025-10-14,2026-04-10,TL-Castor200,TBC - Tre Lune,Tre Lune - Castor Oil 200ml - Organic Cold-Pressed,71,60,77,77,7.94%
2JB,Packed Jayke,359,1.962,13.73,59.83,0,0,0,0,0,0,0,0,359,2025-10-12,2025-12-19,2JB,Staff & Labour,Packed Jayke,30,60,0,0,-100.00%
SIS-MagBottle-30ml,SISUU Magnesium Spray 30ml Dream Easy,352,1.923,13.46,58.67,179,1.967,13.77,59.67,68,2.267,15.87,68,97,2025-10-13,2026-04-10,SIS-MagBottle-30ml,TBC - SISUU,SISUU Magnesium Spray 30ml Dream Easy,62,59,60,68,9.48%
CP-LIP-STRW-6g,Clean & Pure - Tinted Strawberry Lip Balm Tube 6g,349,1.907,13.35,58.17,262,2.879,20.15,87.33,95,3.167,22.17,95,47,2025-12-05,2026-04-07,CP-LIP-STRW-6g,TBC - Clean & Pure,Clean & Pure - Tinted Strawberry Lip Balm Tube 6g,80,58,87,95,18.50%
MFHAZELSM,"Hazelnuts - Organic & Activated SML (120g)
DISCONTINUED",348,1.902,13.31,58.00,105,1.154,8.08,35,12,0.4,2.8,12,100,2025-10-12,2026-03-27,MFHAZELSM,MF - Nuts,"Hazelnuts - Organic & Activated SML (120g)
DISCONTINUED",35,58,35,12,-65.71%
OMGHEE-ORG1KG,OMGhee - Australian Certified Organic Grass-fed Ghee 1KG,346,1.891,13.23,57.67,143,1.571,11,47.67,59,1.967,13.77,59,91,2025-10-13,2026-04-10,OMGHEE-ORG1KG,TBC - OMGhee,OMGhee - Australian Certified Organic Grass-fed Ghee 1KG,55,58,48,59,7.70%
MFFENNSSM,Fennel Seed - Organic SML (100g),345,1.885,13.20,57.50,226,2.484,17.38,75.33,93,3.1,21.7,93,82,2025-10-12,2026-04-07,MFFENNSSM,MF - Pantry,Fennel Seed - Organic SML (100g),75,58,75,93,23.54%
MFEROLVXL,Eros Love & Vitality - Organic & Activated XLRG (1kg),344,1.88,13.16,57.33,210,2.308,16.15,70,49,1.633,11.43,49,113,2025-10-12,2026-04-10,MFEROLVXL,MF - Granola,Eros Love & Vitality - Organic & Activated XLRG (1kg),59,57,70,49,-16.63%
MFDATESME,Dates (Pitted) - Organic MED (300g),341,1.863,13.04,56.83,147,1.615,11.31,49,15,0.5,3.5,15,115,2025-10-14,2026-03-18,MFDATESME,MF - Pantry,Dates (Pitted) - Organic MED (300g),40,57,49,15,-62.76%
MFMESQPME,Mesquite Powder - Organic MED (280g) DISCONTINUED,340,1.858,13.01,56.67,159,1.747,12.23,53,2,0.067,0.47,2,103,2025-10-11,2026-03-12,MFMESQPME,MF - Pantry,Mesquite Powder - Organic MED (280g) DISCONTINUED,37,57,53,2,-94.63%
MFSTARASM,Star Anise (Whole) - Organic SML (55g),338,1.847,12.93,56.33,206,2.264,15.85,68.67,51,1.7,11.9,51,108,2025-10-14,2026-04-09,MFSTARASM,MF - Pantry,Star Anise (Whole) - Organic SML (55g),59,56,69,51,-13.07%
MFBIRPBSM,Birchia Paleo Prebiotic - Organic & Activated SML (200g) DISCONTINUED,334,1.825,12.78,55.67,47,0.516,3.62,15.67,0,0,0,0,94,2025-10-14,2026-01-21,MFBIRPBSM,MF - Granola,Birchia Paleo Prebiotic - Organic & Activated SML (200g) DISCONTINUED,36,56,16,0,-100.00%
SIS-TonicFlask-180ml,SISUU Tonic 180 ml Flask,330,1.803,12.62,55.00,191,2.099,14.69,63.67,84,2.8,19.6,84,77,2025-10-20,2026-04-10,SIS-TonicFlask-180ml,TBC - SISUU,SISUU Tonic 180 ml Flask,68,55,64,84,24.34%
CP-LIP-MANU-6g,Clean & Pure - Manuka Honey Lip Balm Tube 6g,329,1.798,12.58,54.83,272,2.989,20.92,90.67,119,3.967,27.77,119,40,2025-12-09,2026-04-10,CP-LIP-MANU-6g,TBC - Clean & Pure,Clean & Pure - Manuka Honey Lip Balm Tube 6g,88,55,91,119,34.97%
MFBIRPBXL,Birchia Paleo Prebiotic - Organic & Activated XLRG (1kg),325,1.776,12.43,54.17,179,1.967,13.77,59.67,43,1.433,10.03,43,125,2025-10-17,2026-04-10,MFBIRPBXL,MF - Granola,Birchia Paleo Prebiotic - Organic & Activated XLRG (1kg),52,54,60,43,-17.75%
BPACP400,Berkelo Pasta - Sourdough Pasta Classic Penne 400g,323,1.765,12.36,53.83,185,2.033,14.23,61.67,79,2.633,18.43,79,51,2025-12-04,2026-04-07,BPACP400,TBC - Berkelo Pasta,Berkelo Pasta - Sourdough Pasta Classic Penne 400g,65,54,62,79,21.85%
MFCYNPEPME,Cayenne Pepper  MED (280g) DISCONTINUED,322,1.76,12.32,53.67,43,0.473,3.31,14.33,0,0,0,0,59,2025-10-14,2026-01-18,MFCYNPEPME,MF - Pantry,Cayenne Pepper  MED (280g) DISCONTINUED,34,54,14,0,-100.00%
MFCUMSWSM,Cumin Seed (Whole) - Organic SML (110g),319,1.743,12.20,53.17,186,2.044,14.31,62,36,1.2,8.4,36,90,2025-10-13,2026-04-10,MFCUMSWSM,MF - Pantry,Cumin Seed (Whole) - Organic SML (110g),50,53,62,36,-28.56%
MFLBALMSM,Lemon Balm SML (20g) DISCONTINUED,318,1.738,12.16,53.00,140,1.538,10.77,46.67,0,0,0,0,59,2025-10-13,2026-03-10,MFLBALMSM,MF - Pantry,Lemon Balm SML (20g) DISCONTINUED,50,53,47,0,-100.00%
SDASHWASM,STARDUST Ashwagandha 20:1 Extract Powder SML (120g),317,1.732,12.13,52.83,63,0.692,4.85,21,33,1.1,7.7,33,68,2025-11-28,2026-04-09,SDASHWASM,Stardust - Adaptogen,STARDUST Ashwagandha 20:1 Extract Powder SML (120g),36,53,21,33,-7.33%
NT-LEMON220,Naked Lemon Tallow Cream 220ml,314,1.716,12.01,52.33,133,1.462,10.23,44.33,38,1.267,8.87,38,137,2025-10-13,2026-04-10,NT-LEMON220,TBC - Naked Tallow,Naked Lemon Tallow Cream 220ml,45,52,44,38,-15.34%
PTFIRE200,Pyewackets Traditional - Fire Cider Tonic 200ml,314,1.716,12.01,52.33,157,1.725,12.08,52.33,48,1.6,11.2,48,114,2025-10-13,2026-04-08,PTFIRE200,TBC - Pyewackets Traditional,Pyewackets Traditional - Fire Cider Tonic 200ml,51,52,52,48,-5.67%
NT-MIST100,Naked Hydrating Mist 100ml,313,1.71,11.97,52.17,150,1.648,11.54,50,38,1.267,8.87,38,118,2025-10-13,2026-04-10,NT-MIST100,TBC - Naked Tallow,Naked Hydrating Mist 100ml,47,52,50,38,-18.67%
NT-ZINCNAPPY-55,Naked Tallow Baby - Zinc Nappy Cream 55g,313,1.71,11.97,52.17,126,1.385,9.69,42,35,1.167,8.17,35,121,2025-10-13,2026-04-10,NT-ZINCNAPPY-55,TBC - Naked Tallow,Naked Tallow Baby - Zinc Nappy Cream 55g,43,52,42,35,-18.71%
LCLMDE60,Life Cykel - Double Extract - Lion's Mane 60ml,310,1.694,11.86,51.67,159,1.747,12.23,53,48,1.6,11.2,48,110,2025-10-13,2026-04-10,LCLMDE60,TBC - Life Cykel,Life Cykel - Double Extract - Lion's Mane 60ml,51,52,53,48,-5.68%
EG-Laundry-1000,Ecogreen - Laundry 1L,307,1.678,11.74,51.17,137,1.505,10.54,45.67,33,1.1,7.7,33,67,2025-10-13,2026-04-01,EG-Laundry-1000,TBC - EcoGreen,Ecogreen - Laundry 1L,43,51,46,33,-23.75%
EG-Pet-500,Ecogreen - Pet Mess 500ml,306,1.672,11.70,51.00,129,1.418,9.92,43,20,0.667,4.67,20,68,2025-10-13,2026-04-09,EG-Pet-500,TBC - EcoGreen,Ecogreen - Pet Mess 500ml,38,51,43,20,-47.37%
MFGOLDGXL,Golden Granola - Organic & Activated XLRG (1kg),305,1.667,11.67,50.83,192,2.11,14.77,64,41,1.367,9.57,41,117,2025-10-14,2026-04-10,MFGOLDGXL,MF - Granola,Golden Granola - Organic & Activated XLRG (1kg),52,51,64,41,-21.07%
SB-PB-BOX10,Stoke Bites - Peanut Butter  Chocolate Chip (box of 10),303,1.656,11.59,50.50,62,0.681,4.77,20.67,12,0.4,2.8,12,92,2025-11-18,2026-04-09,SB-PB-BOX10,TBC - Stoke Bites,Stoke Bites - Peanut Butter  Chocolate Chip (box of 10),28,51,21,12,-56.72%
SB-AC-BOX10,Stoke Bites - Apricot Cashew (box of 10),300,1.639,11.48,50.00,57,0.626,4.38,19,11,0.367,2.57,11,90,2025-11-18,2026-04-09,SB-AC-BOX10,TBC - Stoke Bites,Stoke Bites - Apricot Cashew (box of 10),27,50,19,11,-58.75%
EG-Multi-1000,Ecogreen - Multi-surface HOME 1L,300,1.639,11.48,50.00,132,1.451,10.15,44,23,0.767,5.37,23,64,2025-10-13,2026-03-31,EG-Multi-1000,TBC - EcoGreen,Ecogreen - Multi-surface HOME 1L,39,50,44,23,-41.03%
CP-LIP-CBUT-6g,Clean & Pure - Cocoa Butter Lip Balm Tube 6g,299,1.634,11.44,49.83,274,3.011,21.08,91.33,92,3.067,21.47,92,36,2025-12-05,2026-04-09,CP-LIP-CBUT-6g,TBC - Clean & Pure,Clean & Pure - Cocoa Butter Lip Balm Tube 6g,78,50,91,92,18.37%
2TO,Packed Tom,295,1.612,11.28,49.17,214,2.352,16.46,71.33,114,3.8,26.6,114,293,2025-10-14,2026-04-10,2TO,Staff & Labour,Packed Tom,78,49,71,114,45.84%
PTAB100,Pyewackets Traditional - Aromatic Digestive Bitters 100ml,294,1.607,11.25,49.00,201,2.209,15.46,67,50,1.667,11.67,50,86,2025-10-14,2026-04-10,PTAB100,TBC - Pyewackets Traditional,Pyewackets Traditional - Aromatic Digestive Bitters 100ml,55,49,67,50,-9.64%
MFGINGGME,Ginger Ground - Organic MED (240g) DISCONTINUED,294,1.607,11.25,49.00,46,0.505,3.54,15.33,0,0,0,0,66,2025-10-13,2026-01-14,MFGINGGME,MF - Pantry,Ginger Ground - Organic MED (240g) DISCONTINUED,32,49,15,0,-100.00%
EG-CleanAir-100,Ecogreen - CleanAir 100g,293,1.601,11.21,48.83,291,3.198,22.38,97,52,1.733,12.13,52,55,2026-01-06,2026-04-10,EG-CleanAir-100,TBC - EcoGreen,Ecogreen - CleanAir 100g,66,49,97,52,-21.14%
DC-DUKEBAGS-6Pack,OneCup Coffee Bags | Dukes Organic Blend (6-Pack),293,1.601,11.21,48.83,171,1.879,13.15,57,37,1.233,8.63,37,60,2025-10-13,2026-04-10,DC-DUKEBAGS-6Pack,TBC - Dukes Coffee,OneCup Coffee Bags | Dukes Organic Blend (6-Pack),48,49,57,37,-22.29%
BPACSH400,Berkelo Pasta - Sourdough Pasta Classic Wholewheat Shells 400g,293,1.601,11.21,48.83,172,1.89,13.23,57.33,68,2.267,15.87,68,43,2025-10-13,2026-04-08,BPACSH400,TBC - Berkelo Pasta,Berkelo Pasta - Sourdough Pasta Classic Wholewheat Shells 400g,58,49,57,68,17.13%
EG-Dish-500,Ecogreen - Dish 500ml,291,1.59,11.13,48.50,126,1.385,9.69,42,19,0.633,4.43,19,63,2025-10-13,2026-04-09,EG-Dish-500,TBC - EcoGreen,Ecogreen - Dish 500ml,37,49,42,19,-47.95%
EG-Deep-500,Ecogreen - Deep Clean HOME 500ml,287,1.568,10.98,47.83,128,1.407,9.85,42.67,26,0.867,6.07,26,62,2025-10-13,2026-04-10,EG-Deep-500,TBC - EcoGreen,Ecogreen - Deep Clean HOME 500ml,39,48,43,26,-33.05%
MFSLIPPME,Slippery Elm MED - Organic 180g,285,1.557,10.90,47.50,190,2.088,14.62,63.33,70,2.333,16.33,70,74,2025-10-21,2026-04-10,MFSLIPPME,MF - Pantry,Slippery Elm MED - Organic 180g,60,48,63,70,16.13%
SOSGCO275G,Sol Ghee Certified Organic 275g,283,1.546,10.83,47.17,186,2.044,14.31,62,57,1.9,13.3,57,63,2025-12-05,2026-04-10,SOSGCO275G,TBC - Sol Organics,Sol Ghee Certified Organic 275g,55,47,62,57,2.91%
MFROOIBME,Rooibos MED (140g),281,1.536,10.75,46.83,165,1.813,12.69,55,43,1.433,10.03,43,95,2025-10-13,2026-04-09,MFROOIBME,MF - Tea,Rooibos MED (140g),48,47,55,43,-10.93%
HT-CL-SJ,HT Cleopatra Standard Jar,277,1.514,10.60,46.17,124,1.363,9.54,41.33,40,1.333,9.33,40,72,2025-11-11,2026-04-09,HT-CL-SJ,TBC - Heart Therapeutics,HT Cleopatra Standard Jar,43,46,41,40,-5.88%
HT-RS-SJ,HT Rise and Shine Standard Jar,270,1.475,10.33,45.00,137,1.505,10.54,45.67,49,1.633,11.43,49,69,2025-11-11,2026-04-09,HT-RS-SJ,TBC - Heart Therapeutics,HT Rise and Shine Standard Jar,47,45,46,49,5.25%
BPLOT15AU,Life Cykel - Bee Pollen 150g,269,1.47,10.29,44.83,153,1.681,11.77,51,62,2.067,14.47,62,62,2025-10-14,2026-04-10,BPLOT15AU,TBC - Life Cykel,Life Cykel - Bee Pollen 150g,53,45,51,62,17.85%
MYCRORE30,Reishi 30ml - Mycro,269,1.47,10.29,44.83,135,1.484,10.38,45,42,1.4,9.8,42,108,2025-10-15,2026-04-10,MYCRORE30,TBC - Mycro,Reishi 30ml - Mycro,44,45,45,42,-4.42%
NT-SOOTHBALM-45,Soothing Face Balm 45g - Naked Tallow,267,1.459,10.21,44.50,136,1.495,10.46,45.33,51,1.7,11.9,51,105,2025-10-13,2026-04-10,NT-SOOTHBALM-45,TBC - Naked Tallow,Soothing Face Balm 45g - Naked Tallow,47,45,45,51,8.64%
NT-OIL100,Naked Vibrant Face & Body Oil 100ml,267,1.459,10.21,44.50,122,1.341,9.38,40.67,30,1,7,30,124,2025-10-14,2026-04-10,NT-OIL100,TBC - Naked Tallow,Naked Vibrant Face & Body Oil 100ml,38,45,41,30,-21.85%
NT-LOVE220,Naked Tallow With Love Cream 180g/220ml,264,1.443,10.10,44.00,160,1.758,12.31,53.33,36,1.2,8.4,36,118,2025-10-13,2026-04-10,NT-LOVE220,TBC - Naked Tallow,Naked Tallow With Love Cream 180g/220ml,44,44,53,36,-19.00%
MFGINSEME,Ginseng MED (100g),262,1.432,10.02,43.67,163,1.791,12.54,54.33,40,1.333,9.33,40,78,2025-10-14,2026-04-10,MFGINSEME,MF - Tea,Ginseng MED (100g),46,44,54,40,-13.04%
PTFLORA200,Pyewackets Traditional - Flora Cider Tonic 200ml,261,1.426,9.98,43.50,140,1.538,10.77,46.67,41,1.367,9.57,41,98,2025-10-13,2026-04-10,PTFLORA200,TBC - Pyewackets Traditional,Pyewackets Traditional - Flora Cider Tonic 200ml,44,44,47,41,-6.23%
NT-FACESERUM-30,Hydrating Face Serum 30ml - Naked Tallow,258,1.41,9.87,43.00,124,1.363,9.54,41.33,22,0.733,5.13,22,104,2025-10-13,2026-04-10,NT-FACESERUM-30,TBC - Naked Tallow,Hydrating Face Serum 30ml - Naked Tallow,35,43,41,22,-37.93%
MFASHWAME,Ashwagandha Root Cut MED (150g),258,1.41,9.87,43.00,130,1.429,10,43.33,43,1.433,10.03,43,70,2025-11-01,2026-04-10,MFASHWAME,MF - Tea,Ashwagandha Root Cut MED (150g),43,43,43,43,-0.26%
BBSATAY-CURRY,Satay Sauce - Red Curry 300ml,258,1.41,9.87,43.00,125,1.374,9.62,41.67,62,2.067,14.47,62,54,2025-10-16,2026-04-09,BBSATAY-CURRY,TBC - Byron Bay Peanut Butter Co,Satay Sauce - Red Curry 300ml,49,43,42,62,26.82%
HT-RR-SJ,HT Rancho Relaxo Standard Jar,257,1.404,9.83,42.83,132,1.451,10.15,44,49,1.633,11.43,49,66,2025-11-11,2026-04-09,HT-RR-SJ,TBC - Heart Therapeutics,HT Rancho Relaxo Standard Jar,45,43,44,49,8.22%
FREISHSM,FUNGI Reishi 20:1 Extract Powder SML (100g),253,1.383,9.68,42.17,132,1.451,10.15,44,44,1.467,10.27,44,104,2025-10-13,2026-04-10,FREISHSM,Fungi,FUNGI Reishi 20:1 Extract Powder SML (100g),43,42,44,44,1.41%
NT-CB100,Naked Calendula Healing Balm 100g,253,1.383,9.68,42.17,121,1.33,9.31,40.33,38,1.267,8.87,38,98,2025-10-13,2026-04-10,NT-CB100,TBC - Naked Tallow,Naked Calendula Healing Balm 100g,40,42,40,38,-5.39%
PT-CALMBITT50,Calm Bitters 50ml  - Pyewackets,250,1.366,9.56,41.67,198,2.176,15.23,66,62,2.067,14.47,62,73,2025-12-08,2026-04-10,PT-CALMBITT50,TBC - Pyewackets Traditional,Calm Bitters 50ml  - Pyewackets,57,42,66,62,9.62%
MFFENUWSM,Fenugreek Whole SML - Organic 200g,247,1.35,9.45,41.17,175,1.923,13.46,58.33,21,0.7,4.9,21,57,2025-10-15,2026-04-10,MFFENUWSM,MF - Pantry,Fenugreek Whole SML - Organic 200g,40,41,58,21,-47.72%
BBCCA5D,BBCC- Nero Espresso Ground 250g,246,1.344,9.41,41.00,138,1.516,10.62,46,36,1.2,8.4,36,34,2025-10-16,2026-04-08,BBCCA5D,TBC - Byron Bay Coffee Company,BBCC- Nero Espresso Ground 250g,41,41,46,36,-12.20%
FCORDYSM,FUNGI Cordyceps 20:1 Extract Powder SML (100g),245,1.339,9.37,40.83,127,1.396,9.77,42.33,46,1.533,10.73,46,105,2025-10-13,2026-04-09,FCORDYSM,Fungi,FUNGI Cordyceps 20:1 Extract Powder SML (100g),43,41,42,46,6.84%
PTFOREST200,Pyewackets Traditional - Forest Cider Tonic 200ml,243,1.328,9.30,40.50,130,1.429,10,43.33,41,1.367,9.57,41,88,2025-10-13,2026-04-10,PTFOREST200,TBC - Pyewackets Traditional,Pyewackets Traditional - Forest Cider Tonic 200ml,42,41,43,41,-1.47%
OH-LEM-GT375-SAMPLE,SAMPLE - OH! Lemonaid Natural Sparkling 'Lemon Ginger Twist' 375ml,243,1.328,9.30,40.50,18,0.198,1.38,6,12,0.4,2.8,12,22,2025-10-31,2026-03-26,OH-LEM-GT375-SAMPLE,TBC - OH! OzHarvest Ventures,SAMPLE - OH! Lemonaid Natural Sparkling 'Lemon Ginger Twist' 375ml,20,41,6,12,-38.46%
BBSATAY-BBQ,Satay Sauce - Smokey BBQ 300ml,242,1.322,9.26,40.33,106,1.165,8.15,35.33,51,1.7,11.9,51,50,2025-10-17,2026-04-10,BBSATAY-BBQ,TBC - Byron Bay Peanut Butter Co,Satay Sauce - Smokey BBQ 300ml,42,40,35,51,20.80%
TR-Gold250,Golden Activated Turmeric Paste - Organic 250g,241,1.317,9.22,40.17,112,1.231,8.62,37.33,27,0.9,6.3,27,73,2025-10-23,2026-04-09,TR-Gold250,TBC - Totally Rawesome,Golden Activated Turmeric Paste - Organic 250g,35,40,37,27,-22.49%
MFCARDASM,Cardamom (Whole) - Organic SML (80g),240,1.311,9.18,40.00,169,1.857,13,56.33,72,2.4,16.8,72,69,2025-10-14,2026-04-10,MFCARDASM,MF - Pantry,Cardamom (Whole) - Organic SML (80g),56,40,56,72,28.32%
ZW-ROSLSHRUB,CORDIAL - Ziggy's Wild Foods - Wild Rosella & Lemon Myrtle 200ml,240,1.311,9.18,40.00,91,1,7,30.33,17,0.567,3.97,17,62,2025-10-14,2026-04-07,ZW-ROSLSHRUB,TBC - Ziggy's Wild Foods,CORDIAL - Ziggy's Wild Foods - Wild Rosella & Lemon Myrtle 200ml,29,40,30,17,-41.60%
OH-LEM-SS375-SAMPLE,SAMPLE - OH! Lemonaid Natural Sparkling 'Lemon Strawberry Splash' 375ml,240,1.311,9.18,40.00,17,0.187,1.31,5.67,11,0.367,2.57,11,19,2025-10-31,2026-03-26,OH-LEM-SS375-SAMPLE,TBC - OH! OzHarvest Ventures,SAMPLE - OH! Lemonaid Natural Sparkling 'Lemon Strawberry Splash' 375ml,19,40,6,11,-41.77%
MFROSEMME,Rosemary (Australian) MED (90g),239,1.306,9.14,39.83,144,1.582,11.08,48,32,1.067,7.47,32,67,2025-10-12,2026-04-01,MFROSEMME,MF - Tea,Rosemary (Australian) MED (90g),40,40,48,32,-19.89%
OH-LEM-OG375-SAMPLE,SAMPLE - OH! Lemonaid Natural Sparkling Lemon 'Original' 375ml,236,1.29,9.03,39.33,15,0.165,1.15,5,10,0.333,2.33,10,16,2025-10-31,2026-03-26,OH-LEM-OG375-SAMPLE,TBC - OH! OzHarvest Ventures,SAMPLE - OH! Lemonaid Natural Sparkling Lemon 'Original' 375ml,18,39,5,10,-44.78%
MFCASHEXL,Cashews - Organic & Activated XLRG (1kg),235,1.284,8.99,39.17,126,1.385,9.69,42,56,1.867,13.07,56,121,2025-10-14,2026-04-09,MFCASHEXL,MF - Nuts,Cashews - Organic & Activated XLRG (1kg),46,39,42,56,22.48%
MYCROCO30,Cordyceps 30ml - Mycro,234,1.279,8.95,39.00,94,1.033,7.23,31.33,29,0.967,6.77,29,97,2025-10-13,2026-04-10,MYCROCO30,TBC - Mycro,Cordyceps 30ml - Mycro,33,39,31,29,-12.41%
MAPLMOVE-MAPLE-BOX12,Maple Movement - SAP MAPLE - 100% Maple Syrup - BOX: 12x30ml,232,1.268,8.87,38.67,150,1.648,11.54,50,94,3.133,21.93,94,87,2025-11-05,2026-04-10,MAPLMOVE-MAPLE-BOX12,TBC - Maple Movement,Maple Movement - SAP MAPLE - 100% Maple Syrup - BOX: 12x30ml,61,39,50,94,54.38%
KIP-MGO514+250g,King Island Pure Manuka MGO 514+ 250g,232,1.268,8.87,38.67,137,1.505,10.54,45.67,57,1.9,13.3,57,94,2025-10-13,2026-04-10,KIP-MGO514+250g,TBC - King Island Pure Manuka,King Island Pure Manuka MGO 514+ 250g,47,39,46,57,20.98%
SPV250G,Sacred Taste Cacao Vitality - Matcha Mint Cacao 250g,232,1.268,8.87,38.67,105,1.154,8.08,35,15,0.5,3.5,15,79,2025-10-13,2026-04-09,SPV250G,TBC - Sacred Taste Cacao,Sacred Taste Cacao Vitality - Matcha Mint Cacao 250g,30,39,35,15,-49.25%
CP-LIP-ZINC-6g,Clean & Pure - Manuka Honey & Zinc SPF15 Lip Balm Tube,228,1.246,8.72,38.00,178,1.956,13.69,59.33,76,2.533,17.73,76,24,2025-12-05,2026-04-10,CP-LIP-ZINC-6g,TBC - Clean & Pure,Clean & Pure - Manuka Honey & Zinc SPF15 Lip Balm Tube,58,38,59,76,31.54%
MC-ASSORTx6-CDU2x8pcs,Mast Chew Assorted CDU (Contains 12x sleeves as 2x each flavour of 8pcs),228,1.246,8.72,38.00,70,0.769,5.38,23.33,26,0.867,6.07,26,143,2025-10-13,2026-04-10,MC-ASSORTx6-CDU2x8pcs,TBC - Mast Chew,Mast Chew Assorted CDU (Contains 12x sleeves as 2x each flavour of 8pcs),29,38,23,26,-10.68%
HT-LP-SJ,HT Love Potion Standard Jar,227,1.24,8.68,37.83,116,1.275,8.92,38.67,38,1.267,8.87,38,55,2025-11-11,2026-04-10,HT-LP-SJ,TBC - Heart Therapeutics,HT Love Potion Standard Jar,38,38,39,38,-0.44%
MFLINSELG,Golden Linseed (Flaxseed) - Organic LRG (680g),223,1.219,8.53,37.17,117,1.286,9,39,2,0.067,0.47,2,66,2025-10-11,2026-03-13,MFLINSELG,MF - Pantry,Golden Linseed (Flaxseed) - Organic LRG (680g),26,37,39,2,-92.32%
KYV-EVOO-700ml,KYVELI - Premium Organic Extra Virgin Olive Oil - 700ml,222,1.213,8.49,37.00,108,1.187,8.31,36,16,0.533,3.73,16,61,2025-11-10,2026-03-31,KYV-EVOO-700ml,TBC - Kyveli,KYVELI - Premium Organic Extra Virgin Olive Oil - 700ml,30,37,36,16,-46.07%
HPShilBROCHURE,BROCHURE Himalayan Power Shilajit,222,1.213,8.49,37.00,167,1.835,12.85,55.67,10,0.333,2.33,10,20,2025-10-16,2026-03-16,HPShilBROCHURE,TBC - Himalayan Power Shilajit,BROCHURE Himalayan Power Shilajit,34,37,56,10,-70.78%
ZWFDAVOH,HOT SAUCE Native Davidson Plum & Dorrigo Pepper - Ziggy's Wild Foods,221,1.208,8.45,36.83,87,0.956,6.69,29,22,0.733,5.13,22,76,2025-10-14,2026-03-31,ZWFDAVOH,TBC - Ziggy's Wild Foods,HOT SAUCE Native Davidson Plum & Dorrigo Pepper - Ziggy's Wild Foods,29,37,29,22,-24.85%
2IA,Packed By Ines,219,1.197,8.38,36.50,174,1.912,13.38,58,52,1.733,12.13,52,209,2026-01-01,2026-04-10,2IA,Staff & Labour,Packed By Ines,49,37,58,52,6.48%
HT-AH-SJ,HT All Heart Standard Jar,218,1.191,8.34,36.33,129,1.418,9.92,43,60,2,14,60,57,2025-11-11,2026-04-10,HT-AH-SJ,TBC - Heart Therapeutics,HT All Heart Standard Jar,46,36,43,60,29.19%
ZWFNETTH,HOT SAUCE Wild Stinging Nettle & Fingerlime - Ziggy's Wild Foods,218,1.191,8.34,36.33,122,1.341,9.38,40.67,46,1.533,10.73,46,64,2025-10-14,2026-04-09,ZWFNETTH,TBC - Ziggy's Wild Foods,HOT SAUCE Wild Stinging Nettle & Fingerlime - Ziggy's Wild Foods,41,36,41,46,12.20%
MAPLMOVE-LEMON-BOX12,Maple Movement - SAP with Lemon & Salt - BOX: 12x32ml,217,1.186,8.30,36.17,136,1.495,10.46,45.33,88,2.933,20.53,88,85,2025-11-05,2026-04-10,MAPLMOVE-LEMON-BOX12,TBC - Maple Movement,Maple Movement - SAP with Lemon & Salt - BOX: 12x32ml,57,36,45,88,55.75%
HT-DI-SJ,HT Digestive Standard Jar,215,1.175,8.22,35.83,109,1.198,8.38,36.33,39,1.3,9.1,39,56,2025-11-11,2026-04-09,HT-DI-SJ,TBC - Heart Therapeutics,HT Digestive Standard Jar,37,36,36,39,5.25%
HPLIQSH30,Liquid Drops - Himalayan Power Shilajit - Gold Grade - 30ml,214,1.169,8.19,35.67,101,1.11,7.77,33.67,23,0.767,5.37,23,79,2025-10-13,2026-04-09,HPLIQSH30,TBC - Himalayan Power Shilajit,Liquid Drops - Himalayan Power Shilajit - Gold Grade - 30ml,31,36,34,23,-25.28%
EHBLW120,Etre Health - Energy & Balance Beef Liver - Womens,212,1.158,8.11,35.33,108,1.187,8.31,36,47,1.567,10.97,47,66,2025-10-15,2026-04-10,EHBLW120,TBC - Etre Health,Etre Health - Energy & Balance Beef Liver - Womens,39,35,36,47,19.16%
SDCACAOLG,"STARDUST Cacao ""Energise"" - Organic LRG (500g)",211,1.153,8.07,35.17,134,1.473,10.31,44.67,34,1.133,7.93,34,111,2025-10-13,2026-04-10,SDCACAOLG,Stardust,"STARDUST Cacao ""Energise"" - Organic LRG (500g)",38,35,45,34,-10.40%
DC-WCC,Totopos! White Corn Chips 170g Bag x 12,211,1.153,8.07,35.17,97,1.066,7.46,32.33,36,1.2,8.4,36,144,2025-10-13,2026-04-08,DC-WCC,TBC - Dona Cholita,Totopos! White Corn Chips 170g Bag x 12,35,35,32,36,4.35%
FCHAGASM,FUNGI Chaga 20:1 Extract Powder SML (100g),209,1.142,7.99,34.83,110,1.209,8.46,36.67,51,1.7,11.9,51,80,2025-10-13,2026-04-09,FCHAGASM,Fungi,FUNGI Chaga 20:1 Extract Powder SML (100g),41,35,37,51,24.90%
SIS-MagBottle-100ml,SISUU Magnesium Spray 100ml Dream Easy,209,1.142,7.99,34.83,117,1.286,9,39,48,1.6,11.2,48,63,2025-10-13,2026-04-08,SIS-MagBottle-100ml,TBC - SISUU,SISUU Magnesium Spray 100ml Dream Easy,41,35,39,48,18.20%
MFYUMMBLG,Yummy Beans - Organic & Activated LRG (550g),208,1.137,7.96,34.67,76,0.835,5.85,25.33,22,0.733,5.13,22,78,2025-10-16,2026-04-10,MFYUMMBLG,MF - Pantry,Yummy Beans - Organic & Activated LRG (550g),27,35,25,22,-19.51%
SIS-TonicFlask-50ml,SISUU Tonic 50 ml Flask,206,1.126,7.88,34.33,142,1.56,10.92,47.33,45,1.5,10.5,45,48,2025-11-18,2026-04-09,SIS-TonicFlask-50ml,TBC - SISUU,SISUU Tonic 50 ml Flask,42,34,47,45,6.58%
MFCORSGSM,Coriander Seed (Ground) SML (100g),205,1.12,7.84,34.17,129,1.418,9.92,43,6,0.2,1.4,6,60,2025-10-14,2026-04-08,MFCORSGSM,MF - Pantry,Coriander Seed (Ground) SML (100g),28,34,43,6,-78.36%
EG-Refill-500,Ecogreen Empty Spray Bottle 500ml,204,1.115,7.80,34.00,114,1.253,8.77,38,31,1.033,7.23,31,34,2025-10-13,2026-03-31,EG-Refill-500,TBC - EcoGreen,Ecogreen Empty Spray Bottle 500ml,34,34,38,31,-9.71%
ZWFPINEH,HOT SAUCE Wild Lemon Myrtle & Pineapple - Ziggy's Wild Foods,203,1.109,7.77,33.83,110,1.209,8.46,36.67,30,1,7,30,64,2025-10-14,2026-04-09,ZWFPINEH,TBC - Ziggy's Wild Foods,HOT SAUCE Wild Lemon Myrtle & Pineapple - Ziggy's Wild Foods,34,34,37,30,-10.45%
HT-WI-SJ,HT Witchcraft Standard Jar,203,1.109,7.77,33.83,91,1,7,30.33,35,1.167,8.17,35,48,2025-11-11,2026-04-07,HT-WI-SJ,TBC - Heart Therapeutics,HT Witchcraft Standard Jar,33,34,30,35,5.89%
ZW-DAVOSHRUB,CORDIAL - Ziggy's Wild Foods - Davidson Plum & Rose Petal 200ml,202,1.104,7.73,33.67,76,0.835,5.85,25.33,22,0.733,5.13,22,61,2025-10-14,2026-04-10,ZW-DAVOSHRUB,TBC - Ziggy's Wild Foods,CORDIAL - Ziggy's Wild Foods - Davidson Plum & Rose Petal 200ml,27,34,25,22,-18.52%
MFVALERSM,Valerian Root SML (110),200,1.093,7.65,33.33,128,1.407,9.85,42.67,30,1,7,30,61,2025-10-16,2026-04-10,MFVALERSM,MF - Pantry,Valerian Root SML (110),35,33,43,30,-15.09%
PT-ENRGBITT50,Energy Bitters 50ml  - Pyewackets,199,1.087,7.61,33.17,154,1.692,11.85,51.33,42,1.4,9.8,42,60,2025-12-08,2026-04-10,PT-ENRGBITT50,TBC - Pyewackets Traditional,Energy Bitters 50ml  - Pyewackets,42,33,51,42,-0.40%
MFGOTUKME,Gotu Kola MED (80g),199,1.087,7.61,33.17,119,1.308,9.15,39.67,43,1.433,10.03,43,52,2025-10-14,2026-04-08,MFGOTUKME,MF - Tea,Gotu Kola MED (80g),39,33,40,43,11.36%
CP-LIP-PAWP-6g,Clean & Pure - Pawpaw Lip Balm Tube 6g,197,1.077,7.54,32.83,156,1.714,12,52,87,2.9,20.3,87,26,2025-12-05,2026-04-07,CP-LIP-PAWP-6g,TBC - Clean & Pure,Clean & Pure - Pawpaw Lip Balm Tube 6g,57,33,52,87,51.89%
2JO,Packed Jolene,197,1.077,7.54,32.83,92,1.011,7.08,30.67,31,1.033,7.23,31,197,2025-11-11,2026-03-31,2JO,Staff & Labour,Packed Jolene,32,33,31,31,-1.59%
BPAET400,Berkelo Pasta - Sourdough Pasta Emmer Twists 400g,196,1.071,7.50,32.67,101,1.11,7.77,33.67,41,1.367,9.57,41,33,2025-12-04,2026-03-27,BPAET400,TBC - Berkelo Pasta,Berkelo Pasta - Sourdough Pasta Emmer Twists 400g,36,33,34,41,14.59%
MFMAPLEXL,Munchies Maple - Organic & Activated XLRG (1kg),195,1.066,7.46,32.50,105,1.154,8.08,35,45,1.5,10.5,45,113,2025-10-13,2026-04-04,MFMAPLEXL,MF - Munchies,Munchies Maple - Organic & Activated XLRG (1kg),38,33,35,45,20.00%
MFOOLONME,Oolong MED (65g),194,1.06,7.42,32.33,119,1.308,9.15,39.67,34,1.133,7.93,34,68,2025-10-12,2026-04-08,MFOOLONME,MF - Tea,Oolong MED (65g),35,32,40,34,-3.77%
MFHAZELLG,Hazelnuts - Organic & Activated LRG (500g),193,1.055,7.38,32.17,97,1.066,7.46,32.33,16,0.533,3.73,16,75,2025-10-12,2026-03-24,MFHAZELLG,MF - Nuts,Hazelnuts - Organic & Activated LRG (500g),27,32,32,16,-40.37%
MFFIRESSM,Fire Starter - Organic Herbal Tea SML (40g) DISCONTINUED SIZE,192,1.049,7.34,32.00,68,0.747,5.23,22.67,1,0.033,0.23,1,45,2025-10-19,2026-04-08,MFFIRESSM,MF - Tea,Fire Starter - Organic Herbal Tea SML (40g) DISCONTINUED SIZE,19,32,23,1,-94.61%
TL-Castor500,Tre Lune - Castor Oil 500ml - Organic Cold-Pressed,192,1.049,7.34,32.00,129,1.418,9.92,43,49,1.633,11.43,49,50,2025-10-15,2026-04-07,TL-Castor500,TBC - Tre Lune,Tre Lune - Castor Oil 500ml - Organic Cold-Pressed,41,32,43,49,18.55%
NT-AFTERSUN220,Naked Aftersun Tallow Cream 220ml,191,1.044,7.31,31.83,82,0.901,6.31,27.33,22,0.733,5.13,22,101,2025-10-13,2026-04-10,NT-AFTERSUN220,TBC - Naked Tallow,Naked Aftersun Tallow Cream 220ml,27,32,27,22,-18.68%
DC-DUKE-200-GR,Dukes Blend Organic Coffee | Ground for Espresso 200g,191,1.044,7.31,31.83,83,0.912,6.38,27.67,25,0.833,5.83,25,53,2025-10-17,2026-04-10,DC-DUKE-200-GR,TBC - Dukes Coffee,Dukes Blend Organic Coffee | Ground for Espresso 200g,28,32,28,25,-11.24%
MYCROTT100,Turkey Tail 100ml - Mycro,188,1.027,7.19,31.33,108,1.187,8.31,36,24,0.8,5.6,24,71,2025-10-13,2026-04-10,MYCROTT100,TBC - Mycro,Turkey Tail 100ml - Mycro,30,31,36,24,-21.17%
MFCHILFME,Chilli Flakes MED (150g),188,1.027,7.19,31.33,124,1.363,9.54,41.33,30,1,7,30,80,2025-10-11,2026-04-09,MFCHILFME,MF - Pantry,Chilli Flakes MED (150g),34,31,41,30,-12.33%
NT-SLEEP220,Naked Sleepytime Tallow Cream 220ml,188,1.027,7.19,31.33,88,0.967,6.77,29.33,35,1.167,8.17,35,89,2025-10-13,2026-04-07,NT-SLEEP220,TBC - Naked Tallow,Naked Sleepytime Tallow Cream 220ml,32,31,29,35,9.76%
ZW-WATESHRUB,CORDIAL - Ziggy's Wild Foods - Wild Strawberry Gum & Watermelon 200ml,187,1.022,7.15,31.17,63,0.692,4.85,21,11,0.367,2.57,11,58,2025-10-14,2026-04-10,ZW-WATESHRUB,TBC - Ziggy's Wild Foods,CORDIAL - Ziggy's Wild Foods - Wild Strawberry Gum & Watermelon 200ml,21,31,21,11,-47.76%
MFGINKLME,Ginkgo Leaf MED (70g),187,1.022,7.15,31.17,93,1.022,7.15,31,25,0.833,5.83,25,61,2025-10-13,2026-04-01,MFGINKLME,MF - Tea,Ginkgo Leaf MED (70g),29,31,31,25,-13.96%
MYCROCO100,Cordyceps 100ml - Mycro,186,1.016,7.11,31.00,81,0.89,6.23,27,29,0.967,6.77,29,65,2025-10-24,2026-04-09,MYCROCO100,TBC - Mycro,Cordyceps 100ml - Mycro,29,31,27,29,0.00%
DC-CCC,Totopos! Chipotle Corn Chips 170g Bag x 12,186,1.016,7.11,31.00,89,0.978,6.85,29.67,27,0.9,6.3,27,145,2025-10-13,2026-04-08,DC-CCC,TBC - Dona Cholita,Totopos! Chipotle Corn Chips 170g Bag x 12,29,31,30,27,-7.61%
EHBLM120,Etre Health - Strength & Energy Beef Liver - Mens,185,1.011,7.08,30.83,111,1.22,8.54,37,40,1.333,9.33,40,59,2025-10-13,2026-04-09,EHBLM120,TBC - Etre Health,Etre Health - Strength & Energy Beef Liver - Mens,36,31,37,40,11.29%
MYCRORE100,Reishi 100ml - Mycro,184,1.005,7.04,30.67,97,1.066,7.46,32.33,36,1.2,8.4,36,73,2025-10-13,2026-04-09,MYCRORE100,TBC - Mycro,Reishi 100ml - Mycro,33,31,32,36,9.09%
DC-DUKE-200-WB,Dukes Blend Organic Coffee | Whole Bean 200g,184,1.005,7.04,30.67,99,1.088,7.62,33,15,0.5,3.5,15,43,2025-10-15,2026-04-08,DC-DUKE-200-WB,TBC - Dukes Coffee,Dukes Blend Organic Coffee | Whole Bean 200g,26,31,33,15,-42.80%
DC-BCC,Totopos! Blue Corn Chips 170g Bag x 12,183,1,7.00,30.50,66,0.725,5.08,22,60,2,14,60,134,2025-10-14,2026-04-10,DC-BCC,TBC - Dona Cholita,Totopos! Blue Corn Chips 170g Bag x 12,38,31,22,60,60.00%
KIP-MGO700+250g,King Island Pure Manuka MGO 700+ 250g,183,1,7.00,30.50,106,1.165,8.15,35.33,29,0.967,6.77,29,64,2025-10-16,2026-04-10,KIP-MGO700+250g,TBC - King Island Pure Manuka,King Island Pure Manuka MGO 700+ 250g,32,31,35,29,-8.26%
MFPECANXL,Pecans - Organic & Activated XLRG (1kg),183,1,7.00,30.50,80,0.879,6.15,26.67,30,1,7,30,99,2025-10-14,2026-04-08,MFPECANXL,MF - Nuts,Pecans - Organic & Activated XLRG (1kg),29,31,27,30,3.25%
CP-SUN-KID,Clean & Pure - Baby & Kids Sunscreen 100% Organic - SPF50 70g,182,0.995,6.96,30.33,141,1.549,10.85,47,52,1.733,12.13,52,40,2025-11-20,2026-04-10,CP-SUN-KID,TBC - Clean & Pure,Clean & Pure - Baby & Kids Sunscreen 100% Organic - SPF50 70g,43,30,47,52,20.62%
BBCCB6D,BBCC - 1kg Organic Espresso Whole Bean,182,0.995,6.96,30.33,107,1.176,8.23,35.67,41,1.367,9.57,41,33,2025-10-21,2026-04-10,BBCCB6D,TBC - Byron Bay Coffee Company,BBCC - 1kg Organic Espresso Whole Bean,36,30,36,41,14.95%
HT-FL-SJ,HT Flow Standard Jar,181,0.989,6.92,30.17,67,0.736,5.15,22.33,25,0.833,5.83,25,43,2025-11-11,2026-04-10,HT-FL-SJ,TBC - Heart Therapeutics,HT Flow Standard Jar,26,30,22,25,-3.23%
PTACV500,Pyewackets Apple Cider Vinegar 500ml Raw with The Mother - Organic,181,0.989,6.92,30.17,96,1.055,7.38,32,44,1.467,10.27,44,46,2025-10-14,2026-04-09,PTACV500,TBC - Pyewackets Traditional,Pyewackets Apple Cider Vinegar 500ml Raw with The Mother - Organic,35,30,32,44,24.33%
BPASSH400,Berkelo Pasta - Sourdough Pasta Spelt Shells 400g,178,0.973,6.81,29.67,93,1.022,7.15,31,39,1.3,9.1,39,33,2025-12-04,2026-04-02,BPASSH400,TBC - Berkelo Pasta,Berkelo Pasta - Sourdough Pasta Spelt Shells 400g,33,30,31,39,17.39%
MFCOCOSME,"Coconut Sugar MED - Organic 340g
DISCONTINUED",176,0.962,6.73,29.33,83,0.912,6.38,27.67,4,0.133,0.93,4,62,2025-10-15,2026-04-04,MFCOCOSME,MF - Pantry,"Coconut Sugar MED - Organic 340g
DISCONTINUED",20,29,28,4,-80.33%
NT-KONJAC1,Naked Konjac Sponge,174,0.951,6.66,29.00,98,1.077,7.54,32.67,36,1.2,8.4,36,66,2025-10-23,2026-04-02,NT-KONJAC1,TBC - Naked Tallow,Naked Konjac Sponge,33,29,33,36,10.58%
BBCCA9D,BBCC- Organic Plunger Ground 250g,174,0.951,6.66,29.00,84,0.923,6.46,28,30,1,7,30,28,2025-10-13,2026-03-30,BBCCA9D,TBC - Byron Bay Coffee Company,BBCC- Organic Plunger Ground 250g,29,29,28,30,3.45%
SOSGCO685G,Sol Ghee Certified Organic 685g,173,0.945,6.62,28.83,110,1.209,8.46,36.67,45,1.5,10.5,45,48,2025-12-05,2026-04-10,SOSGCO685G,TBC - Sol Organics,Sol Ghee Certified Organic 685g,37,29,37,45,22.17%
HT-NMT-SJ,HT Noosa Mint Tea Standard Jar,171,0.934,6.54,28.50,81,0.89,6.23,27,31,1.033,7.23,31,42,2025-11-11,2026-04-02,HT-NMT-SJ,TBC - Heart Therapeutics,HT Noosa Mint Tea Standard Jar,29,29,27,31,7.51%
MYCROTT30,Turkey Tail 30ml - Mycro,170,0.929,6.50,28.33,90,0.989,6.92,30,24,0.8,5.6,24,66,2025-10-20,2026-04-10,MYCROTT30,TBC - Mycro,Turkey Tail 30ml - Mycro,27,28,30,24,-12.55%
SF250G,Sacred Taste Cacao Fire - Chilli Cacao 250g,166,0.907,6.35,27.67,90,0.989,6.92,30,19,0.633,4.43,19,67,2025-10-13,2026-04-08,SF250G,TBC - Sacred Taste Cacao,Sacred Taste Cacao Fire - Chilli Cacao 250g,26,28,30,19,-25.66%
MYCROZEROTT30,Zero Alcohol Turkey Tail 30ml - Mycro,164,0.896,6.27,27.33,79,0.868,6.08,26.33,21,0.7,4.9,21,62,2025-10-15,2026-04-09,MYCROZEROTT30,TBC - Mycro,Zero Alcohol Turkey Tail 30ml - Mycro,25,27,26,21,-15.62%
HT-DA-SJ,HT Daydreams Standard Jar,162,0.885,6.20,27.00,35,0.385,2.69,11.67,15,0.5,3.5,15,44,2025-11-11,2026-04-09,HT-DA-SJ,TBC - Heart Therapeutics,HT Daydreams Standard Jar,18,27,12,15,-16.15%
BBCCA6D,BBCC - Nero Espresso Whole Bean 250g,162,0.885,6.20,27.00,84,0.923,6.46,28,18,0.6,4.2,18,23,2025-11-06,2026-04-08,BBCCA6D,TBC - Byron Bay Coffee Company,BBCC - Nero Espresso Whole Bean 250g,24,27,28,18,-26.03%
BBCCB6AGD,BBCC- Organic Espresso Ground 500g,162,0.885,6.20,27.00,66,0.725,5.08,22,30,1,7,30,22,2025-10-22,2026-03-26,BBCCB6AGD,TBC - Byron Bay Coffee Company,BBCC- Organic Espresso Ground 500g,26,27,22,30,13.92%
CP-SOAP-GMS,Clean & Pure - Goat Milk Soap 100g,161,0.88,6.16,26.83,108,1.187,8.31,36,25,0.833,5.83,25,31,2025-12-11,2026-04-10,CP-SOAP-GMS,TBC - Clean & Pure,Clean & Pure - Goat Milk Soap 100g,29,27,36,25,-14.61%
MFCHIASXL,Chia Seeds - Organic XLRG (1kg) DISCONTINUED,159,0.869,6.08,26.50,82,0.901,6.31,27.33,46,1.533,10.73,46,76,2025-10-11,2026-04-04,MFCHIASXL,MF - Pantry,Chia Seeds - Organic XLRG (1kg) DISCONTINUED,33,27,27,46,38.23%
ZH-TRIOB,Zeally Herbs Cleanse Bundle [3-in-1 Boxed Bundle + E-Book],155,0.847,5.93,25.83,51,0.56,3.92,17,3,0.1,0.7,3,56,2025-10-13,2026-03-31,ZH-TRIOB,TBC - Zeally Herbs,Zeally Herbs Cleanse Bundle [3-in-1 Boxed Bundle + E-Book],15,26,17,3,-80.36%
IH-BlackSeed-Brochure,Brochure: Immortal Health - Black Seed Oil,154,0.842,5.89,25.67,124,1.363,9.54,41.33,31,1.033,7.23,31,25,2025-12-16,2026-04-10,IH-BlackSeed-Brochure,TBC - Immortal Health,Brochure: Immortal Health - Black Seed Oil,33,26,41,31,-5.10%
KIP-MGO829+250g,King Island Pure Manuka MGO 829+ 250g,154,0.842,5.89,25.67,93,1.022,7.15,31,37,1.233,8.63,37,49,2025-10-16,2026-04-08,KIP-MGO829+250g,TBC - King Island Pure Manuka,King Island Pure Manuka MGO 829+ 250g,31,26,31,37,18.50%
DC-ROC-200-WB,"Regenerative Organic Single Origin Coffee | Whole Bean 200g (Colombia ""Henry Ramirez"")",152,0.831,5.81,25.33,69,0.758,5.31,23,19,0.633,4.43,19,21,2025-10-15,2026-04-08,DC-ROC-200-WB,TBC - Dukes Coffee,"Regenerative Organic Single Origin Coffee | Whole Bean 200g (Colombia ""Henry Ramirez"")",22,25,23,19,-15.34%
HT-HBT-SJ,HT Hinterland Bush Tea standard Jar,151,0.825,5.78,25.17,65,0.714,5,21.67,11,0.367,2.57,11,41,2025-11-11,2026-04-02,HT-HBT-SJ,TBC - Heart Therapeutics,HT Hinterland Bush Tea standard Jar,19,25,22,11,-42.95%
COCOSUG,Coconut Sugar (Organic),150,0.82,5.74,25.00,125,1.374,9.62,41.67,75,2.5,17.5,75,5,2025-10-29,2026-03-31,COCOSUG,MF - Ingredients,Coconut Sugar (Organic),47,25,42,75,58.82%
CP-DEO-CSP,Clean & Pure - Citrus Splash Natural Deodorant 60g,149,0.814,5.70,24.83,138,1.516,10.62,46,64,2.133,14.93,64,39,2026-01-07,2026-04-10,CP-DEO-CSP,TBC - Clean & Pure,Clean & Pure - Citrus Splash Natural Deodorant 60g,45,25,46,64,42.40%
MFJUNIPME,Juniper Berries MED (190g),149,0.814,5.70,24.83,98,1.077,7.54,32.67,1,0.033,0.23,1,46,2025-10-14,2026-03-13,MFJUNIPME,MF - Pantry,Juniper Berries MED (190g),20,25,33,1,-94.87%
2LY,Packed Liam,149,0.814,5.70,24.83,9,0.099,0.69,3,0,0,0,0,149,2025-10-16,2026-03-06,2LY,Staff & Labour,Packed Liam,14,25,3,0,-100.00%
NT-MAG-120,Naked Tallow - Magnesium Tallow Cream 120ml,148,0.809,5.66,24.67,148,1.626,11.38,49.33,148,4.933,34.53,148,35,2026-03-16,2026-04-10,NT-MAG-120,TBC - Naked Tallow,Naked Tallow - Magnesium Tallow Cream 120ml,99,25,49,148,50.00%
CP-DEO-FLF,Clean & Pure - Floral Fusion Natural Deodorant 60g,146,0.798,5.58,24.33,136,1.495,10.46,45.33,56,1.867,13.07,56,30,2026-01-08,2026-04-10,CP-DEO-FLF,TBC - Clean & Pure,Clean & Pure - Floral Fusion Natural Deodorant 60g,42,24,45,56,33.69%
CP-DEO-ATH,Clean & Pure - Athletic Edge Natural Deodorant 60g,146,0.798,5.58,24.33,134,1.473,10.31,44.67,43,1.433,10.03,43,34,2026-01-07,2026-04-10,CP-DEO-ATH,TBC - Clean & Pure,Clean & Pure - Athletic Edge Natural Deodorant 60g,37,24,45,43,15.18%
NT-PROMOWOBBLER'25,Promo Wobbler & Poster - Naked Tallow,146,0.798,5.58,24.33,0,0,0,0,0,0,0,0,107,2025-10-14,2025-12-19,NT-PROMOWOBBLER'25,TBC - POS,Promo Wobbler & Poster - Naked Tallow,12,24,0,0,-100.00%
MFHEMPSLG,Hemp Seeds DISCONTINUED (Tasmanian) - Insecticide-Free LRG (550g),142,0.776,5.43,23.67,71,0.78,5.46,23.67,7,0.233,1.63,7,73,2025-10-12,2026-03-17,MFHEMPSLG,MF - Pantry,Hemp Seeds DISCONTINUED (Tasmanian) - Insecticide-Free LRG (550g),18,24,24,7,-61.35%
CP-LIP-COFC-6g,Clean & Pure - Coffee & Coconut Lip Balm Tube 6g,141,0.77,5.39,23.50,121,1.33,9.31,40.33,48,1.6,11.2,48,17,2025-12-24,2026-04-10,CP-LIP-COFC-6g,TBC - Clean & Pure,Clean & Pure - Coffee & Coconut Lip Balm Tube 6g,37,24,40,48,28.77%
MFBRAZNXL,Brazil Nuts - Organic & Activated XLRG (1kg),141,0.77,5.39,23.50,72,0.791,5.54,24,28,0.933,6.53,28,90,2025-10-13,2026-04-07,MFBRAZNXL,MF - Nuts,Brazil Nuts - Organic & Activated XLRG (1kg),25,24,24,28,11.26%
MFOATSRLG,Oats Rolled - Organic LRG (450g) DISCONTINUED,141,0.77,5.39,23.50,38,0.418,2.92,12.67,0,0,0,0,48,2025-10-14,2026-02-05,MFOATSRLG,MF - Pantry,Oats Rolled - Organic LRG (450g) DISCONTINUED,18,24,13,0,-100.00%
ZH-GSB,Zeally Herbs Gut Sweep & Bind Powder,140,0.765,5.36,23.33,53,0.582,4.08,17.67,0,0,0,0,37,2025-10-16,2026-02-11,ZH-GSB,TBC - Zeally Herbs,Zeally Herbs Gut Sweep & Bind Powder,21,23,18,0,-100.00%
2LD,Packed Lachlan,138,0.754,5.28,23.00,73,0.802,5.62,24.33,33,1.1,7.7,33,136,2025-10-17,2026-04-07,2LD,Staff & Labour,Packed Lachlan,27,23,24,33,23.24%
NT-GINGER-180,Naked Tallow - With Spice Tallow Cream 180g,138,0.754,5.28,23.00,80,0.879,6.15,26.67,48,1.6,11.2,48,39,2025-12-03,2026-04-02,NT-GINGER-180,TBC - Naked Tallow,Naked Tallow - With Spice Tallow Cream 180g,33,23,27,48,47.44%
ZWFGANTH,HOT SAUCE Wild Native Green Ant & Green Apple - Ziggy's Wild Foods,137,0.749,5.24,22.83,67,0.736,5.15,22.33,26,0.867,6.07,26,46,2025-10-13,2026-04-09,ZWFGANTH,TBC - Ziggy's Wild Foods,HOT SAUCE Wild Native Green Ant & Green Apple - Ziggy's Wild Foods,24,23,22,26,9.61%
MFOREGAME,Oregano MED (100g) DISCONTINUED,136,0.743,5.20,22.67,38,0.418,2.92,12.67,0,0,0,0,40,2025-11-11,2026-02-12,MFOREGAME,MF - Tea,Oregano MED (100g) DISCONTINUED,18,23,13,0,-100.00%
HT-ST-SJ,HT Spring Tonic Standard Jar,135,0.738,5.16,22.50,36,0.396,2.77,12,6,0.2,1.4,6,32,2025-11-11,2026-04-02,HT-ST-SJ,TBC - Heart Therapeutics,HT Spring Tonic Standard Jar,14,23,12,6,-55.56%
HT-BR-SJ,HT Brains Standard Jar,135,0.738,5.16,22.50,50,0.549,3.85,16.67,23,0.767,5.37,23,35,2025-11-11,2026-03-31,HT-BR-SJ,TBC - Heart Therapeutics,HT Brains Standard Jar,21,23,17,23,10.99%
MFNUTMESM,Nutmeg (Whole) - Organic SML (120g),131,0.716,5.01,21.83,76,0.835,5.85,25.33,14,0.467,3.27,14,49,2025-10-15,2026-03-25,MFNUTMESM,MF - Pantry,Nutmeg (Whole) - Organic SML (120g),20,22,25,14,-31.33%
MF-POS-MunchiesKit01,"6xLRG, 2xTent, 4xPosters, 1xCups, 1xSpoon",131,0.716,5.01,21.83,61,0.67,4.69,20.33,21,0.7,4.9,21,78,2025-10-16,2026-04-10,MF-POS-MunchiesKit01,TBC - POS,"6xLRG, 2xTent, 4xPosters, 1xCups, 1xSpoon",21,22,20,21,-0.25%
SBBarsEnergyDblChoc10PK,SAVVY ENERGY BAR - 10 x 35g - Double Choc Brownie,129,0.705,4.93,21.50,49,0.538,3.77,16.33,29,0.967,6.77,29,63,2025-10-14,2026-04-10,SBBarsEnergyDblChoc10PK,TBC - Savvy Beverage,SAVVY ENERGY BAR - 10 x 35g - Double Choc Brownie,22,22,16,29,30.18%
SOSGCO1KG,Sol Ghee Certified Organic 1kg,129,0.705,4.93,21.50,71,0.78,5.46,23.67,11,0.367,2.57,11,26,2025-12-05,2026-04-10,SOSGCO1KG,TBC - Sol Organics,Sol Ghee Certified Organic 1kg,19,22,24,11,-41.25%
SBCCACAO180G,Sol Brothers - Ceremonial Cacao & Maple 180g,129,0.705,4.93,21.50,90,0.989,6.92,30,34,1.133,7.93,34,33,2025-12-09,2026-04-10,SBCCACAO180G,TBC - Sol Brothers,Sol Brothers - Ceremonial Cacao & Maple 180g,29,22,30,34,19.30%
MFCORNFME,Cornflower MED (40g),129,0.705,4.93,21.50,41,0.451,3.15,13.67,20,0.667,4.67,20,51,2025-10-14,2026-04-08,MFCORNFME,MF - Tea,Cornflower MED (40g),18,22,14,20,8.75%
SDREDLOLG,"STARDUST Red ""Longevity"" - Organic LRG (650g)",128,0.699,4.90,21.33,65,0.714,5,21.67,18,0.6,4.2,18,81,2025-10-14,2026-04-09,SDREDLOLG,Stardust,"STARDUST Red ""Longevity"" - Organic LRG (650g)",20,21,22,18,-11.48%
MYCROZEROCO30,Zero Alcohol Cordyceps 30ml - Mycro,127,0.694,4.86,21.17,73,0.802,5.62,24.33,26,0.867,6.07,26,48,2025-10-16,2026-04-10,MYCROZEROCO30,TBC - Mycro,Zero Alcohol Cordyceps 30ml - Mycro,24,21,24,26,9.09%
AE-FRAN005,Frankincense - 5ML - Absolute Essential,127,0.694,4.86,21.17,64,0.703,4.92,21.33,18,0.6,4.2,18,48,2025-10-14,2026-04-08,AE-FRAN005,TBC - Absolute Essential,Frankincense - 5ML - Absolute Essential,20,21,21,18,-10.74%
LCRDE60,Life Cykel - Double Extract - Reishi 60ml,123,0.672,4.70,20.50,56,0.615,4.31,18.67,17,0.567,3.97,17,51,2025-10-13,2026-04-08,LCRDE60,TBC - Life Cykel,Life Cykel - Double Extract - Reishi 60ml,19,21,19,17,-9.20%
MFQUINOLG,Quinoa Tri-Colour Organic LRG (800g) DISCONTINUED,123,0.672,4.70,20.50,7,0.077,0.54,2.33,0,0,0,0,55,2025-10-13,2026-01-19,MFQUINOLG,MF - Pantry,Quinoa Tri-Colour Organic LRG (800g) DISCONTINUED,11,21,2,0,-100.00%
1JB,Picked Jayke,123,0.672,4.70,20.50,0,0,0,0,0,0,0,0,123,2025-10-16,2025-12-19,1JB,Staff & Labour,Picked Jayke,10,21,0,0,-100.00%
SIS-MagCedar-30ml,SISUU Cedar Veil Scent - Magnesium Spray 30ml,122,0.667,4.67,20.33,117,1.286,9,39,50,1.667,11.67,50,38,2025-12-24,2026-04-10,SIS-MagCedar-30ml,TBC - SISUU,SISUU Cedar Veil Scent - Magnesium Spray 30ml,36,20,39,50,37.20%
CM-POS-WOBBLER,Cool Medjool - Wobbler,122,0.667,4.67,20.33,31,0.341,2.38,10.33,7,0.233,1.63,7,66,2025-10-13,2026-04-10,CM-POS-WOBBLER,TBC - POS,Cool Medjool - Wobbler,13,20,10,7,-44.24%
ZH-PCC,Zeally Herbs Para Protocol 60 capsules,121,0.661,4.63,20.17,31,0.341,2.38,10.33,0,0,0,0,42,2025-10-13,2026-01-29,ZH-PCC,TBC - Zeally Herbs,Zeally Herbs Para Protocol 60 capsules,15,20,10,0,-100.00%
MFBKCARAB9,Caramel Buckies BULK (9kg),120,0.656,4.59,20.00,47,0.516,3.62,15.67,31,1.033,7.23,31,29,2025-10-20,2026-04-09,MFBKCARAB9,MF - Buckies,Caramel Buckies BULK (9kg),22,20,16,31,39.49%
MFPSYHULG,Psyllium Husk LRG - Organic 400g DISCONTINUED,120,0.656,4.59,20.00,28,0.308,2.15,9.33,0,0,0,0,51,2025-10-14,2026-02-23,MFPSYHULG,MF - Pantry,Psyllium Husk LRG - Organic 400g DISCONTINUED,15,20,9,0,-100.00%
IRMAC,Macadamia Roasted with Maple Cinnamon,119.15,0.651,4.56,19.86,0,0,0,0,0,0,0,0,1,2025-11-10,2025-11-10,IRMAC,MF - Intermediate,Macadamia Roasted with Maple Cinnamon,10,20,0,0,-100.00%
2TD,Packed Tara,119,0.65,4.55,19.83,60,0.659,4.62,20,0,0,0,0,119,2025-11-14,2026-01-27,2TD,Staff & Labour,Packed Tara,20,20,20,0,-100.00%
WALNUTOIL-ORG500ml,Extra Virgin Walnut Oil - Australian Certified Organic 500ml,116,0.634,4.44,19.33,49,0.538,3.77,16.33,1,0.033,0.23,1,21,2025-10-31,2026-03-16,WALNUTOIL-ORG500ml,TBC - Omega Walnuts,Extra Virgin Walnut Oil - Australian Certified Organic 500ml,12,19,16,1,-91.82%
TR-Chai250,Chai Activated Turmeric Paste - Organic 250g,115,0.628,4.40,19.17,39,0.429,3,13,17,0.567,3.97,17,33,2025-10-13,2026-03-27,TR-Chai250,TBC - Totally Rawesome,Chai Activated Turmeric Paste - Organic 250g,16,19,13,17,3.72%
HT-ML-SJ,HT Mother Lover Standard Jar,115,0.628,4.40,19.17,41,0.451,3.15,13.67,19,0.633,4.43,19,28,2025-11-11,2026-03-27,HT-ML-SJ,TBC - Heart Therapeutics,HT Mother Lover Standard Jar,17,19,14,19,9.95%
2NM,Packed Nicola,115,0.628,4.40,19.17,0,0,0,0,0,0,0,0,104,2025-11-05,2025-12-24,2NM,Staff & Labour,Packed Nicola,10,19,0,0,-100.00%
NT-POWCLEANSER-30,Powder Cleanser  25g - Naked Tallow,113,0.617,4.32,18.83,70,0.769,5.38,23.33,27,0.9,6.3,27,51,2025-10-13,2026-04-08,NT-POWCLEANSER-30,TBC - Naked Tallow,Powder Cleanser  25g - Naked Tallow,23,19,23,27,17.12%
HT-TMM-SJ,HT The Milk Maid Standard Jar,113,0.617,4.32,18.83,45,0.495,3.46,15,24,0.8,5.6,24,29,2025-11-11,2026-03-20,HT-TMM-SJ,TBC - Heart Therapeutics,HT The Milk Maid Standard Jar,19,19,15,24,24.50%
MFHEMPSSM,Hemp Seeds (Tasmanian) - Insecticide-Free SML (140g) DISCONTINUED,113,0.617,4.32,18.83,0,0,0,0,0,0,0,0,36,2025-10-13,2025-12-18,MFHEMPSSM,MF - Pantry,Hemp Seeds (Tasmanian) - Insecticide-Free SML (140g) DISCONTINUED,9,19,0,0,-100.00%
MFSCHIBSM,Schisandra Berries SML (115g) DISCONTINUED,111,0.607,4.25,18.50,38,0.418,2.92,12.67,0,0,0,0,38,2025-10-14,2026-01-30,MFSCHIBSM,MF - Pantry,Schisandra Berries SML (115g) DISCONTINUED,16,19,13,0,-100.00%
MYCROZERORE30,Zero Alcohol Reishi 30ml - Mycro,109,0.596,4.17,18.17,41,0.451,3.15,13.67,18,0.6,4.2,18,42,2025-10-15,2026-04-10,MYCROZERORE30,TBC - Mycro,Zero Alcohol Reishi 30ml - Mycro,17,18,14,18,8.35%
1KP,Picked Kat,109,0.596,4.17,18.17,86,0.945,6.62,28.67,1,0.033,0.23,1,109,2025-12-10,2026-03-12,1KP,Staff & Labour,Picked Kat,16,18,29,1,-93.73%
DC-MRKT-200-GR,Market Blend Organic Coffee | Ground for Stovetop 200g,108,0.59,4.13,18.00,50,0.549,3.85,16.67,27,0.9,6.3,27,29,2025-10-13,2026-04-10,DC-MRKT-200-GR,TBC - Dukes Coffee,Market Blend Organic Coffee | Ground for Stovetop 200g,21,18,17,27,31.34%
LCCDE120,Life Cykel - Double Extract - Cordyceps 120ml,108,0.59,4.13,18.00,47,0.516,3.62,15.67,0,0,0,0,45,2025-10-14,2026-03-11,LCCDE120,TBC - Life Cykel,Life Cykel - Double Extract - Cordyceps 120ml,17,18,16,0,-100.00%
BV-MBTallow100,Mystic Tallow 100ml with Methylene Blue - Blueprint Vitality,108,0.59,4.13,18.00,48,0.527,3.69,16,0,0,0,0,45,2025-10-14,2026-03-09,BV-MBTallow100,TBC - Blueprint Vitality,Mystic Tallow 100ml with Methylene Blue - Blueprint Vitality,17,18,16,0,-100.00%
LCRDE120,Life Cykel - Double Extract - Reishi 120ml,107,0.585,4.09,17.83,68,0.747,5.23,22.67,19,0.633,4.43,19,45,2025-10-13,2026-03-27,LCRDE120,TBC - Life Cykel,Life Cykel - Double Extract - Reishi 120ml,20,18,23,19,-4.20%
CP-DEO-OBE,Clean & Pure - Outback Essence Natural Deodorant 60g,106,0.579,4.05,17.67,95,1.044,7.31,31.67,43,1.433,10.03,43,21,2026-01-07,2026-04-10,CP-DEO-OBE,TBC - Clean & Pure,Clean & Pure - Outback Essence Natural Deodorant 60g,31,18,32,43,39.70%
AE-LAVT010,Lavender True - 10ML - Absolute Essential,106,0.579,4.05,17.67,54,0.593,4.15,18,14,0.467,3.27,14,40,2025-10-14,2026-04-07,AE-LAVT010,TBC - Absolute Essential,Lavender True - 10ML - Absolute Essential,17,18,18,14,-15.44%
AE-PEPM010,Peppermint - 10ML - Absolute Essential,106,0.579,4.05,17.67,62,0.681,4.77,20.67,20,0.667,4.67,20,41,2025-10-15,2026-04-01,AE-PEPM010,TBC - Absolute Essential,Peppermint - 10ML - Absolute Essential,19,18,21,20,2.85%
CM-PB-30box,Cool Medjool - Peanut Butter (30x singles),104,0.568,3.98,17.33,101,1.11,7.77,33.67,33,1.1,7.7,33,94,2026-01-08,2026-04-10,CM-PB-30box,TBC - Cool Medjool,Cool Medjool - Peanut Butter (30x singles),28,17,34,33,17.86%
DC-HIGH-200-GR,Highwire Blend Organic Coffee | Ground for Plunger 200g,104,0.568,3.98,17.33,38,0.418,2.92,12.67,27,0.9,6.3,27,26,2025-10-13,2026-04-10,DC-HIGH-200-GR,TBC - Dukes Coffee,Highwire Blend Organic Coffee | Ground for Plunger 200g,19,17,13,27,42.11%
LCTTDE60,Life Cykel - Double Extract - Turkey Tail 60ml,104,0.568,3.98,17.33,59,0.648,4.54,19.67,33,1.1,7.7,33,41,2025-10-13,2026-04-07,LCTTDE60,TBC - Life Cykel,Life Cykel - Double Extract - Turkey Tail 60ml,23,17,20,33,41.43%
SBBarsCalmDblChoc10PK,SAVVY CALM BAR - 10 x 35g - Double Choc Brownie,103,0.563,3.94,17.17,49,0.538,3.77,16.33,26,0.867,6.07,26,68,2025-10-13,2026-04-10,SBBarsCalmDblChoc10PK,TBC - Savvy Beverage,SAVVY CALM BAR - 10 x 35g - Double Choc Brownie,20,17,16,26,31.09%
SDBLUEILG,"STARDUST Blue ""Immunity"" - Organic LRG (600g)",102,0.557,3.90,17.00,56,0.615,4.31,18.67,16,0.533,3.73,16,58,2025-10-15,2026-04-10,SDBLUEILG,Stardust,"STARDUST Blue ""Immunity"" - Organic LRG (600g)",17,17,19,16,-7.10%
NT-SOOTHMASK-45,Soothing Mask  45g - Naked Tallow,102,0.557,3.90,17.00,63,0.692,4.85,21,26,0.867,6.07,26,42,2025-10-13,2026-04-09,NT-SOOTHMASK-45,TBC - Naked Tallow,Soothing Mask  45g - Naked Tallow,21,17,21,26,21.88%
CP-SOAP-WOS,Clean & Pure - West Australian Ocean Soap 100g,101,0.552,3.86,16.83,64,0.703,4.92,21.33,13,0.433,3.03,13,23,2025-12-10,2026-04-10,CP-SOAP-WOS,TBC - Clean & Pure,Clean & Pure - West Australian Ocean Soap 100g,17,17,21,13,-23.77%
ZWFRASPV,VINEGAR Wild Native Raspberry Balsamic - Ziggy's Wild Foods,101,0.552,3.86,16.83,38,0.418,2.92,12.67,19,0.633,4.43,19,38,2025-10-15,2026-04-10,ZWFRASPV,TBC - Ziggy's Wild Foods,VINEGAR Wild Native Raspberry Balsamic - Ziggy's Wild Foods,16,17,13,19,17.53%
MFCOCOSLG,Coconut Sugar LRG - Organic 680g,99,0.541,3.79,16.50,54,0.593,4.15,18,31,1.033,7.23,31,36,2025-10-12,2026-04-08,MFCOCOSLG,MF - Pantry,Coconut Sugar LRG - Organic 680g,22,17,18,31,41.98%
BBCCA1D,BBCC - Classic Plunger Ground 250g,99,0.541,3.79,16.50,54,0.593,4.15,18,18,0.6,4.2,18,15,2025-10-13,2026-03-27,BBCCA1D,TBC - Byron Bay Coffee Company,BBCC - Classic Plunger Ground 250g,18,17,18,18,2.86%
NT-BOOKLET,BOOKLET: Naked Tallow Product Info Guide,97,0.53,3.71,16.17,30,0.33,2.31,10,24,0.8,5.6,24,22,2025-10-16,2026-04-10,NT-BOOKLET,TBC - Naked Tallow,BOOKLET: Naked Tallow Product Info Guide,17,16,10,24,43.51%
SDASTRASM,STARDUST Astragalus 20:1 Extract Powder SML (120g),97,0.53,3.71,16.17,0,0,0,0,0,0,0,0,41,2025-10-14,2026-01-08,SDASTRASM,Stardust - Adaptogen,STARDUST Astragalus 20:1 Extract Powder SML (120g),8,16,0,0,-100.00%
MFBARBEME,Barberry Bark MED (110g),96,0.525,3.67,16.00,66,0.725,5.08,22,7,0.233,1.63,7,27,2025-10-21,2026-04-09,MFBARBEME,MF - Tea,Barberry Bark MED (110g),15,16,22,7,-53.33%
MFPEPITXL,Pepitas Styrian - Organic & Activated XLRG (1kg) DISCONTINUED,96,0.525,3.67,16.00,50,0.549,3.85,16.67,11,0.367,2.57,11,71,2025-10-12,2026-04-07,MFPEPITXL,MF - Pantry,Pepitas Styrian - Organic & Activated XLRG (1kg) DISCONTINUED,15,16,17,11,-24.43%
SBADAPCAC180G,Sol Brothers - Adaptogenic Drinking Chocolate 180g,96,0.525,3.67,16.00,69,0.758,5.31,23,29,0.967,6.77,29,24,2025-12-11,2026-04-01,SBADAPCAC180G,TBC - Sol Brothers,Sol Brothers - Adaptogenic Drinking Chocolate 180g,23,16,23,29,27.94%
BBCCD1D,BBCC - Dark Chocolate Coffee Beans 125g,96,0.525,3.67,16.00,16,0.176,1.23,5.33,8,0.267,1.87,8,8,2025-11-05,2026-03-12,BBCCD1D,TBC - Byron Bay Coffee Company,BBCC - Dark Chocolate Coffee Beans 125g,10,16,5,8,-18.17%
SBSTRWMA180G,Sol Brothers - Strawberry Matcha Blend 180g,95,0.519,3.63,15.83,73,0.802,5.62,24.33,22,0.733,5.13,22,27,2025-11-11,2026-04-10,SBSTRWMA180G,TBC - Sol Brothers,Sol Brothers - Strawberry Matcha Blend 180g,21,16,24,22,6.18%
DC-MRKT-200-WB,Market Blend Organic Coffee | Whole Bean 200g,95,0.519,3.63,15.83,44,0.484,3.38,14.67,3,0.1,0.7,3,20,2025-10-15,2026-03-12,DC-MRKT-200-WB,TBC - Dukes Coffee,Market Blend Organic Coffee | Whole Bean 200g,11,16,15,3,-73.13%
HT-GTI,HT Premium Gold Teacup Infuser,94,0.514,3.60,15.67,33,0.363,2.54,11,0,0,0,0,21,2025-11-14,2026-02-03,HT-GTI,TBC - Heart Therapeutics,HT Premium Gold Teacup Infuser,13,16,11,0,-100.00%
SDYELLOXL,"STARDUST Yellow ""Anti-Inflammatory"" - 1kg JAR",90,0.492,3.44,15.00,50,0.549,3.85,16.67,28,0.933,6.53,28,58,2025-10-15,2026-04-07,SDYELLOXL,Stardust,"STARDUST Yellow ""Anti-Inflammatory"" - 1kg JAR",20,15,17,28,40.77%
CRUNCHYS2KG,Peanut Butter - Crunchy BULK 2kg,90,0.492,3.44,15.00,37,0.407,2.85,12.33,15,0.5,3.5,15,19,2025-10-22,2026-04-02,CRUNCHYS2KG,TBC - Byron Bay Peanut Butter Co,Peanut Butter - Crunchy BULK 2kg,14,15,12,15,6.31%
BBCCA10D,BBCC- Organic Plunger Ground 100g,90,0.492,3.44,15.00,18,0.198,1.38,6,6,0.2,1.4,6,8,2025-11-11,2026-03-30,BBCCA10D,TBC - Byron Bay Coffee Company,BBCC- Organic Plunger Ground 100g,9,15,6,6,-33.33%
HT-FD-SJ,HT Flash Dancer Standard Jar,90,0.492,3.44,15.00,24,0.264,1.85,8,18,0.6,4.2,18,20,2025-11-11,2026-03-20,HT-FD-SJ,TBC - Heart Therapeutics,HT Flash Dancer Standard Jar,14,15,8,18,31.71%
CM-DC-30box,Cool Medjool - Double Chocolate (30x singles),87,0.475,3.33,14.50,84,0.923,6.46,28,24,0.8,5.6,24,84,2026-01-08,2026-04-10,CM-DC-30box,TBC - Cool Medjool,Cool Medjool - Double Chocolate (30x singles),22,15,28,24,8.27%
KIP-MGO988+250g,King Island Pure Manuka MGO 988+  250g,87,0.475,3.33,14.50,47,0.516,3.62,15.67,23,0.767,5.37,23,35,2025-10-17,2026-04-07,KIP-MGO988+250g,TBC - King Island Pure Manuka,King Island Pure Manuka MGO 988+  250g,18,15,16,23,29.77%
AE-BSDEP010,Breathe Well - 10ML - Absolute Essential,87,0.475,3.33,14.50,30,0.33,2.31,10,6,0.2,1.4,6,32,2025-10-14,2026-04-01,AE-BSDEP010,TBC - Absolute Essential,Breathe Well - 10ML - Absolute Essential,10,15,10,6,-40.98%
2JJ,Packed By Jon,87,0.475,3.33,14.50,0,0,0,0,0,0,0,0,87,2025-10-23,2025-11-14,2JJ,Staff & Labour,Packed By Jon,7,15,0,0,-100.00%
AE-CLOB010,Clove Bud - 10ML - Absolute Essential,86,0.47,3.29,14.33,44,0.484,3.38,14.67,13,0.433,3.03,13,32,2025-10-15,2026-04-08,AE-CLOB010,TBC - Absolute Essential,Clove Bud - 10ML - Absolute Essential,14,14,15,13,-7.14%
MFCACBPB5,Cacao Brain Power - Organic & Activated BULK (5kg),86,0.47,3.29,14.33,42,0.462,3.23,14,13,0.433,3.03,13,67,2025-10-12,2026-04-08,MFCACBPB5,MF - Granola,Cacao Brain Power - Organic & Activated BULK (5kg),14,14,14,13,-5.64%
MFYERBALG,Yerba Maté LRG - Organic 300g,84,0.459,3.21,14.00,31,0.341,2.38,10.33,8,0.267,1.87,8,33,2025-10-16,2026-03-31,MFYERBALG,MF - Pantry,Yerba Maté LRG - Organic 300g,11,14,10,8,-25.77%
SC1KG,Sacred Taste Cacao Ceremony - Ceremonial Cacao 1kg Bag,82,0.448,3.14,13.67,41,0.451,3.15,13.67,18,0.6,4.2,18,27,2025-10-13,2026-04-10,SC1KG,TBC - Sacred Taste Cacao,Sacred Taste Cacao Ceremony - Ceremonial Cacao 1kg Bag,15,14,14,18,19.10%
SIS-MagCedar-100ml,SISUU Cedar Veil Scent - Magnesium Spray 100ml,80,0.437,3.06,13.33,80,0.879,6.15,26.67,37,1.233,8.63,37,27,2026-01-12,2026-04-07,SIS-MagCedar-100ml,TBC - SISUU,SISUU Cedar Veil Scent - Magnesium Spray 100ml,32,13,27,37,16.22%
AE-BSDRT010,Deep Sleep - 10ML - Absolute Essential,80,0.437,3.06,13.33,35,0.385,2.69,11.67,12,0.4,2.8,12,36,2025-10-14,2026-04-07,AE-BSDRT010,TBC - Absolute Essential,Deep Sleep - 10ML - Absolute Essential,12,13,12,12,-2.70%
BBCCD2D,BBCC - Milk Chocolate Coffee Beans 125g,80,0.437,3.06,13.33,16,0.176,1.23,5.33,8,0.267,1.87,8,6,2025-11-05,2026-03-23,BBCCD2D,TBC - Byron Bay Coffee Company,BBCC - Milk Chocolate Coffee Beans 125g,9,13,5,8,-9.98%
CM-HZ-30box,Cool Medjool - Hazelnut Crunch (30x singles),79,0.432,3.02,13.17,76,0.835,5.85,25.33,24,0.8,5.6,24,73,2026-01-08,2026-04-02,CM-HZ-30box,TBC - Cool Medjool,Cool Medjool - Hazelnut Crunch (30x singles),21,13,25,24,15.20%
DC-DUKE-500-WB,Dukes Blend Organic Coffee | Whole Bean 500g,79,0.432,3.02,13.17,32,0.352,2.46,10.67,9,0.3,2.1,9,25,2025-10-25,2026-03-27,DC-DUKE-500-WB,TBC - Dukes Coffee,Dukes Blend Organic Coffee | Whole Bean 500g,11,13,11,9,-17.78%
CM-CO-30box,Cool Medjool - Coconut (30x singles),78,0.426,2.98,13.00,76,0.835,5.85,25.33,24,0.8,5.6,24,69,2026-01-08,2026-04-10,CM-CO-30box,TBC - Cool Medjool,Cool Medjool - Coconut (30x singles),21,13,25,24,15.51%
ZWFDAVOV,VINEGAR Salted Davidson Plum - Ziggy's Wild Foods,78,0.426,2.98,13.00,24,0.264,1.85,8,6,0.2,1.4,6,28,2025-10-16,2026-04-10,ZWFDAVOV,TBC - Ziggy's Wild Foods,VINEGAR Salted Davidson Plum - Ziggy's Wild Foods,9,13,8,6,-33.33%
BBCCB1AD,BBCC- Nero Espresso Whole Bean 500g,78,0.426,2.98,13.00,48,0.527,3.69,16,12,0.4,2.8,12,13,2025-10-21,2026-04-08,BBCCB1AD,TBC - Byron Bay Coffee Company,BBCC- Nero Espresso Whole Bean 500g,14,13,16,12,-12.20%
LCCDE60,Life Cykel - Double Extract - Cordyceps 60ml,78,0.426,2.98,13.00,43,0.473,3.31,14.33,20,0.667,4.67,20,33,2025-10-17,2026-04-08,LCCDE60,TBC - Life Cykel,Life Cykel - Double Extract - Cordyceps 60ml,16,13,14,20,26.77%
MFFRANKSM,Frankincense SML (150g),78,0.426,2.98,13.00,61,0.67,4.69,20.33,22,0.733,5.13,22,29,2025-10-20,2026-04-08,MFFRANKSM,MF - Pantry,Frankincense SML (150g),18,13,20,22,19.28%
DC-DECF-200-WB,"Decaf Organic Single Origin Coffee  Guatemala ""San Jacinto"" | Whole Bean 200g",77,0.421,2.95,12.83,33,0.363,2.54,11,14,0.467,3.27,14,25,2025-10-17,2026-04-10,DC-DECF-200-WB,TBC - Dukes Coffee,"Decaf Organic Single Origin Coffee  Guatemala ""San Jacinto"" | Whole Bean 200g",13,13,11,14,11.02%
AE-RSMY010,Rosemary Cineol - 10ML - Absolute Essential,77,0.421,2.95,12.83,40,0.44,3.08,13.33,6,0.2,1.4,6,31,2025-10-15,2026-04-08,AE-RSMY010,TBC - Absolute Essential,Rosemary Cineol - 10ML - Absolute Essential,11,13,13,6,-44.03%
MFBUCKWB12,Buckwheat - Activated & Organic BULK (12kg),76,0.415,2.91,12.67,58,0.637,4.46,19.33,48,1.6,11.2,48,13,2025-11-13,2026-03-31,MFBUCKWB12,MF - Pantry (Bulk),Buckwheat - Activated & Organic BULK (12kg),27,13,19,48,80.00%
MMBANREFIL,Maple Moon - 40x Carob Bananas Refill Bag,75,0.41,2.87,12.50,36,0.396,2.77,12,17,0.567,3.97,17,59,2025-10-14,2026-04-10,MMBANREFIL,TBC - Maple Moon,Maple Moon - 40x Carob Bananas Refill Bag,14,13,12,17,22.89%
ZWFBUNYV,VINEGAR Smoked Wild Bunya - Ziggy's Wild Foods,75,0.41,2.87,12.50,31,0.341,2.38,10.33,9,0.3,2.1,9,22,2025-10-20,2026-04-10,ZWFBUNYV,TBC - Ziggy's Wild Foods,VINEGAR Smoked Wild Bunya - Ziggy's Wild Foods,11,13,10,9,-15.17%
LCTTDE120,Life Cykel - Double Extract - Turkey Tail 120ml,75,0.41,2.87,12.50,40,0.44,3.08,13.33,16,0.533,3.73,16,32,2025-10-20,2026-04-02,LCTTDE120,TBC - Life Cykel,Life Cykel - Double Extract - Turkey Tail 120ml,14,13,13,16,14.75%
HT-YE-SJ,HT YEP T Standard Jar,75,0.41,2.87,12.50,31,0.341,2.38,10.33,15,0.5,3.5,15,16,2025-11-24,2026-03-20,HT-YE-SJ,TBC - Heart Therapeutics,HT YEP T Standard Jar,13,13,10,15,18.95%
MMSPICELIX150g,Maple Moon - Carob Spiced Elixir 150g,74,0.404,2.83,12.33,48,0.527,3.69,16,10,0.333,2.33,10,31,2025-10-13,2026-04-02,MMSPICELIX150g,TBC - Maple Moon,Maple Moon - Carob Spiced Elixir 150g,13,12,16,10,-21.73%
CP-SOAP-MCS,Clean & Pure - Manuka & Clay Shave Bar 100g,73,0.399,2.79,12.17,60,0.659,4.62,20,16,0.533,3.73,16,19,2025-12-17,2026-04-10,CP-SOAP-MCS,TBC - Clean & Pure,Clean & Pure - Manuka & Clay Shave Bar 100g,16,12,20,16,-0.35%
NT-GINGER-TESTER,TESTER - Naked Tallow - With Spice Tallow Cream,73,0.399,2.79,12.17,31,0.341,2.38,10.33,21,0.7,4.9,21,72,2025-11-26,2026-04-10,NT-GINGER-TESTER,TBC - Naked Tallow,TESTER - Naked Tallow - With Spice Tallow Cream,15,12,10,21,44.83%
MFMIXENB11,Mixed Nuts - Organic & Activated BULK (11kg),73,0.399,2.79,12.17,36,0.396,2.77,12,6,0.2,1.4,6,30,2025-10-17,2026-03-31,MFMIXENB11,MF - Nuts,Mixed Nuts - Organic & Activated BULK (11kg),10,12,12,6,-40.34%
SDSCHISSM,STARDUST Schisandra 20:1 Extract Powder SML (120g),73,0.399,2.79,12.17,70,0.769,5.38,23.33,3,0.1,0.7,3,30,2026-01-08,2026-03-16,SDSCHISSM,Stardust - Adaptogen,STARDUST Schisandra 20:1 Extract Powder SML (120g),13,12,23,3,-76.62%
MF-POS-TastingTent01,"Mindful Foods - Tasting Tent - ""Sample Us Today"" + ""Meet the Activated Munchies""",72,0.393,2.75,12.00,31,0.341,2.38,10.33,7,0.233,1.63,7,24,2025-10-20,2026-04-10,MF-POS-TastingTent01,TBC - POS,"Mindful Foods - Tasting Tent - ""Sample Us Today"" + ""Meet the Activated Munchies""",10,12,10,7,-28.40%
AE-EUCA010,Eucalyptus Australiana - 10ML - Absolute Essential,72,0.393,2.75,12.00,40,0.44,3.08,13.33,10,0.333,2.33,10,32,2025-10-15,2026-04-08,AE-EUCA010,TBC - Absolute Essential,Eucalyptus Australiana - 10ML - Absolute Essential,12,12,13,10,-15.09%
MYCROSH30,Shiitake 30ml - Mycro,70,0.383,2.68,11.67,26,0.286,2,8.67,10,0.333,2.33,10,33,2025-10-13,2026-03-31,MYCROSH30,TBC - Mycro,Shiitake 30ml - Mycro,10,12,9,10,-1.12%
NT-NAKED100TESTER,TESTER: Naked Original Tallow Cream 100ml,69,0.377,2.64,11.50,36,0.396,2.77,12,12,0.4,2.8,12,68,2025-10-13,2026-04-10,NT-NAKED100TESTER,TBC - Naked Tallow,TESTER: Naked Original Tallow Cream 100ml,12,12,12,12,1.41%
AE-BSAMB010,Harmony - 10ML - Absolute Essential,69,0.377,2.64,11.50,26,0.286,2,8.67,5,0.167,1.17,5,31,2025-10-15,2026-04-08,AE-BSAMB010,TBC - Absolute Essential,Harmony - 10ML - Absolute Essential,8,12,9,5,-40.41%
AE-BSTRA010,Tranquility - 10ML - Absolute Essential,69,0.377,2.64,11.50,31,0.341,2.38,10.33,5,0.167,1.17,5,30,2025-10-15,2026-04-08,AE-BSTRA010,TBC - Absolute Essential,Tranquility - 10ML - Absolute Essential,9,12,10,5,-44.09%
HT-CL-MINI,HT cleopatra mini,69,0.377,2.64,11.50,39,0.429,3,13,9,0.3,2.1,9,13,2025-12-08,2026-04-02,HT-CL-MINI,TBC - Heart Therapeutics,HT cleopatra mini,11,12,13,9,-19.40%
MFCORSWSM,Coriander Seed (Whole) SML (80g) DISCONTINUED SIZE,69,0.377,2.64,11.50,0,0,0,0,0,0,0,0,22,2025-10-14,2025-12-04,MFCORSWSM,MF - Pantry,Coriander Seed (Whole) SML (80g) DISCONTINUED SIZE,6,12,0,0,-100.00%
MFMIXENB5.5,Mixed Nuts - Organic & Activated BULK (5.5kg),68,0.372,2.60,11.33,31,0.341,2.38,10.33,17,0.567,3.97,17,47,2025-10-17,2026-04-09,MFMIXENB5.5,MF - Nuts,Mixed Nuts - Organic & Activated BULK (5.5kg),13,11,10,17,31.92%
PTFIRE500,Pyewackets Traditional - Fire Cider Tonic 500ml,68,0.372,2.60,11.33,47,0.516,3.62,15.67,11,0.367,2.57,11,24,2025-10-20,2026-04-02,PTFIRE500,TBC - Pyewackets Traditional,Pyewackets Traditional - Fire Cider Tonic 500ml,13,11,16,11,-13.16%
MFCACAPB3.2,Cacao Powder - Organic Raw BULK (3.2kg),68,0.372,2.60,11.33,35,0.385,2.69,11.67,3,0.1,0.7,3,45,2025-10-22,2026-03-31,MFCACAPB3.2,MF - Pantry (Bulk),Cacao Powder - Organic Raw BULK (3.2kg),9,11,12,3,-65.38%
AE-BSTWS010,Sleep Easy - 10ML - Absolute Essential,68,0.372,2.60,11.33,29,0.319,2.23,9.67,8,0.267,1.87,8,27,2025-10-14,2026-03-24,AE-BSTWS010,TBC - Absolute Essential,Sleep Easy - 10ML - Absolute Essential,10,11,10,8,-17.24%
MMCAROBELIX150g,Maple Moon - Carob Original Elixir 150g,67,0.366,2.56,11.17,33,0.363,2.54,11,6,0.2,1.4,6,30,2025-10-13,2026-04-07,MMCAROBELIX150g,TBC - Maple Moon,Maple Moon - Carob Original Elixir 150g,9,11,11,6,-36.10%
MFROSHBSM,Rosehip Shells (Granules) SML - Organic 175g,67,0.366,2.56,11.17,6,0.066,0.46,2,4,0.133,0.93,4,17,2025-10-14,2026-04-02,MFROSHBSM,MF - Pantry,Rosehip Shells (Granules) SML - Organic 175g,6,11,2,4,-30.11%
AE-LEMN010,Lemon - 10ML - Absolute Essential,66,0.361,2.52,11.00,34,0.374,2.62,11.33,9,0.3,2.1,9,30,2025-10-15,2026-04-08,AE-LEMN010,TBC - Absolute Essential,Lemon - 10ML - Absolute Essential,10,11,11,9,-13.82%
NT-LOVE100TESTER,TESTER: Naked Tallow With Love Cream 100ml,66,0.361,2.52,11.00,33,0.363,2.54,11,14,0.467,3.27,14,62,2025-10-14,2026-04-07,NT-LOVE100TESTER,TBC - Naked Tallow,TESTER: Naked Tallow With Love Cream 100ml,12,11,11,14,16.67%
AE-LEMG010,Lemongrass - 10ML - Absolute Essential,66,0.361,2.52,11.00,37,0.407,2.85,12.33,5,0.167,1.17,5,28,2025-10-15,2026-04-02,AE-LEMG010,TBC - Absolute Essential,Lemongrass - 10ML - Absolute Essential,9,11,12,5,-47.05%
TR-Shroom500,Shroom Activated Turmeric Paste - Certified Organic 500g,66,0.361,2.52,11.00,17,0.187,1.31,5.67,8,0.267,1.87,8,20,2025-10-21,2026-03-31,TR-Shroom500,TBC - Totally Rawesome,Shroom Activated Turmeric Paste - Certified Organic 500g,8,11,6,8,-2.72%
KIP-MGO1200+250g,King Island Pure Manuka MGO 1200+ 250g,65,0.355,2.49,10.83,32,0.352,2.46,10.67,6,0.2,1.4,6,32,2025-10-16,2026-04-10,KIP-MGO1200+250g,TBC - King Island Pure Manuka,King Island Pure Manuka MGO 1200+ 250g,9,11,11,6,-34.55%
CP-SOAP-BSS,Clean & Pure - All in 1 - Baby Soap and Shampoo 100g,65,0.355,2.49,10.83,35,0.385,2.69,11.67,9,0.3,2.1,9,16,2025-12-11,2026-04-10,CP-SOAP-BSS,TBC - Clean & Pure,Clean & Pure - All in 1 - Baby Soap and Shampoo 100g,11,11,12,9,-14.29%
EHBC500,ETRE BULK - 500g Beauty & Digest - Bovine Collagen Australian Grass-Fed,65,0.355,2.49,10.83,40,0.44,3.08,13.33,7,0.233,1.63,7,34,2025-10-25,2026-04-09,EHBC500,TBC - Etre Health,ETRE BULK - 500g Beauty & Digest - Bovine Collagen Australian Grass-Fed,10,11,13,7,-32.61%
AE-BSSIN010,Inhale - 10ML - Absolute Essential,65,0.355,2.49,10.83,19,0.209,1.46,6.33,0,0,0,0,23,2025-10-15,2026-03-11,AE-BSSIN010,TBC - Absolute Essential,Inhale - 10ML - Absolute Essential,9,11,6,0,-100.00%
SBBarsCalmSC10PK,SAVVY CALM BAR - 10 x 35g - Salted Caramel,64,0.35,2.45,10.67,34,0.374,2.62,11.33,24,0.8,5.6,24,41,2025-10-16,2026-04-10,SBBarsCalmSC10PK,TBC - Savvy Beverage,SAVVY CALM BAR - 10 x 35g - Salted Caramel,15,11,11,24,56.52%
BULK-ABBNR-BOX,Bulk - Raw Brazil Nuts - 20kg Box,64,0.35,2.45,10.67,10,0.11,0.77,3.33,3,0.1,0.7,3,12,2025-10-22,2026-03-26,BULK-ABBNR-BOX,Bulk Products,Bulk - Raw Brazil Nuts - 20kg Box,6,11,3,3,-47.06%
1MC,Picked Monica,63,0.344,2.41,10.50,0,0,0,0,0,0,0,0,63,2025-10-13,2025-12-24,1MC,Staff & Labour,Picked Monica,5,11,0,0,-100.00%
NT-SHELFSTRIPS,Naked Tallow - Shelf Strips for retail shelves.,62,0.339,2.37,10.33,45,0.495,3.46,15,17,0.567,3.97,17,43,2025-12-08,2026-04-10,NT-SHELFSTRIPS,TBC - Naked Tallow,Naked Tallow - Shelf Strips for retail shelves.,14,10,15,17,20.48%
AE-BSAST010,Stress Less - 10ML - Absolute Essential,62,0.339,2.37,10.33,32,0.352,2.46,10.67,8,0.267,1.87,8,25,2025-10-15,2026-04-07,AE-BSAST010,TBC - Absolute Essential,Stress Less - 10ML - Absolute Essential,10,10,11,8,-17.24%
1IL,Picked Isaac,61,0.333,2.33,10.17,61,0.67,4.69,20.33,10,0.333,2.33,10,61,2026-01-29,2026-03-13,1IL,Staff & Labour,Picked Isaac,15,10,20,10,-34.06%
MFSEEDMXL,Seed Mix - Organic & Activated XLRG (1kg) DISCONTINUED,60,0.328,2.30,10.00,2,0.022,0.15,0.67,0,0,0,0,49,2025-10-12,2026-01-15,MFSEEDMXL,MF - Pantry,Seed Mix - Organic & Activated XLRG (1kg) DISCONTINUED,5,10,1,0,-100.00%
ENKBLU50,Enki: Blue Lotus 50ml,60,0.328,2.30,10.00,2,0.022,0.15,0.67,0,0,0,0,29,2025-10-13,2026-01-12,ENKBLU50,TBC - Enki Organics,Enki: Blue Lotus 50ml,5,10,1,0,-100.00%
AE-LAVA010,Lavender Sweet - 10ML - Absolute Essential,59,0.322,2.26,9.83,35,0.385,2.69,11.67,6,0.2,1.4,6,25,2025-10-15,2026-04-08,AE-LAVA010,TBC - Absolute Essential,Lavender Sweet - 10ML - Absolute Essential,9,10,12,6,-34.55%
Untamed Granola,Untamed Granola 5KG,59,0.322,2.26,9.83,29,0.319,2.23,9.67,29,0.967,6.77,29,2,2025-12-02,2026-03-18,Untamed Granola,Contract Manufacturing,Untamed Granola 5KG,16,10,10,29,79.38%
2DL,Packed by Leigh,58,0.317,2.22,9.67,58,0.637,4.46,19.33,31,1.033,7.23,31,58,2026-02-12,2026-04-10,2DL,Staff & Labour,Packed by Leigh,25,10,19,31,23.19%
AE-BSIMM010,Immune Care - 10ML - Absolute Essential,57,0.311,2.18,9.50,18,0.198,1.38,6,2,0.067,0.47,2,21,2025-10-15,2026-03-30,AE-BSIMM010,TBC - Absolute Essential,Immune Care - 10ML - Absolute Essential,6,10,6,2,-65.71%
SBCMATCH180G,Sol Brothers - Ceremonial Matcha & Maple 180g,57,0.311,2.18,9.50,51,0.56,3.92,17,12,0.4,2.8,12,18,2025-12-15,2026-03-27,SBCMATCH180G,TBC - Sol Brothers,Sol Brothers - Ceremonial Matcha & Maple 180g,13,10,17,12,-6.49%
MF-POS-Poster01,Mindful Foods - Activated Nuts & Munchies Poster,56,0.306,2.14,9.33,32,0.352,2.46,10.67,23,0.767,5.37,23,32,2025-10-16,2026-04-10,MF-POS-Poster01,TBC - POS,Mindful Foods - Activated Nuts & Munchies Poster,14,9,11,23,60.47%
SIS-MagRefill-90ml,SISUU Recovery Spray 90 ml Refil Satchel,56,0.306,2.14,9.33,28,0.308,2.15,9.33,19,0.633,4.43,19,14,2025-10-20,2026-04-07,SIS-MagRefill-90ml,TBC - SISUU,SISUU Recovery Spray 90 ml Refil Satchel,13,9,9,19,51.35%
ZH-CFC,Zeally Herbs Colon Formula 30 capsules,56,0.306,2.14,9.33,11,0.121,0.85,3.67,0,0,0,0,21,2025-10-13,2026-01-21,ZH-CFC,TBC - Zeally Herbs,Zeally Herbs Colon Formula 30 capsules,7,9,4,0,-100.00%
MFMAPLEB5,Munchies Maple - Organic & Activated BULK (5kg),55,0.301,2.10,9.17,33,0.363,2.54,11,12,0.4,2.8,12,37,2025-10-16,2026-04-10,MFMAPLEB5,MF - Munchies,Munchies Maple - Organic & Activated BULK (5kg),11,9,11,12,11.91%
HT-LP-MINI,HT love potion mini,54,0.295,2.07,9.00,24,0.264,1.85,8,4,0.133,0.93,4,9,2025-12-12,2026-04-02,HT-LP-MINI,TBC - Heart Therapeutics,HT love potion mini,7,9,8,4,-42.86%
AE-BHEYE050,Eye Soothe - 50ML - Absolute Essential,54,0.295,2.07,9.00,36,0.396,2.77,12,15,0.5,3.5,15,19,2025-10-15,2026-03-30,AE-BHEYE050,TBC - Absolute Essential,Eye Soothe - 50ML - Absolute Essential,12,9,12,15,25.00%
EC-HAZCHOC-TESTER,TESTER - Hazelnut Chocolate Spread  200g,54,0.295,2.07,9.00,4,0.044,0.31,1.33,3,0.1,0.7,3,16,2025-10-13,2026-03-27,EC-HAZCHOC-TESTER,TBC - Essential Creme,TESTER - Hazelnut Chocolate Spread  200g,4,9,1,3,-32.48%
TR-Gold500,Golden Activated Turmeric Paste - Organic 500g,54,0.295,2.07,9.00,29,0.319,2.23,9.67,10,0.333,2.33,10,19,2025-10-21,2026-03-25,TR-Gold500,TBC - Totally Rawesome,Golden Activated Turmeric Paste - Organic 500g,10,9,10,10,4.64%
EC-PISTCRMY-TESTER,TESTER - Creamy Pistachio Spread 200g,54,0.295,2.07,9.00,2,0.022,0.15,0.67,1,0.033,0.23,1,15,2025-10-13,2026-03-18,EC-PISTCRMY-TESTER,TBC - Essential Creme,TESTER - Creamy Pistachio Spread 200g,4,9,1,1,-71.88%
MFEROLVB4.5,Eros Love & Vitality - Organic & Activated BULK (4.5kg),53,0.29,2.03,8.83,21,0.231,1.62,7,9,0.3,2.1,9,37,2025-10-14,2026-04-09,MFEROLVB4.5,MF - Granola,Eros Love & Vitality - Organic & Activated BULK (4.5kg),8,9,7,9,8.74%
AE-YLAN010,Ylang Ylang - 10ML - Absolute Essential,53,0.29,2.03,8.83,30,0.33,2.31,10,5,0.167,1.17,5,25,2025-10-15,2026-04-08,AE-YLAN010,TBC - Absolute Essential,Ylang Ylang - 10ML - Absolute Essential,8,9,10,5,-37.05%
AE-ORAS010,Orange Sweet - 10ML - Absolute Essential,53,0.29,2.03,8.83,36,0.396,2.77,12,7,0.233,1.63,7,22,2025-10-15,2026-04-07,AE-ORAS010,TBC - Absolute Essential,Orange Sweet - 10ML - Absolute Essential,9,9,12,7,-24.54%
HT-RR-MINI,HT Rancho Relaxo mini,53,0.29,2.03,8.83,23,0.253,1.77,7.67,2,0.067,0.47,2,11,2025-12-08,2026-04-02,HT-RR-MINI,TBC - Heart Therapeutics,HT Rancho Relaxo mini,6,9,8,2,-67.57%
AE-BTHAI050,Hair Restorer - 50ML - Absolute Essential,53,0.29,2.03,8.83,28,0.308,2.15,9.33,3,0.1,0.7,3,24,2025-10-20,2026-03-30,AE-BTHAI050,TBC - Absolute Essential,Hair Restorer - 50ML - Absolute Essential,7,9,9,3,-57.47%
LCOMGK,Life Cykel - Grow Kit - Oyster Mushroom,53,0.29,2.03,8.83,11,0.121,0.85,3.67,2,0.067,0.47,2,12,2025-10-17,2026-03-19,LCOMGK,TBC - Life Cykel,Life Cykel - Grow Kit - Oyster Mushroom,5,9,4,2,-58.62%
WSPURE150,Naturally Driven Pure Leaf Yerba Maté 150g Pouch,53,0.29,2.03,8.83,3,0.033,0.23,1,0,0,0,0,15,2025-10-13,2026-01-21,WSPURE150,TBC - Naturally Driven,Naturally Driven Pure Leaf Yerba Maté 150g Pouch,5,9,1,0,-100.00%
HPLIQSH50,Liquid Drops - Himalayan Power Shilajit - Gold Grade - 50ml,52,0.284,1.99,8.67,24,0.264,1.85,8,6,0.2,1.4,6,19,2025-10-15,2026-04-09,HPLIQSH50,TBC - Himalayan Power Shilajit,Liquid Drops - Himalayan Power Shilajit - Gold Grade - 50ml,8,9,8,6,-20.60%
ZH-FHA,Zeally Herbs Fulvic Humic Tonic Drops,52,0.284,1.99,8.67,24,0.264,1.85,8,0,0,0,0,17,2025-10-16,2026-01-29,ZH-FHA,TBC - Zeally Herbs,Zeally Herbs Fulvic Humic Tonic Drops,8,9,8,0,-100.00%
LCCHDE60,Life Cykel - Double Extract - Chaga 60ml,51,0.279,1.95,8.50,30,0.33,2.31,10,8,0.267,1.87,8,24,2025-10-14,2026-04-10,LCCHDE60,TBC - Life Cykel,Life Cykel - Double Extract - Chaga 60ml,9,9,10,8,-9.43%
MFBKBRYB9,Berry Buckies BULK (9kg),51,0.279,1.95,8.50,20,0.22,1.54,6.67,7,0.233,1.63,7,41,2025-10-16,2026-04-10,MFBKBRYB9,MF - Buckies,Berry Buckies BULK (9kg),7,9,7,7,-5.28%
MFCACBPB10,Cacao Brain Power - Organic & Activated BULK (10kg),51,0.279,1.95,8.50,25,0.275,1.92,8.33,6,0.2,1.4,6,43,2025-10-15,2026-04-10,MFCACBPB10,MF - Granola,Cacao Brain Power - Organic & Activated BULK (10kg),8,9,8,6,-21.16%
OSSS,Sacred Taste Cacao Serving Spoon,51,0.279,1.95,8.50,33,0.363,2.54,11,27,0.9,6.3,27,14,2025-10-20,2026-04-10,OSSS,TBC - Sacred Taste Cacao,Sacred Taste Cacao Serving Spoon,16,9,11,27,74.19%
AE-GERA010,Geranium - 10ML - Absolute Essential,51,0.279,1.95,8.50,24,0.264,1.85,8,3,0.1,0.7,3,19,2025-10-15,2026-04-07,AE-GERA010,TBC - Absolute Essential,Geranium - 10ML - Absolute Essential,7,9,8,3,-53.85%
ZWFDAVOJ,JAM Davidson Plum & Gin Botanical - Ziggy's Wild Foods,51,0.279,1.95,8.50,29,0.319,2.23,9.67,10,0.333,2.33,10,21,2025-10-23,2026-03-31,ZWFDAVOJ,TBC - Ziggy's Wild Foods,JAM Davidson Plum & Gin Botanical - Ziggy's Wild Foods,9,9,10,10,6.50%
AE-BSFEM010,Woman Support - 10ML - Absolute Essential,50,0.273,1.91,8.33,22,0.242,1.69,7.33,1,0.033,0.23,1,19,2025-10-15,2026-03-26,AE-BSFEM010,TBC - Absolute Essential,Woman Support - 10ML - Absolute Essential,6,8,7,1,-81.99%
CACPOW,Cacao Powder - Organic,50,0.273,1.91,8.33,25,0.275,1.92,8.33,0,0,0,0,2,2025-10-27,2026-03-06,CACPOW,MF - Ingredients,Cacao Powder - Organic,8,8,8,0,-100.00%
DC-HIGH-200-WB,Highwire Blend Organic Coffee | Whole Bean 200g,50,0.273,1.91,8.33,6,0.066,0.46,2,0,0,0,0,14,2025-10-22,2026-02-17,DC-HIGH-200-WB,TBC - Dukes Coffee,Highwire Blend Organic Coffee | Whole Bean 200g,5,8,2,0,-100.00%
ZWFBUNYM,MISO Wild Bunya Nut & Honey - Ziggy's Wild Foods,49,0.268,1.87,8.17,21,0.231,1.62,7,5,0.167,1.17,5,20,2025-10-20,2026-03-31,ZWFBUNYM,TBC - Ziggy's Wild Foods,MISO Wild Bunya Nut & Honey - Ziggy's Wild Foods,7,8,7,5,-25.63%
NT-LEMON100TESTER,TESTER: Naked Lemon Tallow Cream 100ml,49,0.268,1.87,8.17,33,0.363,2.54,11,11,0.367,2.57,11,48,2025-10-24,2026-03-31,NT-LEMON100TESTER,TBC - Naked Tallow,TESTER: Naked Lemon Tallow Cream 100ml,10,8,11,11,9.38%
BBCCA4D,BBCC- Organic Decaf Plunger Ground 250g,48,0.262,1.84,8.00,18,0.198,1.38,6,6,0.2,1.4,6,8,2025-10-29,2026-04-10,BBCCA4D,TBC - Byron Bay Coffee Company,BBCC- Organic Decaf Plunger Ground 250g,7,8,6,6,-10.00%
MYCROMA30,Maitake 30ml - Mycro,48,0.262,1.84,8.00,15,0.165,1.15,5,7,0.233,1.63,7,23,2025-10-13,2026-03-24,MYCROMA30,TBC - Mycro,Maitake 30ml - Mycro,7,8,5,7,5.00%
MFMAPLEB10,Munchies Maple - Organic & Activated BULK (10kg),47,0.257,1.80,7.83,22,0.242,1.69,7.33,3,0.1,0.7,3,23,2025-10-17,2026-03-27,MFMAPLEB10,MF - Munchies,Munchies Maple - Organic & Activated BULK (10kg),6,8,7,3,-50.44%
BULK-CACPO-BKT,Bulk - Cacao Powder - 10kg Bucket DISCONTINUED,47,0.257,1.80,7.83,20,0.22,1.54,6.67,0,0,0,0,32,2025-10-22,2026-03-11,BULK-CACPO-BKT,Bulk Products,Bulk - Cacao Powder - 10kg Bucket DISCONTINUED,7,8,7,0,-100.00%
SAMPLE-MMCOCOGOJI,SAMPLE - Maple Moon Coconut & Goji Carob,46,0.251,1.76,7.67,15,0.165,1.15,5,8,0.267,1.87,8,18,2025-10-13,2026-03-31,SAMPLE-MMCOCOGOJI,TBC - Maple Moon,SAMPLE - Maple Moon Coconut & Goji Carob,7,8,5,8,16.11%
HT-AH-MINI,HT All Heart mini,46,0.251,1.76,7.67,16,0.176,1.23,5.33,11,0.367,2.57,11,8,2025-12-08,2026-03-31,HT-AH-MINI,TBC - Heart Therapeutics,HT All Heart mini,8,8,5,11,37.50%
2AH,Packed Alanna,46,0.251,1.76,7.67,11,0.121,0.85,3.67,7,0.233,1.63,7,46,2025-10-14,2026-03-26,2AH,Staff & Labour,Packed Alanna,6,8,4,7,14.50%
ZWFWAKAM,MISO Wild Wakame & Chickpea - Ziggy's Wild Foods,46,0.251,1.76,7.67,22,0.242,1.69,7.33,6,0.2,1.4,6,18,2025-11-03,2026-03-24,ZWFWAKAM,TBC - Ziggy's Wild Foods,MISO Wild Wakame & Chickpea - Ziggy's Wild Foods,7,8,7,6,-14.29%
SAMPLE-MMBANANA,SAMPLE - Maple Moon - Carob Coated Banana,45,0.246,1.72,7.50,17,0.187,1.31,5.67,9,0.3,2.1,9,16,2025-10-13,2026-04-10,SAMPLE-MMBANANA,TBC - Maple Moon,SAMPLE - Maple Moon - Carob Coated Banana,7,8,6,9,21.79%
MAPLMOVE-CDU-STANDONLY,Maple Movement - CDU -STAND ONLY,45,0.246,1.72,7.50,35,0.385,2.69,11.67,15,0.5,3.5,15,35,2025-12-09,2026-04-02,MAPLMOVE-CDU-STANDONLY,TBC - Maple Movement,Maple Movement - CDU -STAND ONLY,11,8,12,15,31.69%
JAR1000,1000ml LRG,45,0.246,1.72,7.50,45,0.495,3.46,15,0,0,0,0,1,2026-02-04,2026-02-04,JAR1000,MF - Packaging,1000ml LRG,11,8,15,0,-100.00%
MFCHILBB.8,Chillax Brew - Organic Herbal Tea BULK (800g),44,0.24,1.68,7.33,18,0.198,1.38,6,5,0.167,1.17,5,40,2025-10-16,2026-04-07,MFCHILBB.8,MF - Tea,Chillax Brew - Organic Herbal Tea BULK (800g),6,7,6,5,-18.17%
AE-PATS005,Patchouli - 5ML - Absolute Essential,44,0.24,1.68,7.33,23,0.253,1.77,7.67,8,0.267,1.87,8,22,2025-10-15,2026-04-08,AE-PATS005,TBC - Absolute Essential,Patchouli - 5ML - Absolute Essential,8,7,8,8,4.35%
EC-PISTMATC1kg,Essential Creme - Pistachio Matcha Spread 1kg,43,0.235,1.64,7.17,43,0.473,3.31,14.33,41,1.367,9.57,41,3,2026-02-11,2026-04-10,EC-PISTMATC1kg,TBC - Essential Creme,Essential Creme - Pistachio Matcha Spread 1kg,28,7,14,41,48.20%
HT-ST-MINI,HT Spring tonic mini,43,0.235,1.64,7.17,13,0.143,1,4.33,4,0.133,0.93,4,8,2025-12-11,2026-04-02,HT-ST-MINI,TBC - Heart Therapeutics,HT Spring tonic mini,5,7,4,4,-22.58%
MYCROSH100,Shiitake 100ml - Mycro,42,0.23,1.61,7.00,21,0.231,1.62,7,7,0.233,1.63,7,20,2025-10-13,2026-04-09,MYCROSH100,TBC - Mycro,Shiitake 100ml - Mycro,7,7,7,7,0.00%
AE-BSBRA010,Brain Power - 10ML - Absolute Essential,42,0.23,1.61,7.00,22,0.242,1.69,7.33,4,0.133,0.93,4,17,2025-10-15,2026-04-02,AE-BSBRA010,TBC - Absolute Essential,Brain Power - 10ML - Absolute Essential,6,7,7,4,-34.53%
MMMOONRJ,Maple Moon 45x Carob Crescents - Refill Bag,42,0.23,1.61,7.00,20,0.22,1.54,6.67,5,0.167,1.17,5,37,2025-10-13,2026-03-31,MMMOONRJ,TBC - Maple Moon,Maple Moon 45x Carob Crescents - Refill Bag,6,7,7,5,-19.66%
SBCoffeePow15,SAVVY FOCUS Coffee Powder Pouch 100g 15 serves,42,0.23,1.61,7.00,13,0.143,1,4.33,7,0.233,1.63,7,14,2025-10-15,2026-03-25,SBCoffeePow15,TBC - Savvy Beverage,SAVVY FOCUS Coffee Powder Pouch 100g 15 serves,6,7,4,7,14.57%
AE-BROSX010,Rose: 3% in Jojoba - 10ML - Absolute Essential,42,0.23,1.61,7.00,19,0.209,1.46,6.33,1,0.033,0.23,1,21,2025-10-15,2026-03-12,AE-BROSX010,TBC - Absolute Essential,Rose: 3% in Jojoba - 10ML - Absolute Essential,5,7,6,1,-79.06%
IH-BlackSeed-Wobbler,WOBBLER: Immortal Health - Black Seed Oil,41,0.224,1.57,6.83,36,0.396,2.77,12,10,0.333,2.33,10,29,2025-12-08,2026-04-10,IH-BlackSeed-Wobbler,TBC - Immortal Health,WOBBLER: Immortal Health - Black Seed Oil,10,7,12,10,4.06%
SDREDLOXL,"STARDUST Red ""Longevity"" - 1.2kg JAR",41,0.224,1.57,6.83,24,0.264,1.85,8,11,0.367,2.57,11,38,2025-10-29,2026-04-09,SDREDLOXL,Stardust,"STARDUST Red ""Longevity"" - 1.2kg JAR",9,7,8,11,27.76%
SBBarsCalmPB35G10PK,SAVVY CALM Bar - 10 x 35 - Crunchy Peanut Butter Flavour,41,0.224,1.57,6.83,14,0.154,1.08,4.67,4,0.133,0.93,4,25,2025-10-14,2026-04-07,SBBarsCalmPB35G10PK,TBC - Savvy Beverage,SAVVY CALM Bar - 10 x 35 - Crunchy Peanut Butter Flavour,5,7,5,4,-22.58%
MFIAPIST,Activated Pistachio Organic - Bulk per KG,40.25,0.22,1.54,6.71,21.45,0.236,1.65,7.15,0,0,0,0,2,2025-12-11,2026-02-19,MFIAPIST,MF - Nuts,Activated Pistachio Organic - Bulk per KG,7,7,7,0,-100.00%
SIS-TonicBottle-700ml,SISUU Tonic 700 ml Hero Bottle,40,0.219,1.53,6.67,15,0.165,1.15,5,15,0.5,3.5,15,12,2025-10-13,2026-04-07,SIS-TonicBottle-700ml,TBC - SISUU,SISUU Tonic 700 ml Hero Bottle,9,7,5,15,68.73%
2KP,Packed Kat,40,0.219,1.53,6.67,39,0.429,3,13,1,0.033,0.23,1,40,2025-12-24,2026-03-12,2KP,Staff & Labour,Packed Kat,7,7,13,1,-85.49%
EC-PISTMATC-TESTER,TESTER - Pistachio Matcha Spread 200g,39,0.213,1.49,6.50,1,0.011,0.08,0.33,1,0.033,0.23,1,7,2025-10-13,2026-04-10,EC-PISTMATC-TESTER,TBC - Essential Creme,TESTER - Pistachio Matcha Spread 200g,3,7,0,1,-61.69%
SCMWG,Sacred Taste Cacao Sacred Mini Copper Whisk Grey,39,0.213,1.49,6.50,16,0.176,1.23,5.33,3,0.1,0.7,3,16,2025-10-20,2026-03-31,SCMWG,TBC - Sacred Taste Cacao,Sacred Taste Cacao Sacred Mini Copper Whisk Grey,5,7,5,3,-39.31%
SAMPLE-MMHAZEL,SAMPLE - Maple Moon - Roasted Hazelnut Carob,39,0.213,1.49,6.50,13,0.143,1,4.33,8,0.267,1.87,8,16,2025-10-13,2026-03-30,SAMPLE-MMHAZEL,TBC - Maple Moon,SAMPLE - Maple Moon - Roasted Hazelnut Carob,6,7,4,8,27.46%
BULK-RAWCA-BOX,Bulk - Raw Organic Cashews - WW320 - 22.68kg Box,39,0.213,1.49,6.50,19,0.209,1.46,6.33,1,0.033,0.23,1,11,2025-10-21,2026-03-18,BULK-RAWCA-BOX,Bulk Products,Bulk - Raw Organic Cashews - WW320 - 22.68kg Box,5,7,6,1,-78.31%
MFTUMMTB.8,Tummy Tea - Organic Herbal Tea BULK (800g),38,0.208,1.45,6.33,22,0.242,1.69,7.33,11,0.367,2.57,11,33,2025-10-20,2026-04-08,MFTUMMTB.8,MF - Tea,Tummy Tea - Organic Herbal Tea BULK (800g),8,6,7,11,33.82%
AE-BSSWR010,Sweet Rose - 10ML - Absolute Essential,38,0.208,1.45,6.33,13,0.143,1,4.33,2,0.067,0.47,2,15,2025-10-15,2026-04-07,AE-BSSWR010,TBC - Absolute Essential,Sweet Rose - 10ML - Absolute Essential,4,6,4,2,-52.61%
SAMPLE-MMPEPBUCK,SAMPLE-Maple Moon - Peppermint Buckwheat Crisp Carob,38,0.208,1.45,6.33,5,0.055,0.38,1.67,2,0.067,0.47,2,12,2025-10-13,2026-03-30,SAMPLE-MMPEPBUCK,TBC - Maple Moon,SAMPLE-Maple Moon - Peppermint Buckwheat Crisp Carob,3,6,2,2,-40.00%
MFROSHBME,Rosehip Shells (Granules) MED - Organic 350g,38,0.208,1.45,6.33,31,0.341,2.38,10.33,3,0.1,0.7,3,11,2025-10-22,2026-03-17,MFROSHBME,MF - Tea,Rosehip Shells (Granules) MED - Organic 350g,7,6,10,3,-54.22%
1AG,Picked Ash,38,0.208,1.45,6.33,30,0.33,2.31,10,4,0.133,0.93,4,38,2025-12-21,2026-03-13,1AG,Staff & Labour,Picked Ash,7,6,10,4,-40.97%
MFEROLVB9,Eros Love & Vitality - Organic & Activated BULK (9kg),37,0.202,1.42,6.17,15,0.165,1.15,5,9,0.3,2.1,9,33,2025-10-29,2026-04-07,MFEROLVB9,MF - Granola,Eros Love & Vitality - Organic & Activated BULK (9kg),7,6,5,9,33.86%
SIS-TonicSatchel-700ml,SISUU Tonic Satchel 700 ml Refill,37,0.202,1.42,6.17,18,0.198,1.38,6,4,0.133,0.93,4,13,2025-10-20,2026-04-07,SIS-TonicSatchel-700ml,TBC - SISUU,SISUU Tonic Satchel 700 ml Refill,5,6,6,4,-25.79%
AE-BSBAB010,Baby Breathe - 10ML - Absolute Essential,37,0.202,1.42,6.17,15,0.165,1.15,5,3,0.1,0.7,3,14,2025-10-14,2026-04-07,AE-BSBAB010,TBC - Absolute Essential,Baby Breathe - 10ML - Absolute Essential,5,6,5,3,-36.49%
AE-TEAT010,Tea Tree - 10ML - Absolute Essential,37,0.202,1.42,6.17,20,0.22,1.54,6.67,3,0.1,0.7,3,16,2025-10-15,2026-03-24,AE-TEAT010,TBC - Absolute Essential,Tea Tree - 10ML - Absolute Essential,5,6,7,3,-43.18%
AE-BERG010,Bergamot - 10ML - Absolute Essential,37,0.202,1.42,6.17,15,0.165,1.15,5,0,0,0,0,15,2025-10-15,2026-03-11,AE-BERG010,TBC - Absolute Essential,Bergamot - 10ML - Absolute Essential,6,6,5,0,-100.00%
ZWFLEMOM,MISO Wild Lemon Myrtle & Chickpea - Ziggy's Wild Foods,36,0.197,1.38,6.00,20,0.22,1.54,6.67,1,0.033,0.23,1,16,2025-10-23,2026-03-24,ZWFLEMOM,TBC - Ziggy's Wild Foods,MISO Wild Lemon Myrtle & Chickpea - Ziggy's Wild Foods,5,6,7,1,-78.05%
WSML250,Naturally Driven Majic Lotus Zen Blend 250g Cylinder,36,0.197,1.38,6.00,6,0.066,0.46,2,0,0,0,0,17,2025-10-14,2026-01-29,WSML250,TBC - Naturally Driven,Naturally Driven Majic Lotus Zen Blend 250g Cylinder,4,6,2,0,-100.00%
EC-TASTINGKIT,Essential Creme - In-store Tasting Kit BUNDLE (6x jars + Sticks + Info Card),35,0.191,1.34,5.83,35,0.385,2.69,11.67,27,0.9,6.3,27,30,2026-03-04,2026-04-10,EC-TASTINGKIT,TBC - Essential Creme,Essential Creme - In-store Tasting Kit BUNDLE (6x jars + Sticks + Info Card),19,6,12,27,39.64%
AE-OREG010,Oregano - 10ML - Absolute Essential,35,0.191,1.34,5.83,26,0.286,2,8.67,6,0.2,1.4,6,16,2025-10-15,2026-04-08,AE-OREG010,TBC - Absolute Essential,Oregano - 10ML - Absolute Essential,7,6,9,6,-12.20%
MF-TastingCup4oz,Mindful Foods - Tasting Cups - 1x Sleeve of 50pcs,35,0.191,1.34,5.83,22,0.242,1.69,7.33,11,0.367,2.57,11,25,2025-11-25,2026-04-01,MF-TastingCup4oz,MF - Other,Mindful Foods - Tasting Cups - 1x Sleeve of 50pcs,8,6,7,11,36.59%
5-tier-woodstand,5-tier Wood Stand for Absolute Essential,35,0.191,1.34,5.83,26,0.286,2,8.67,4,0.133,0.93,4,25,2025-11-24,2026-03-30,5-tier-woodstand,TBC - Absolute Essential,5-tier Wood Stand for Absolute Essential,6,6,9,4,-35.14%
HT-WI-MINI,HT Witchcraft mini,35,0.191,1.34,5.83,18,0.198,1.38,6,3,0.1,0.7,3,9,2025-12-11,2026-03-24,HT-WI-MINI,TBC - Heart Therapeutics,HT Witchcraft mini,5,6,6,3,-39.31%
SBBarsEnergySC10PK,SAVVY ENERGY BAR - 10 x 35g - Salted Caramel,35,0.191,1.34,5.83,17,0.187,1.31,5.67,3,0.1,0.7,3,33,2025-10-14,2026-03-16,SBBarsEnergySC10PK,TBC - Savvy Beverage,SAVVY ENERGY BAR - 10 x 35g - Salted Caramel,5,6,6,3,-37.93%
STC-POS-Buy2Wobbler,"Sacred Taste Cacao - Shelf Wobbler: Buy 2 units, get a free Whisk or Spoon.",35,0.191,1.34,5.83,5,0.055,0.38,1.67,0,0,0,0,11,2025-10-20,2026-03-04,STC-POS-Buy2Wobbler,TBC - POS,"Sacred Taste Cacao - Shelf Wobbler: Buy 2 units, get a free Whisk or Spoon.",4,6,2,0,-100.00%
AE-BSGOF010,Confidence - 10ML - Absolute Essential,35,0.191,1.34,5.83,20,0.22,1.54,6.67,0,0,0,0,14,2025-10-15,2026-03-03,AE-BSGOF010,TBC - Absolute Essential,Confidence - 10ML - Absolute Essential,6,6,7,0,-100.00%
NSC-KIDS-TESTER,TESTER - Natural Sun Co - Kids - Organic Mineral Sunscreen SPF50 100g,35,0.191,1.34,5.83,3,0.033,0.23,1,0,0,0,0,32,2025-10-20,2026-03-03,NSC-KIDS-TESTER,TBC - Natural Sun Co,TESTER - Natural Sun Co - Kids - Organic Mineral Sunscreen SPF50 100g,3,6,1,0,-100.00%
NSC-BROAD-TESTER,TESTER - Natural Sun Co - Broad Spectrum - Organic Mineral Sunscreen SPF50 100g,35,0.191,1.34,5.83,5,0.055,0.38,1.67,0,0,0,0,32,2025-10-20,2026-02-03,NSC-BROAD-TESTER,TBC - Natural Sun Co,TESTER - Natural Sun Co - Broad Spectrum - Organic Mineral Sunscreen SPF50 100g,4,6,2,0,-100.00%
LCSDE120,Life Cykel - Double Extract - Shiitake 120ml,34,0.186,1.30,5.67,21,0.231,1.62,7,7,0.233,1.63,7,15,2025-11-06,2026-04-02,LCSDE120,TBC - Life Cykel,Life Cykel - Double Extract - Shiitake 120ml,7,6,7,7,6.76%
NT-AFTERSUN100TESTER,TESTER: Naked Aftersun Tallow Cream 100ml,34,0.186,1.30,5.67,19,0.209,1.46,6.33,3,0.1,0.7,3,34,2025-10-14,2026-03-31,NT-AFTERSUN100TESTER,TBC - Naked Tallow,TESTER: Naked Aftersun Tallow Cream 100ml,5,6,6,3,-40.00%
AE-BSLIF010,Uplift - 10ML - Absolute Essential,34,0.186,1.30,5.67,19,0.209,1.46,6.33,1,0.033,0.23,1,13,2025-10-15,2026-03-18,AE-BSLIF010,TBC - Absolute Essential,Uplift - 10ML - Absolute Essential,4,6,6,1,-76.92%
AE-CLAS010,Clary Sage - 10ML - Absolute Essential,33,0.18,1.26,5.50,21,0.231,1.62,7,6,0.2,1.4,6,17,2025-10-15,2026-04-10,AE-CLAS010,TBC - Absolute Essential,Clary Sage - 10ML - Absolute Essential,6,6,7,6,-2.70%
NT-SLEEP100TESTER,TESTER: Naked Sleepytime Tallow Cream 100ml,33,0.18,1.26,5.50,21,0.231,1.62,7,7,0.233,1.63,7,33,2025-10-24,2026-04-10,NT-SLEEP100TESTER,TBC - Naked Tallow,TESTER: Naked Sleepytime Tallow Cream 100ml,7,6,7,7,7.69%
NT-FRANKFACE-TESTER,TESTER - Frank Face Balm 45g - Naked Tallow,33,0.18,1.26,5.50,17,0.187,1.31,5.67,7,0.233,1.63,7,30,2025-10-14,2026-04-10,NT-FRANKFACE-TESTER,TBC - Naked Tallow,TESTER - Frank Face Balm 45g - Naked Tallow,6,6,6,7,15.58%
MYCROZEROSH30,Zero Alcohol Shiitake 30ml - Mycro,33,0.18,1.26,5.50,21,0.231,1.62,7,5,0.167,1.17,5,16,2025-10-17,2026-04-09,MYCROZEROSH30,TBC - Mycro,Zero Alcohol Shiitake 30ml - Mycro,6,6,7,5,-14.29%
2CP,Packed Clinton,33,0.18,1.26,5.50,16,0.176,1.23,5.33,4,0.133,0.93,4,33,2025-10-14,2026-04-07,2CP,Staff & Labour,Packed Clinton,5,6,5,4,-19.08%
CP-SOAP-6x1SKU-STANDONLY,Clean & Pure - SOAP-6x1SKU-STANDONLY,33,0.18,1.26,5.50,25,0.275,1.92,8.33,4,0.133,0.93,4,21,2025-12-11,2026-03-30,CP-SOAP-6x1SKU-STANDONLY,TBC - Clean & Pure,Clean & Pure - SOAP-6x1SKU-STANDONLY,6,6,8,4,-32.70%
TL-POS-WY.WOBBLER,Tre Lune - WOBBLER for Wild Yam Cream,33,0.18,1.26,5.50,15,0.165,1.15,5,2,0.067,0.47,2,21,2025-10-20,2026-03-20,TL-POS-WY.WOBBLER,TBC - POS,Tre Lune - WOBBLER for Wild Yam Cream,4,6,5,2,-52.00%
BTF01,Biodegradable Toothbrush - Adult Soft Toothies - 4 Pieces,33,0.18,1.26,5.50,23,0.253,1.77,7.67,0,0,0,0,10,2025-10-23,2026-03-09,BTF01,TBC - Love Your Planet,Biodegradable Toothbrush - Adult Soft Toothies - 4 Pieces,7,6,8,0,-100.00%
MFTERIMB10,Munchies Teriyaki - Organic & Activated BULK (10kg),33,0.18,1.26,5.50,14,0.154,1.08,4.67,0,0,0,0,8,2025-10-23,2026-01-28,MFTERIMB10,MF - Munchies,Munchies Teriyaki - Organic & Activated BULK (10kg),5,6,5,0,-100.00%
1IM,pick by ishani,33,0.18,1.26,5.50,0,0,0,0,0,0,0,0,33,2025-10-25,2026-01-11,1IM,,pick by ishani,3,6,0,0,-100.00%
2MC,Packed Monica,33,0.18,1.26,5.50,0,0,0,0,0,0,0,0,34,2025-10-11,2025-12-24,2MC,Staff & Labour,Packed Monica,3,6,0,0,-100.00%
AE-LASS010,Lavender Spike - 10ML - Absolute Essential,32,0.175,1.22,5.33,11,0.121,0.85,3.67,3,0.1,0.7,3,14,2025-10-15,2026-04-07,AE-LASS010,TBC - Absolute Essential,Lavender Spike - 10ML - Absolute Essential,4,5,4,3,-25.00%
PTFOREST500,Pyewackets Traditional - Forest Cider Tonic 500ml,32,0.175,1.22,5.33,22,0.242,1.69,7.33,7,0.233,1.63,7,14,2025-10-15,2026-04-02,PTFOREST500,TBC - Pyewackets Traditional,Pyewackets Traditional - Forest Cider Tonic 500ml,7,5,7,7,6.82%
MMBANANA,Maple Moon - 40x Carob Bananas Bulk Jar,32,0.175,1.22,5.33,14,0.154,1.08,4.67,8,0.267,1.87,8,25,2025-10-13,2026-03-31,MMBANANA,TBC - Maple Moon,Maple Moon - 40x Carob Bananas Bulk Jar,6,5,5,8,33.33%
ZWFSEAWV,VINEGAR Wild Kelp & Dorrigo Pepper - Ziggy's Wild Foods,32,0.175,1.22,5.33,16,0.176,1.23,5.33,2,0.067,0.47,2,13,2025-10-16,2026-03-24,ZWFSEAWV,TBC - Ziggy's Wild Foods,VINEGAR Wild Kelp & Dorrigo Pepper - Ziggy's Wild Foods,4,5,5,2,-52.61%
SAMPLE-MMCHILLI,SAMPLE - Maple Moon - Cayenne Chilli Carob,32,0.175,1.22,5.33,7,0.077,0.54,2.33,2,0.067,0.47,2,12,2025-10-13,2026-03-23,SAMPLE-MMCHILLI,TBC - Maple Moon,SAMPLE - Maple Moon - Cayenne Chilli Carob,3,5,2,2,-37.89%
AE-BSHED010,Head Ease - 10ML - Absolute Essential,32,0.175,1.22,5.33,16,0.176,1.23,5.33,0,0,0,0,15,2025-10-15,2026-03-06,AE-BSHED010,TBC - Absolute Essential,Head Ease - 10ML - Absolute Essential,5,5,5,0,-100.00%
MFCANIBLG,Cacao Nibs - Organic Raw LRG (600g),32,0.175,1.22,5.33,31,0.341,2.38,10.33,0,0,0,0,14,2025-10-12,2026-03-06,MFCANIBLG,MF - Pantry,Cacao Nibs - Organic Raw LRG (600g),8,5,10,0,-100.00%
HT-NMT-MINI,HT Noosa mint tea mini,32,0.175,1.22,5.33,12,0.132,0.92,4,0,0,0,0,7,2025-12-08,2026-02-20,HT-NMT-MINI,TBC - Heart Therapeutics,HT Noosa mint tea mini,5,5,4,0,-100.00%
HT-ML-MINI,HT mother lover mini,31,0.169,1.19,5.17,1,0.011,0.08,0.33,1,0.033,0.23,1,8,2025-12-08,2026-03-31,HT-ML-MINI,TBC - Heart Therapeutics,HT mother lover mini,2,5,0,1,-53.85%
HT-BR-MINI,HT Brains mini,31,0.169,1.19,5.17,3,0.033,0.23,1,0,0,0,0,7,2025-12-08,2026-01-20,HT-BR-MINI,TBC - Heart Therapeutics,HT Brains mini,3,5,1,0,-100.00%
BULK-CACPO-5KG,Bulk - Cacao Powder - 5kg,30,0.164,1.15,5.00,30,0.33,2.31,10,25,0.833,5.83,25,11,2026-03-03,2026-04-10,BULK-CACPO-5KG,Bulk Products,Bulk - Cacao Powder - 5kg,18,5,10,25,42.86%
PTFLORA500,Pyewackets Traditional - Flora Cider Tonic 500ml,30,0.164,1.15,5.00,14,0.154,1.08,4.67,6,0.2,1.4,6,14,2025-10-15,2026-04-02,PTFLORA500,TBC - Pyewackets Traditional,Pyewackets Traditional - Flora Cider Tonic 500ml,5,5,5,6,14.87%
AE-CINL010,Cinnamon Leaf - 10ML - Absolute Essential,30,0.164,1.15,5.00,18,0.198,1.38,6,5,0.167,1.17,5,17,2025-10-15,2026-04-01,AE-CINL010,TBC - Absolute Essential,Cinnamon Leaf - 10ML - Absolute Essential,5,5,6,5,-6.25%
AE-VJOJ050,Jojoba Oil: Golden - 50ML - Absolute Essential,30,0.164,1.15,5.00,18,0.198,1.38,6,3,0.1,0.7,3,10,2025-10-15,2026-03-30,AE-VJOJ050,TBC - Absolute Essential,Jojoba Oil: Golden - 50ML - Absolute Essential,5,5,6,3,-35.71%
SDBLUEIXL,"STARDUST Blue ""Immunity"" -  1.2kg JAR",30,0.164,1.15,5.00,15,0.165,1.15,5,6,0.2,1.4,6,28,2025-10-28,2026-03-30,SDBLUEIXL,Stardust,"STARDUST Blue ""Immunity"" -  1.2kg JAR",5,5,5,6,12.50%
AFCB,Cacao Butter Organic - price per kg,30,0.164,1.15,5.00,15,0.165,1.15,5,0,0,0,0,2,2025-10-27,2026-03-06,AFCB,MF - Ingredients,Cacao Butter Organic - price per kg,5,5,5,0,-100.00%
MYCROZEROMA30,Zero Alcohol Maitake 30ml - Mycro,30,0.164,1.15,5.00,13,0.143,1,4.33,0,0,0,0,11,2025-10-17,2026-02-05,MYCROZEROMA30,TBC - Mycro,Zero Alcohol Maitake 30ml - Mycro,5,5,4,0,-100.00%
3MC,Processed Monica,30,0.164,1.15,5.00,0,0,0,0,0,0,0,0,30,2025-10-13,2025-10-20,3MC,Staff & Labour,Processed Monica,3,5,0,0,-100.00%
SAMPLE-MMSPICELIX,SAMPLE - Maple Moon Spiced Carob Elixir,29,0.158,1.11,4.83,1,0.011,0.08,0.33,1,0.033,0.23,1,9,2025-10-13,2026-04-10,SAMPLE-MMSPICELIX,TBC - Maple Moon,SAMPLE - Maple Moon Spiced Carob Elixir,2,5,0,1,-51.30%
AE-BCHHE010,Heart Chakra - 10ML - Absolute Essential,29,0.158,1.11,4.83,19,0.209,1.46,6.33,9,0.3,2.1,9,13,2025-10-15,2026-04-10,AE-BCHHE010,TBC - Absolute Essential,Heart Chakra - 10ML - Absolute Essential,7,5,6,9,33.93%
MFIMMUNB.8,ImmuniTea - Organic Herbal Tea BULK (800g),29,0.158,1.11,4.83,12,0.132,0.92,4,5,0.167,1.17,5,28,2025-10-12,2026-04-06,MFIMMUNB.8,MF - Tea,ImmuniTea - Organic Herbal Tea BULK (800g),5,5,4,5,8.46%
CP-SUN-ADL,Clean & Pure - 100% Organic Hydrating SPF50 Sunscreen 110g,29,0.158,1.11,4.83,29,0.319,2.23,9.67,16,0.533,3.73,16,11,2026-01-28,2026-03-16,CP-SUN-ADL,TBC - Clean & Pure,Clean & Pure - 100% Organic Hydrating SPF50 Sunscreen 110g,13,5,10,16,24.66%
EH-POS-WOBBLER,Etre Health - GREEN WOBBLER,29,0.158,1.11,4.83,12,0.132,0.92,4,2,0.067,0.47,2,13,2025-11-13,2026-03-12,EH-POS-WOBBLER,TBC - POS,Etre Health - GREEN WOBBLER,4,5,4,2,-44.60%
ZH-BIOTIC-200,Zeally Herbs - Biotic Powder 200g,29,0.158,1.11,4.83,18,0.198,1.38,6,0,0,0,0,12,2025-12-09,2026-02-16,ZH-BIOTIC-200,TBC - Zeally Herbs,Zeally Herbs - Biotic Powder 200g,5,5,6,0,-100.00%
FLIONMLG,Lions Mane 20:1 600g - LRG,28,0.153,1.07,4.67,13,0.143,1,4.33,3,0.1,0.7,3,14,2025-10-14,2026-04-09,FLIONMLG,Fungi,Lions Mane 20:1 600g - LRG,4,5,4,3,-25.00%
AE-BCARX010,Chamomile Roman: 3% in Jojoba - 10ML - Absolute Essential,28,0.153,1.07,4.67,19,0.209,1.46,6.33,2,0.067,0.47,2,14,2025-10-15,2026-04-07,AE-BCARX010,TBC - Absolute Essential,Chamomile Roman: 3% in Jojoba - 10ML - Absolute Essential,4,5,6,2,-53.85%
AE-BSREG010,Vitality - 10ML - Absolute Essential,28,0.153,1.07,4.67,16,0.176,1.23,5.33,1,0.033,0.23,1,13,2025-10-15,2026-03-30,AE-BSREG010,TBC - Absolute Essential,Vitality - 10ML - Absolute Essential,4,5,5,1,-72.73%
NT-CB50TESTER,TESTER: Naked Calendula Healing Balm 50g,28,0.153,1.07,4.67,12,0.132,0.92,4,1,0.033,0.23,1,28,2025-10-25,2026-03-13,NT-CB50TESTER,TBC - Naked Tallow,TESTER: Naked Calendula Healing Balm 50g,3,5,4,1,-68.98%
AE-BCCHE050,Chest Care - 100ML - Absolute Essential,28,0.153,1.07,4.67,16,0.176,1.23,5.33,0,0,0,0,12,2025-10-15,2026-03-03,AE-BCCHE050,TBC - Absolute Essential,Chest Care - 100ML - Absolute Essential,5,5,5,0,-100.00%
SB-BLC-BOX10,Stoke Bites - Blueberry Lemon Cheesecake - Box of 10,27,0.148,1.03,4.50,27,0.297,2.08,9,17,0.567,3.97,17,20,2026-03-03,2026-04-10,SB-BLC-BOX10,TBC - Stoke Bites,Stoke Bites - Blueberry Lemon Cheesecake - Box of 10,13,5,9,17,30.77%
BBPB-SM-SALT-1kg,Byron Bay Peanut Butter - Smooth 1kg,27,0.148,1.03,4.50,20,0.22,1.54,6.67,10,0.333,2.33,10,12,2025-11-20,2026-04-09,BBPB-SM-SALT-1kg,TBC - Byron Bay Peanut Butter Co,Byron Bay Peanut Butter - Smooth 1kg,7,5,7,10,41.71%
SBBarsEnergyPB35G10PK,SAVVY ENERGY Bar - 10 x 35g - Crunchy Peanut Butter Flavour,27,0.148,1.03,4.50,11,0.121,0.85,3.67,5,0.167,1.17,5,19,2025-10-20,2026-04-07,SBBarsEnergyPB35G10PK,TBC - Savvy Beverage,SAVVY ENERGY Bar - 10 x 35g - Crunchy Peanut Butter Flavour,4,5,4,5,13.90%
SB-CPB-BOX10,Stoke Bites - Choc Pistachio Brownie - Box of 10,27,0.148,1.03,4.50,27,0.297,2.08,9,19,0.633,4.43,19,20,2026-03-03,2026-04-02,SB-CPB-BOX10,TBC - Stoke Bites,Stoke Bites - Choc Pistachio Brownie - Box of 10,14,5,9,19,35.71%
HT-TMM-MINI,HT the milk maid mini,27,0.148,1.03,4.50,7,0.077,0.54,2.33,3,0.1,0.7,3,9,2025-12-08,2026-03-31,HT-TMM-MINI,TBC - Heart Therapeutics,HT the milk maid mini,3,5,2,3,-8.44%
LCSDE60,Life Cykel - Double Extract - Shiitake 60ml,27,0.148,1.03,4.50,17,0.187,1.31,5.67,6,0.2,1.4,6,11,2025-10-17,2026-03-30,LCSDE60,TBC - Life Cykel,Life Cykel - Double Extract - Shiitake 60ml,5,5,6,6,11.32%
AE-CITR010,Citronella - 10ML - Absolute Essential,27,0.148,1.03,4.50,16,0.176,1.23,5.33,0,0,0,0,10,2025-10-15,2026-03-03,AE-CITR010,TBC - Absolute Essential,Citronella - 10ML - Absolute Essential,5,5,5,0,-100.00%
HT-DI-MINI,HT Digestive mini,27,0.148,1.03,4.50,3,0.033,0.23,1,0,0,0,0,7,2025-12-08,2026-02-16,HT-DI-MINI,TBC - Heart Therapeutics,HT Digestive mini,3,5,1,0,-100.00%
DC-HIGH-500-WB,Highwire Blend Organic Coffee | Whole Bean 500g,27,0.148,1.03,4.50,7,0.077,0.54,2.33,0,0,0,0,14,2025-10-24,2026-02-24,DC-HIGH-500-WB,TBC - Dukes Coffee,Highwire Blend Organic Coffee | Whole Bean 500g,3,5,2,0,-100.00%
ZH-DANDY-150,Zeally Herbs - Dandy 150g,27,0.148,1.03,4.50,14,0.154,1.08,4.67,0,0,0,0,10,2025-12-08,2026-02-11,ZH-DANDY-150,TBC - Zeally Herbs,Zeally Herbs - Dandy 150g,5,5,5,0,-100.00%
HT-HBT-MINI,HT Hinterland Bush mini,27,0.148,1.03,4.50,4,0.044,0.31,1.33,0,0,0,0,5,2025-12-12,2026-01-19,HT-HBT-MINI,TBC - Heart Therapeutics,HT Hinterland Bush mini,3,5,1,0,-100.00%
MYCROMA100,Maitake 100ml - Mycro,26,0.142,0.99,4.33,16,0.176,1.23,5.33,6,0.2,1.4,6,17,2025-10-15,2026-04-09,MYCROMA100,TBC - Mycro,Maitake 100ml - Mycro,5,4,5,6,14.94%
HT-RR-TESTER,HT Rancho Relaxo TESTER,26,0.142,0.99,4.33,7,0.077,0.54,2.33,3,0.1,0.7,3,26,2025-11-11,2026-04-07,HT-RR-TESTER,TBC - Heart Therapeutics,HT Rancho Relaxo TESTER,3,4,2,3,-6.83%
SOSGCOG275G,Sol Organics Coconut Oil and Ghee 275g,26,0.142,0.99,4.33,17,0.187,1.31,5.67,12,0.4,2.8,12,9,2025-10-21,2026-04-01,SOSGCOG275G,TBC - Sol Organics,Sol Organics Coconut Oil and Ghee 275g,7,4,6,12,63.64%
MFBUCKWB6,Buckwheat -Activated & Organic BULK (6kg),26,0.142,0.99,4.33,14,0.154,1.08,4.67,7,0.233,1.63,7,21,2025-10-12,2026-03-31,MFBUCKWB6,MF - Pantry (Bulk),Buckwheat -Activated & Organic BULK (6kg),5,4,5,7,31.25%
AE-BCIIP010,Child Immune Care - 10ML - Absolute Essential,26,0.142,0.99,4.33,12,0.132,0.92,4,2,0.067,0.47,2,11,2025-10-21,2026-03-26,AE-BCIIP010,TBC - Absolute Essential,Child Immune Care - 10ML - Absolute Essential,3,4,4,2,-41.92%
NT-BABYBALM-45TESTER,TESTER: Naked Tallow Baby - Baby Body Balm 45g,26,0.142,0.99,4.33,11,0.121,0.85,3.67,3,0.1,0.7,3,26,2025-10-13,2026-03-26,NT-BABYBALM-45TESTER,TBC - Naked Tallow,TESTER: Naked Tallow Baby - Baby Body Balm 45g,4,4,4,3,-18.18%
TR-Chai500,Chai Activated Turmeric Paste - Organic 500g,26,0.142,0.99,4.33,10,0.11,0.77,3.33,7,0.233,1.63,7,10,2025-10-21,2026-03-25,TR-Chai500,TBC - Totally Rawesome,Chai Activated Turmeric Paste - Organic 500g,5,4,3,7,43.25%
AE-CEDA010,Cedarwood Atlas - 10ML - Absolute Essential,26,0.142,0.99,4.33,14,0.154,1.08,4.67,0,0,0,0,11,2025-10-15,2026-03-03,AE-CEDA010,TBC - Absolute Essential,Cedarwood Atlas - 10ML - Absolute Essential,5,4,5,0,-100.00%
CP-LIP-COFC-HANG,Clean & Pure - Coffee & Coconut Lip Balm - Hang Sell,26,0.142,0.99,4.33,21,0.231,1.62,7,0,0,0,0,4,2025-12-15,2026-03-01,CP-LIP-COFC-HANG,TBC - Clean & Pure,Clean & Pure - Coffee & Coconut Lip Balm - Hang Sell,6,4,7,0,-100.00%
HT-DA-MINI,HT Daydreams mini,26,0.142,0.99,4.33,6,0.066,0.46,2,0,0,0,0,5,2025-12-11,2026-02-19,HT-DA-MINI,TBC - Heart Therapeutics,HT Daydreams mini,3,4,2,0,-100.00%
NT-FACESERUM-TESTER,TESTER - Hydrating Face Serum 30ml - Naked Tallow,25,0.137,0.96,4.17,13,0.143,1,4.33,5,0.167,1.17,5,24,2025-10-24,2026-04-10,NT-FACESERUM-TESTER,TBC - Naked Tallow,TESTER - Hydrating Face Serum 30ml - Naked Tallow,5,4,4,5,11.11%
BBPB-CR-SALT-1kg,Byron Bay Peanut Butter - Crunchy 1kg,25,0.137,0.96,4.17,18,0.198,1.38,6,7,0.233,1.63,7,11,2025-11-20,2026-04-09,BBPB-CR-SALT-1kg,TBC - Byron Bay Peanut Butter Co,Byron Bay Peanut Butter - Crunchy 1kg,6,4,6,7,22.31%
HT-CL-TESTER,HT cleopatra TESTER,25,0.137,0.96,4.17,6,0.066,0.46,2,4,0.133,0.93,4,25,2025-11-11,2026-04-07,HT-CL-TESTER,TBC - Heart Therapeutics,HT cleopatra TESTER,3,4,2,4,17.99%
HT-RS-TESTER,HT Rise and Shine TESTER,25,0.137,0.96,4.17,6,0.066,0.46,2,2,0.067,0.47,2,25,2025-11-11,2026-04-07,HT-RS-TESTER,TBC - Heart Therapeutics,HT Rise and Shine TESTER,3,4,2,2,-26.56%
HT-DI-TESTER,HT Digestive TESTER,25,0.137,0.96,4.17,8,0.088,0.62,2.67,4,0.133,0.93,4,25,2025-11-11,2026-04-07,HT-DI-TESTER,TBC - Heart Therapeutics,HT Digestive TESTER,4,4,3,4,10.70%
SCMWGR,Sacred Taste Cacao Sacred Mini Copper Whisk Green,25,0.137,0.96,4.17,20,0.22,1.54,6.67,12,0.4,2.8,12,7,2025-10-20,2026-04-01,SCMWGR,TBC - Sacred Taste Cacao,Sacred Taste Cacao Sacred Mini Copper Whisk Green,8,4,7,12,57.62%
ZWFBUNYV-TESTER,TESTER - VINEGAR Smoked Wild Bunya - Ziggy's Wild Foods,25,0.137,0.96,4.17,10,0.11,0.77,3.33,1,0.033,0.23,1,11,2025-10-20,2026-03-31,ZWFBUNYV-TESTER,TBC - Ziggy's Wild Foods,TESTER - VINEGAR Smoked Wild Bunya - Ziggy's Wild Foods,3,4,3,1,-64.71%
HT-StandBundle-Mini,Heart Therapeutics - Mini Jar Display Bundle with Stand,25,0.137,0.96,4.17,5,0.055,0.38,1.67,0,0,0,0,24,2025-11-11,2026-03-09,HT-StandBundle-Mini,TBC - Heart Therapeutics,Heart Therapeutics - Mini Jar Display Bundle with Stand,3,4,2,0,-100.00%
AE-LIME010,Lime - 10ML - Absolute Essential,25,0.137,0.96,4.17,13,0.143,1,4.33,0,0,0,0,10,2025-10-15,2026-03-03,AE-LIME010,TBC - Absolute Essential,Lime - 10ML - Absolute Essential,4,4,4,0,-100.00%
MFMACARLG,Raw Macadamias LRG - Organic 530g,25,0.137,0.96,4.17,2,0.022,0.15,0.67,0,0,0,0,15,2025-10-12,2026-02-27,MFMACARLG,MF - Nuts,Raw Macadamias LRG - Organic 530g,2,4,1,0,-100.00%
ENKFRA50,Enki: Frankincense High Potency Extract 50ml,25,0.137,0.96,4.17,0,0,0,0,0,0,0,0,16,2025-10-14,2026-01-08,ENKFRA50,TBC - Enki Organics,Enki: Frankincense High Potency Extract 50ml,2,4,0,0,-100.00%
AE-BJASX010,Jasmine: 3% in Jojoba - 10ML - Absolute Essential,24,0.131,0.92,4.00,15,0.165,1.15,5,1,0.033,0.23,1,12,2025-10-15,2026-03-26,AE-BJASX010,TBC - Absolute Essential,Jasmine: 3% in Jojoba - 10ML - Absolute Essential,3,4,5,1,-70.00%
MFWALNUB9,Walnuts - Organic & Activated BULK (9kg),24,0.131,0.92,4.00,14,0.154,1.08,4.67,10,0.333,2.33,10,10,2025-10-20,2026-03-26,MFWALNUB9,MF - Nuts,Walnuts - Organic & Activated BULK (9kg),6,4,5,10,60.69%
EHNG1kg,Etre Health - BULK Australian Grass-fed Natural Gelatin 1kg,24,0.131,0.92,4.00,13,0.143,1,4.33,1,0.033,0.23,1,8,2025-10-29,2026-03-24,EHNG1kg,TBC - Etre Health,Etre Health - BULK Australian Grass-fed Natural Gelatin 1kg,3,4,4,1,-67.85%
AE-MBBUG100,Bug Repellent Spray - 100ML - Absolute Essential,24,0.131,0.92,4.00,10,0.11,0.77,3.33,10,0.333,2.33,10,7,2025-10-23,2026-03-20,AE-MBBUG100,TBC - Absolute Essential,Bug Repellent Spray - 100ML - Absolute Essential,6,4,3,10,73.11%
SOMM100G,Sol Organics Mushroom Magic 100g,24,0.131,0.92,4.00,6,0.066,0.46,2,0,0,0,0,7,2025-10-25,2026-02-20,SOMM100G,TBC - Sol Organics,Sol Organics Mushroom Magic 100g,3,4,2,0,-100.00%
HT-FL-MINI,HT Flow mini,24,0.131,0.92,4.00,8,0.088,0.62,2.67,0,0,0,0,6,2025-12-11,2026-02-18,HT-FL-MINI,TBC - Heart Therapeutics,HT Flow mini,3,4,3,0,-100.00%
AE-BSCLB010,Celebrate - 10ML - Absolute Essential,24,0.131,0.92,4.00,12,0.132,0.92,4,0,0,0,0,10,2025-10-15,2026-02-12,AE-BSCLB010,TBC - Absolute Essential,Celebrate - 10ML - Absolute Essential,4,4,4,0,-100.00%
BBCCA3D,BBCC- Classic Plunger Ground 100g,24,0.131,0.92,4.00,0,0,0,0,0,0,0,0,2,2025-10-16,2025-12-15,BBCCA3D,TBC - Byron Bay Coffee Company,BBCC- Classic Plunger Ground 100g,2,4,0,0,-100.00%
MFBKBRYB9SOURCE,THE SOURCE - Berry Buckies BULK (9kg),23,0.126,0.88,3.83,12,0.132,0.92,4,5,0.167,1.17,5,23,2025-10-13,2026-04-10,MFBKBRYB9SOURCE,MF - Buckies,THE SOURCE - Berry Buckies BULK (9kg),4,4,4,5,16.91%
SIS-POS-MAGA6Info,SISUU Point of Sale - A6 Magnesium Spray Info Sheet,23,0.126,0.88,3.83,23,0.253,1.77,7.67,5,0.167,1.17,5,13,2026-01-23,2026-04-10,SIS-POS-MAGA6Info,TBC - SISUU,SISUU Point of Sale - A6 Magnesium Spray Info Sheet,6,4,8,5,-21.07%
HT-AH-TESTER,HT All Heart TESTER,23,0.126,0.88,3.83,9,0.099,0.69,3,3,0.1,0.7,3,22,2025-11-11,2026-04-07,HT-AH-TESTER,TBC - Heart Therapeutics,HT All Heart TESTER,3,4,3,3,-8.44%
HT-RS-MINI,HT Rise and Shine mini,23,0.126,0.88,3.83,13,0.143,1,4.33,4,0.133,0.93,4,6,2025-12-23,2026-04-02,HT-RS-MINI,TBC - Heart Therapeutics,HT Rise and Shine mini,4,4,4,4,-1.32%
HT-DA-TESTER,HT Daydreams TESTER,23,0.126,0.88,3.83,5,0.055,0.38,1.67,2,0.067,0.47,2,23,2025-11-11,2026-03-23,HT-DA-TESTER,TBC - Heart Therapeutics,HT Daydreams TESTER,3,4,2,2,-20.00%
AE-BTSCA025,Scarless Solution - 50ML - Absolute Essential,23,0.126,0.88,3.83,13,0.143,1,4.33,0,0,0,0,10,2025-11-07,2026-03-06,AE-BTSCA025,TBC - Absolute Essential,Scarless Solution - 50ML - Absolute Essential,4,4,4,0,-100.00%
AE-BPSBT005,Calm Birth - 5ML - Absolute Essential,23,0.126,0.88,3.83,14,0.154,1.08,4.67,0,0,0,0,8,2025-10-21,2026-03-03,AE-BPSBT005,TBC - Absolute Essential,Calm Birth - 5ML - Absolute Essential,4,4,5,0,-100.00%
AE-SAND005,Sandalwood Australian - 5ML - Absolute Essential,23,0.126,0.88,3.83,13,0.143,1,4.33,0,0,0,0,9,2025-10-15,2026-02-10,AE-SAND005,TBC - Absolute Essential,Sandalwood Australian - 5ML - Absolute Essential,4,4,4,0,-100.00%
ENKSLE50,Enki: Sleep - High Potency Spagyric 50ml,23,0.126,0.88,3.83,6,0.066,0.46,2,0,0,0,0,12,2025-10-13,2026-02-02,ENKSLE50,TBC - Enki Organics,Enki: Sleep - High Potency Spagyric 50ml,3,4,2,0,-100.00%
MFASTRAME,Astragalus Root Pieces MED (200g) - DISCONTINUED,23,0.126,0.88,3.83,0,0,0,0,0,0,0,0,14,2025-10-15,2026-01-05,MFASTRAME,MF - Tea,Astragalus Root Pieces MED (200g) - DISCONTINUED,2,4,0,0,-100.00%
NT-MAG-TESTER,TESTER - Naked Tallow - Magnesium Tallow Cream,22,0.12,0.84,3.67,22,0.242,1.69,7.33,22,0.733,5.13,22,21,2026-03-16,2026-04-10,NT-MAG-TESTER,TBC - Naked Tallow,TESTER - Naked Tallow - Magnesium Tallow Cream,15,4,7,22,50.02%
NT-MIST100TESTER,TESTER: Naked Hydrating Mist 100ml,22,0.12,0.84,3.67,10,0.11,0.77,3.33,4,0.133,0.93,4,21,2025-10-14,2026-04-10,NT-MIST100TESTER,TBC - Naked Tallow,TESTER: Naked Hydrating Mist 100ml,4,4,3,4,9.09%
SDGREENLG,"STARDUST Green ""Detoxify"" - Organic LRG (520g)",22,0.12,0.84,3.67,11,0.121,0.85,3.67,6,0.2,1.4,6,20,2025-11-14,2026-04-08,SDGREENLG,Stardust,"STARDUST Green ""Detoxify"" - Organic LRG (520g)",4,4,4,6,34.93%
FSHROBLG,FUNGI Shroom Bloom 20:1 Extract Powder LRG (600g),22,0.12,0.84,3.67,16,0.176,1.23,5.33,6,0.2,1.4,6,15,2025-10-11,2026-04-08,FSHROBLG,Fungi,FUNGI Shroom Bloom 20:1 Extract Powder LRG (600g),5,4,5,6,20.00%
SDGREENXLSOURCE,"THE SOURCE - STARDUST Green ""Detoxify"" - 900g JAR",22,0.12,0.84,3.67,12,0.132,0.92,4,4,0.133,0.93,4,21,2025-10-29,2026-03-31,SDGREENXLSOURCE,Stardust,"THE SOURCE - STARDUST Green ""Detoxify"" - 900g JAR",4,4,4,4,2.83%
HT-FL-TESTER,HT Flow TESTER,22,0.12,0.84,3.67,6,0.066,0.46,2,2,0.067,0.47,2,22,2025-11-11,2026-03-23,HT-FL-TESTER,TBC - Heart Therapeutics,HT Flow TESTER,3,4,2,2,-21.77%
ENKBLU100,Enki: Blue Lotus 100ml,22,0.12,0.84,3.67,14,0.154,1.08,4.67,1,0.033,0.23,1,12,2025-11-03,2026-03-17,ENKBLU100,TBC - Enki Organics,Enki: Blue Lotus 100ml,3,4,5,1,-67.88%
HT-LP-TESTER,HT love potion TESTER,21,0.115,0.80,3.50,5,0.055,0.38,1.67,3,0.1,0.7,3,21,2025-11-11,2026-04-07,HT-LP-TESTER,TBC - Heart Therapeutics,HT love potion TESTER,3,4,2,3,10.16%
SDPORIGB3.8,STARDUST Plant Protein ORIGINAL 3.8kg BULK Organic,21,0.115,0.80,3.50,13,0.143,1,4.33,4,0.133,0.93,4,20,2025-10-16,2026-03-26,SDPORIGB3.8,Stardust - Protein,STARDUST Plant Protein ORIGINAL 3.8kg BULK Organic,4,4,4,4,1.44%
SDREDLOB3,"STARDUST Red ""Longevity"" - Organic BULK (3kg)",21,0.115,0.80,3.50,12,0.132,0.92,4,5,0.167,1.17,5,18,2025-10-16,2026-03-31,SDREDLOB3,Stardust,"STARDUST Red ""Longevity"" - Organic BULK (3kg)",4,4,4,5,20.00%
SBCoffeePow10sachet,SAVVY SUPER COFFEE Coffee Powder Sachets 10x8g,21,0.115,0.80,3.50,17,0.187,1.31,5.67,3,0.1,0.7,3,13,2025-10-24,2026-03-25,SBCoffeePow10sachet,TBC - Savvy Beverage,SAVVY SUPER COFFEE Coffee Powder Sachets 10x8g,4,4,6,3,-26.05%
ZWFSEAWV-TESTER,TESTER VINEGAR Wild Kelp & Dorrigo Pepper - Ziggy's Wild Foods,21,0.115,0.80,3.50,5,0.055,0.38,1.67,1,0.033,0.23,1,9,2025-10-20,2026-03-24,ZWFSEAWV-TESTER,TBC - Ziggy's Wild Foods,TESTER VINEGAR Wild Kelp & Dorrigo Pepper - Ziggy's Wild Foods,2,4,2,1,-51.38%
HT-BR-TESTER,HT Brains TESTER,21,0.115,0.80,3.50,6,0.066,0.46,2,1,0.033,0.23,1,20,2025-11-11,2026-03-20,HT-BR-TESTER,TBC - Heart Therapeutics,HT Brains TESTER,2,4,2,1,-53.85%
NT-SOOTHBALM-TESTER,TESTER - Soothing Face Balm 45g - Naked Tallow,21,0.115,0.80,3.50,7,0.077,0.54,2.33,1,0.033,0.23,1,19,2025-10-20,2026-03-17,NT-SOOTHBALM-TESTER,TBC - Naked Tallow,TESTER - Soothing Face Balm 45g - Naked Tallow,2,4,2,1,-56.08%
MM-POS-Carob-WOBBLER,Maple Moon - Carob Wobbler,21,0.115,0.80,3.50,19,0.209,1.46,6.33,1,0.033,0.23,1,14,2025-12-09,2026-03-17,MM-POS-Carob-WOBBLER,TBC - Maple Moon,Maple Moon - Carob Wobbler,4,4,6,1,-72.30%
AE-VALM100,Almond Oil Sweet: Virgin - 100ML - Absolute Essential,21,0.115,0.80,3.50,11,0.121,0.85,3.67,0,0,0,0,8,2025-11-11,2026-03-11,AE-VALM100,TBC - Absolute Essential,Almond Oil Sweet: Virgin - 100ML - Absolute Essential,4,4,4,0,-100.00%
AE-VCAS050,Castor Oil: Virgin - 50ML - Absolute Essential,21,0.115,0.80,3.50,13,0.143,1,4.33,0,0,0,0,9,2025-10-15,2026-03-11,AE-VCAS050,TBC - Absolute Essential,Castor Oil: Virgin - 50ML - Absolute Essential,4,4,4,0,-100.00%
AE-BCHBA010,Base Chakra - 10ML - Absolute Essential,20,0.109,0.77,3.33,11,0.121,0.85,3.67,7,0.233,1.63,7,8,2025-10-15,2026-04-10,AE-BCHBA010,TBC - Absolute Essential,Base Chakra - 10ML - Absolute Essential,5,3,4,7,50.00%
AE-VARG025,Argan Oil: Raw - 25ML - Absolute Essential,20,0.109,0.77,3.33,12,0.132,0.92,4,3,0.1,0.7,3,8,2025-10-15,2026-04-10,AE-VARG025,TBC - Absolute Essential,Argan Oil: Raw - 25ML - Absolute Essential,3,3,4,3,-12.88%
MFLINSEB6.5,Golden Linseed (Flaxseed) - Organic BULK (6.5kg),20,0.109,0.77,3.33,9,0.099,0.69,3,5,0.167,1.17,5,12,2025-10-22,2026-03-31,MFLINSEB6.5,MF - Pantry (Bulk),Golden Linseed (Flaxseed) - Organic BULK (6.5kg),4,3,3,5,32.39%
NT-OIL250,Naked Vibrant Face & Body Oil 250ml,20,0.109,0.77,3.33,11,0.121,0.85,3.67,1,0.033,0.23,1,12,2025-10-22,2026-03-27,NT-OIL250,TBC - Naked Tallow,Naked Vibrant Face & Body Oil 250ml,3,3,4,1,-62.50%
HT-FD-TESTER,HT Flash Dancer TESTER,20,0.109,0.77,3.33,5,0.055,0.38,1.67,1,0.033,0.23,1,19,2025-11-11,2026-03-20,HT-FD-TESTER,TBC - Heart Therapeutics,HT Flash Dancer TESTER,2,3,2,1,-50.00%
AE-WMIN010,Mint Wild - 10ML - Absolute Essential,20,0.109,0.77,3.33,16,0.176,1.23,5.33,1,0.033,0.23,1,10,2025-10-15,2026-03-18,AE-WMIN010,TBC - Absolute Essential,Mint Wild - 10ML - Absolute Essential,3,3,5,1,-68.94%
BG1H,Byron Bay Olives - Black Garlic Tub - 1 Head,20,0.109,0.77,3.33,3,0.033,0.23,1,0,0,0,0,6,2025-10-27,2026-02-06,BG1H,TBC - Byron Bay Olive Company,Byron Bay Olives - Black Garlic Tub - 1 Head,2,3,1,0,-100.00%
AE-BCHBR010,Brow Chakra - 10ML - Absolute Essential,19,0.104,0.73,3.17,9,0.099,0.69,3,6,0.2,1.4,6,6,2025-10-15,2026-04-10,AE-BCHBR010,TBC - Absolute Essential,Brow Chakra - 10ML - Absolute Essential,4,3,3,6,47.90%
SIS-POS-TastingKit,"SISUU In-store Tonic Tasting Kit (1x 700ml, 1x spout pourer, 1x sleeve of cups, 1x strut card, POS)",19,0.104,0.73,3.17,15,0.165,1.15,5,7,0.233,1.63,7,19,2025-10-13,2026-04-07,SIS-POS-TastingKit,TBC - SISUU,"SISUU In-store Tonic Tasting Kit (1x 700ml, 1x spout pourer, 1x sleeve of cups, 1x strut card, POS)",5,3,5,7,38.43%
MFCHOCLB4.5,Clusters Chocolate Davidson Plum 4.5kg BULK - Organic & Activated,19,0.104,0.73,3.17,7,0.077,0.54,2.33,4,0.133,0.93,4,18,2025-10-20,2026-03-31,MFCHOCLB4.5,MF - Clusters,Clusters Chocolate Davidson Plum 4.5kg BULK - Organic & Activated,3,3,2,4,26.32%
AE-VRHO025,Rose Hip Oil: Virgin - 25ML - Absolute Essential,19,0.104,0.73,3.17,9,0.099,0.69,3,3,0.1,0.7,3,6,2025-10-15,2026-03-30,AE-VRHO025,TBC - Absolute Essential,Rose Hip Oil: Virgin - 25ML - Absolute Essential,3,3,3,3,-1.85%
NT-ZINCNAPPY-55TESTER,TESTER: Naked Tallow Baby - Zinc Nappy Cream 55g,19,0.104,0.73,3.17,10,0.11,0.77,3.33,1,0.033,0.23,1,19,2025-10-13,2026-03-12,NT-ZINCNAPPY-55TESTER,TBC - Naked Tallow,TESTER: Naked Tallow Baby - Zinc Nappy Cream 55g,3,3,3,1,-60.00%
WSGG60,Naturally Driven Grandmas Garden Yerba Maté 60g Cylinder,19,0.104,0.73,3.17,0,0,0,0,0,0,0,0,6,2025-10-25,2025-11-27,WSGG60,TBC - Naturally Driven,Naturally Driven Grandmas Garden Yerba Maté 60g Cylinder,2,3,0,0,-100.00%
SOMD400G,Sol Organics Moong Dhal 400g,19,0.104,0.73,3.17,0,0,0,0,0,0,0,0,4,2025-10-25,2025-11-07,SOMD400G,TBC - Sol Organics,Sol Organics Moong Dhal 400g,2,3,0,0,-100.00%
EC-HAZCHOC1kg,Essential Creme - Hazelnut Chocolate Spread 1kg,18,0.098,0.69,3.00,12,0.132,0.92,4,5,0.167,1.17,5,11,2025-12-08,2026-04-10,EC-HAZCHOC1kg,TBC - Essential Creme,Essential Creme - Hazelnut Chocolate Spread 1kg,4,3,4,5,25.00%
CP-LIP-STRW-HANG,Clean & Pure - Tinted Strawberry Lip Balm - Hang Sell,18,0.098,0.69,3.00,18,0.198,1.38,6,1,0.033,0.23,1,5,2026-01-14,2026-04-09,CP-LIP-STRW-HANG,TBC - Clean & Pure,Clean & Pure - Tinted Strawberry Lip Balm - Hang Sell,4,3,6,1,-71.43%
HT-HBT-TESTER,HT Hinterland TESTER,18,0.098,0.69,3.00,4,0.044,0.31,1.33,1,0.033,0.23,1,18,2025-11-11,2026-03-23,HT-HBT-TESTER,TBC - Heart Therapeutics,HT Hinterland TESTER,2,3,1,1,-43.71%
ENKNIG30,Enki: Fountain of Youth Night Serum 30ml,18,0.098,0.69,3.00,5,0.055,0.38,1.67,1,0.033,0.23,1,13,2025-10-13,2026-03-20,ENKNIG30,TBC - Enki Organics,Enki: Fountain of Youth Night Serum 30ml,2,3,2,1,-47.09%
AE-BSAIR010,Air Fresh - 10ML - Absolute Essential,18,0.098,0.69,3.00,12,0.132,0.92,4,0,0,0,0,6,2025-10-15,2026-03-11,AE-BSAIR010,TBC - Absolute Essential,Air Fresh - 10ML - Absolute Essential,4,3,4,0,-100.00%
AE-VANI005,Vanilla 45% - 5ML - Absolute Essential,18,0.098,0.69,3.00,10,0.11,0.77,3.33,0,0,0,0,9,2025-10-15,2026-02-10,AE-VANI005,TBC - Absolute Essential,Vanilla 45% - 5ML - Absolute Essential,3,3,3,0,-100.00%
SST,Sol Organics Turmeric Golden Milk Blend 100g,18,0.098,0.69,3.00,2,0.022,0.15,0.67,0,0,0,0,6,2025-11-25,2026-01-14,SST,TBC - Sol Organics,Sol Organics Turmeric Golden Milk Blend 100g,2,3,1,0,-100.00%
ENKCOG50,Enki: 'Lion's Mane +' 'Cognitive Formula' Extract 50ml,18,0.098,0.69,3.00,0,0,0,0,0,0,0,0,7,2025-10-23,2025-11-18,ENKCOG50,TBC - Enki Organics,Enki: 'Lion's Mane +' 'Cognitive Formula' Extract 50ml,2,3,0,0,-100.00%
MFSEEDMB6,Seed Mix - Organic & Activated BULK (6kg),17,0.093,0.65,2.83,12,0.132,0.92,4,4,0.133,0.93,4,16,2025-10-25,2026-04-09,MFSEEDMB6,MF - Pantry (Bulk),Seed Mix - Organic & Activated BULK (6kg),4,3,4,4,10.80%
2L,packed by Lucia,17,0.093,0.65,2.83,12,0.132,0.92,4,3,0.1,0.7,3,17,2025-12-04,2026-04-09,2L,Staff & Labour,packed by Lucia,3,3,4,3,-8.44%
MF-POS-POSTER02,Mindful Foods - Male/Female Munchies/Nuts,17,0.093,0.65,2.83,9,0.099,0.69,3,5,0.167,1.17,5,12,2025-11-14,2026-04-10,MF-POS-POSTER02,TBC - POS,Mindful Foods - Male/Female Munchies/Nuts,4,3,3,5,38.50%
AE-BCHTH010,Throat Chakra - 10ML - Absolute Essential,17,0.093,0.65,2.83,8,0.088,0.62,2.67,5,0.167,1.17,5,7,2025-10-15,2026-04-10,AE-BCHTH010,TBC - Absolute Essential,Throat Chakra - 10ML - Absolute Essential,4,3,3,5,42.86%
HT-ST-TESTER,HT Spring tonic TESTER,17,0.093,0.65,2.83,4,0.044,0.31,1.33,1,0.033,0.23,1,17,2025-11-11,2026-03-20,HT-ST-TESTER,TBC - Heart Therapeutics,HT Spring tonic TESTER,2,3,1,1,-41.86%
HT-ML-TESTER,HT mother lover TESTER,17,0.093,0.65,2.83,4,0.044,0.31,1.33,1,0.033,0.23,1,17,2025-11-11,2026-03-20,HT-ML-TESTER,TBC - Heart Therapeutics,HT mother lover TESTER,2,3,1,1,-41.86%
HT-NMT-TESTER,HT Noosa mint tea TESTER,17,0.093,0.65,2.83,5,0.055,0.38,1.67,1,0.033,0.23,1,17,2025-11-11,2026-03-20,HT-NMT-TESTER,TBC - Heart Therapeutics,HT Noosa mint tea TESTER,2,3,2,1,-45.45%
HT-YE-MINI,HT YEP T mini,17,0.093,0.65,2.83,7,0.077,0.54,2.33,0,0,0,0,4,2025-12-23,2026-01-20,HT-YE-MINI,TBC - Heart Therapeutics,HT YEP T mini,3,3,2,0,-100.00%
2SS,Packed Sabah,17,0.093,0.65,2.83,7,0.077,0.54,2.33,0,0,0,0,17,2026-01-09,2026-01-13,2SS,Staff & Labour,Packed Sabah,3,3,2,0,-100.00%
MFDULSPSM,Dulse SML (80g),17,0.093,0.65,2.83,0,0,0,0,0,0,0,0,9,2025-10-14,2026-01-04,MFDULSPSM,MF - Pantry,Dulse SML (80g),1,3,0,0,-100.00%
WTCWHI200,"Whisky, Lime & Orange Marmalade (200g)",17,0.093,0.65,2.83,0,0,0,0,0,0,0,0,5,2025-10-28,2026-01-08,WTCWHI200,TBC - Wattle Tree Creek,"Whisky, Lime & Orange Marmalade (200g)",1,3,0,0,-100.00%
AE-BCHNA010,Navel Chakra - 10ML - Absolute Essential,16,0.087,0.61,2.67,9,0.099,0.69,3,7,0.233,1.63,7,6,2025-10-15,2026-04-10,AE-BCHNA010,TBC - Absolute Essential,Navel Chakra - 10ML - Absolute Essential,4,3,3,7,65.75%
AE-BCHSO010,Solar Chakra - 10ML - Absolute Essential,16,0.087,0.61,2.67,9,0.099,0.69,3,7,0.233,1.63,7,6,2025-10-15,2026-04-10,AE-BCHSO010,TBC - Absolute Essential,Solar Chakra - 10ML - Absolute Essential,4,3,3,7,65.75%
MFIRA,Almonds Roasted with Maple Cinnamon Bulk (3.3kg),16,0.087,0.61,2.67,16,0.176,1.23,5.33,3,0.1,0.7,3,3,2026-02-16,2026-04-10,MFIRA,MF - Nuts,Almonds Roasted with Maple Cinnamon Bulk (3.3kg),4,3,5,3,-27.97%
MYCRO-POS,MYCRO Retail Product Education Materials,16,0.087,0.61,2.67,10,0.11,0.77,3.33,3,0.1,0.7,3,13,2025-10-25,2026-04-09,MYCRO-POS,TBC - POS,MYCRO Retail Product Education Materials,3,3,3,3,0.00%
MFKELPMB5,Kelp Meal (Tasmanian) - Raw BULK (5kg),16,0.087,0.61,2.67,5,0.055,0.38,1.67,1,0.033,0.23,1,13,2025-10-14,2026-03-26,MFKELPMB5,MF - Pantry (Bulk),Kelp Meal (Tasmanian) - Raw BULK (5kg),2,3,2,1,-43.82%
HT-WI-TESTER,HT Witchcraft TESTER,16,0.087,0.61,2.67,3,0.033,0.23,1,1,0.033,0.23,1,16,2025-11-11,2026-04-07,HT-WI-TESTER,TBC - Heart Therapeutics,HT Witchcraft TESTER,2,3,1,1,-35.76%
AE-THYM005,Thyme Thymol - 5ML - Absolute Essential,16,0.087,0.61,2.67,7,0.077,0.54,2.33,2,0.067,0.47,2,7,2025-10-15,2026-04-02,AE-THYM005,TBC - Absolute Essential,Thyme Thymol - 5ML - Absolute Essential,2,3,2,2,-14.29%
SAMPLE-MMALMOND,SAMPLE - Maple Moon - Salted Almond Carob,16,0.087,0.61,2.67,8,0.088,0.62,2.67,3,0.1,0.7,3,12,2025-10-13,2026-03-30,SAMPLE-MMALMOND,TBC - Maple Moon,SAMPLE - Maple Moon - Salted Almond Carob,3,3,3,3,7.91%
MFGOLDGB5,Golden Granola - Organic & Activated BULK (5kg),16,0.087,0.61,2.67,7,0.077,0.54,2.33,2,0.067,0.47,2,14,2025-10-25,2026-03-25,MFGOLDGB5,MF - Granola,Golden Granola - Organic & Activated BULK (5kg),2,3,2,2,-14.29%
2IM,packed by ishani,16,0.087,0.61,2.67,1,0.011,0.08,0.33,1,0.033,0.23,1,16,2025-10-23,2026-03-18,2IM,,packed by ishani,1,3,0,1,-25.00%
TR-GoldSAMPLE,SAMPLE - Golden Activated Turmeric Paste 30ml,16,0.087,0.61,2.67,5,0.055,0.38,1.67,2,0.067,0.47,2,6,2025-10-21,2026-03-12,TR-GoldSAMPLE,TBC - Totally Rawesome,SAMPLE - Golden Activated Turmeric Paste 30ml,2,3,2,2,-5.36%
SL1KG,Sacred Taste Cacao Love - Rose Cacao 1kg Bag,16,0.087,0.61,2.67,4,0.044,0.31,1.33,0,0,0,0,5,2025-10-20,2026-02-25,SL1KG,TBC - Sacred Taste Cacao,Sacred Taste Cacao Love - Rose Cacao 1kg Bag,2,3,1,0,-100.00%
AE-WINT010,Wintergreen - 10ML - Absolute Essential,16,0.087,0.61,2.67,9,0.099,0.69,3,0,0,0,0,7,2025-10-15,2026-02-24,AE-WINT010,TBC - Absolute Essential,Wintergreen - 10ML - Absolute Essential,3,3,3,0,-100.00%
BBCCB1D,BBCC - Nero Espresso Whole Bean 1kg,16,0.087,0.61,2.67,0,0,0,0,0,0,0,0,3,2025-11-05,2026-01-08,BBCCB1D,TBC - Byron Bay Coffee Company,BBCC - Nero Espresso Whole Bean 1kg,1,3,0,0,-100.00%
ENKMAL50,Enki: Male Potency Triple Extract 50ml,16,0.087,0.61,2.67,0,0,0,0,0,0,0,0,8,2025-10-28,2026-01-06,ENKMAL50,TBC - Enki Organics,Enki: Male Potency Triple Extract 50ml,1,3,0,0,-100.00%
NT-PROMO-WOBBLER-2026,Promo Wobbler POS - Naked Tallow - APR - JUN '26,15,0.082,0.57,2.50,15,0.165,1.15,5,15,0.5,3.5,15,11,2026-04-07,2026-04-10,NT-PROMO-WOBBLER-2026,TBC - Naked Tallow,Promo Wobbler POS - Naked Tallow - APR - JUN '26,10,3,5,15,50.00%
CP-LIP-10x5SKU-BUNDLE,Clean & Pure - LIP-10x5SKU-BUNDLE + STAND,15,0.082,0.57,2.50,11,0.121,0.85,3.67,6,0.2,1.4,6,14,2025-12-05,2026-04-10,CP-LIP-10x5SKU-BUNDLE,TBC - Clean & Pure,Clean & Pure - LIP-10x5SKU-BUNDLE + STAND,4,3,4,6,47.90%
LCCHDE120,Life Cykel - Double Extract - Chaga 120ml,15,0.082,0.57,2.50,9,0.099,0.69,3,2,0.067,0.47,2,10,2025-10-24,2026-04-02,LCCHDE120,TBC - Life Cykel,Life Cykel - Double Extract - Chaga 120ml,3,3,3,2,-20.00%
AE-BSGOF005T,TESTER - Confidence - 10ML - Absolute Essential,15,0.082,0.57,2.50,8,0.088,0.62,2.67,2,0.067,0.47,2,15,2025-10-15,2026-04-01,AE-BSGOF005T,TBC - Absolute Essential,TESTER - Confidence - 10ML - Absolute Essential,2,3,3,2,-16.32%
MF-TastingSpoon,Mindful Foods - Metal Spoon for Tastings,15,0.082,0.57,2.50,13,0.143,1,4.33,8,0.267,1.87,8,13,2025-11-25,2026-04-01,MF-TastingSpoon,MF - Other,Mindful Foods - Metal Spoon for Tastings,5,3,4,8,61.83%
HT-TMM-TESTER,HT the milk maid TESTER,15,0.082,0.57,2.50,3,0.033,0.23,1,1,0.033,0.23,1,15,2025-11-11,2026-03-20,HT-TMM-TESTER,TBC - Heart Therapeutics,HT the milk maid TESTER,2,3,1,1,-33.33%
TR-Chai30SAMPLE,SAMPLE - Chai Activated Turmeric Paste 30ml,15,0.082,0.57,2.50,2,0.022,0.15,0.67,2,0.067,0.47,2,4,2025-10-21,2026-03-12,TR-Chai30SAMPLE,TBC - Totally Rawesome,SAMPLE - Chai Activated Turmeric Paste 30ml,2,3,1,2,16.05%
AE-ORAS005T,TESTER - Orange Sweet - 10ML - Absolute Essential,15,0.082,0.57,2.50,9,0.099,0.69,3,1,0.033,0.23,1,15,2025-10-15,2026-03-12,AE-ORAS005T,TBC - Absolute Essential,TESTER - Orange Sweet - 10ML - Absolute Essential,2,3,3,1,-53.85%
AE-BSAMB005T,TESTER - Harmony - 10ML - Absolute Essential,15,0.082,0.57,2.50,8,0.088,0.62,2.67,1,0.033,0.23,1,15,2025-10-15,2026-03-12,AE-BSAMB005T,TBC - Absolute Essential,TESTER - Harmony - 10ML - Absolute Essential,2,3,3,1,-51.38%
SBGreensEnergy15,SAVVY ENERGY Functional Greens - Tropical Fruits 100g pouch 15 serves,15,0.082,0.57,2.50,6,0.066,0.46,2,0,0,0,0,4,2025-10-29,2026-03-11,SBGreensEnergy15,TBC - Savvy Beverage,SAVVY ENERGY Functional Greens - Tropical Fruits 100g pouch 15 serves,2,3,2,0,-100.00%
AE-LAVT005T,TESTER - Lavender True - 10ML - Absolute Essential,15,0.082,0.57,2.50,6,0.066,0.46,2,0,0,0,0,15,2025-10-15,2026-03-03,AE-LAVT005T,TBC - Absolute Essential,TESTER - Lavender True - 10ML - Absolute Essential,2,3,2,0,-100.00%
ENKBOD100,Enki: Ayurveda Body Oil 100ml,15,0.082,0.57,2.50,3,0.033,0.23,1,0,0,0,0,8,2025-10-13,2026-02-02,ENKBOD100,TBC - Enki Organics,Enki: Ayurveda Body Oil 100ml,2,3,1,0,-100.00%
WSMM250,Naturally Driven Majic Maté Cacao Blend 250g Cylinder,15,0.082,0.57,2.50,1,0.011,0.08,0.33,0,0,0,0,9,2025-10-13,2026-01-21,WSMM250,TBC - Naturally Driven,Naturally Driven Majic Maté Cacao Blend 250g Cylinder,1,3,0,0,-100.00%
MAPLMOVE-LEMON-32ml,SAMPLE - Maple Movement - SAP with Lemon & Salt - Single 32ml,15,0.082,0.57,2.50,0,0,0,0,0,0,0,0,3,2025-11-07,2025-11-24,MAPLMOVE-LEMON-32ml,TBC - Maple Movement,SAMPLE - Maple Movement - SAP with Lemon & Salt - Single 32ml,1,3,0,0,-100.00%
AE-BCHCR010,Crown Chakra - 10ML - Absolute Essential,14,0.077,0.54,2.33,6,0.066,0.46,2,4,0.133,0.93,4,6,2025-10-15,2026-04-10,AE-BCHCR010,TBC - Absolute Essential,Crown Chakra - 10ML - Absolute Essential,3,2,2,4,44.06%
AE-LAVA005T,TESTER - Lavender Sweet - 10ML - Absolute Essential,14,0.077,0.54,2.33,7,0.077,0.54,2.33,1,0.033,0.23,1,14,2025-10-15,2026-04-10,AE-LAVA005T,TBC - Absolute Essential,TESTER - Lavender Sweet - 10ML - Absolute Essential,2,2,2,1,-47.00%
AE-MNKA005,Manuka - 5ML - Absolute Essential,14,0.077,0.54,2.33,4,0.044,0.31,1.33,1,0.033,0.23,1,5,2025-10-15,2026-04-08,AE-MNKA005,TBC - Absolute Essential,Manuka - 5ML - Absolute Essential,2,2,1,1,-35.62%
SIS-POS-MAGA5Strut,SISUU Point of Sale - Magnesium Spray Strut Card A5,14,0.077,0.54,2.33,14,0.154,1.08,4.67,2,0.067,0.47,2,13,2026-01-23,2026-04-07,SIS-POS-MAGA5Strut,TBC - SISUU,SISUU Point of Sale - Magnesium Spray Strut Card A5,3,2,5,2,-40.03%
AE-BCHHE005T,TESTER - Heart Chakra - 10ML - Absolute Essential,14,0.077,0.54,2.33,9,0.099,0.69,3,2,0.067,0.47,2,14,2025-10-15,2026-04-02,AE-BCHHE005T,TBC - Absolute Essential,TESTER - Heart Chakra - 10ML - Absolute Essential,2,2,3,2,-18.14%
AE-PEPM005T,TESTER - Peppermint - 10ML - Absolute Essential,14,0.077,0.54,2.33,8,0.088,0.62,2.67,2,0.067,0.47,2,14,2025-10-15,2026-04-01,AE-PEPM005T,TBC - Absolute Essential,TESTER - Peppermint - 10ML - Absolute Essential,2,2,3,2,-14.29%
MFALMONB5,Almonds - Organic & Activated BULK (5kg),14,0.077,0.54,2.33,8,0.088,0.62,2.67,2,0.067,0.47,2,14,2025-10-17,2026-03-31,MFALMONB5,MF - Nuts,Almonds - Organic & Activated BULK (5kg),2,2,3,2,-14.29%
FREISHLG,FUNGI Reishi 20:1 Extract Powder LRG (600g),14,0.077,0.54,2.33,5,0.055,0.38,1.67,1,0.033,0.23,1,12,2025-10-13,2026-03-31,FREISHLG,Fungi,FUNGI Reishi 20:1 Extract Powder LRG (600g),2,2,2,1,-40.00%
NT-OIL100TESTER,TESTER: Naked Vibrant Face & Body Oil 100ml,14,0.077,0.54,2.33,9,0.099,0.69,3,4,0.133,0.93,4,14,2025-10-25,2026-03-27,NT-OIL100TESTER,TBC - Naked Tallow,TESTER: Naked Vibrant Face & Body Oil 100ml,3,2,3,4,28.62%
AE-BSTRA005T,TESTER - Tranquility - 10ML - Absolute Essential,14,0.077,0.54,2.33,8,0.088,0.62,2.67,1,0.033,0.23,1,14,2025-10-15,2026-03-12,AE-BSTRA005T,TBC - Absolute Essential,TESTER - Tranquility - 10ML - Absolute Essential,2,2,3,1,-50.00%
AE-BSBRA005T,TESTER - Brain Power - 10ML - Absolute Essential,14,0.077,0.54,2.33,9,0.099,0.69,3,1,0.033,0.23,1,14,2025-10-15,2026-03-12,AE-BSBRA005T,TBC - Absolute Essential,TESTER - Brain Power - 10ML - Absolute Essential,2,2,3,1,-52.61%
AE-BSTWS005T,TESTER - Sleep Easy - 10ML - Absolute Essential,14,0.077,0.54,2.33,7,0.077,0.54,2.33,1,0.033,0.23,1,14,2025-10-15,2026-03-12,AE-BSTWS005T,TBC - Absolute Essential,TESTER - Sleep Easy - 10ML - Absolute Essential,2,2,2,1,-47.00%
AE-BPMST100,Stretchmark Oil - 100ML - Absolute Essential,14,0.077,0.54,2.33,9,0.099,0.69,3,0,0,0,0,7,2025-11-05,2026-02-16,AE-BPMST100,TBC - Absolute Essential,Stretchmark Oil - 100ML - Absolute Essential,3,2,3,0,-100.00%
CP-CDU-KIDSUN+ZINCLIP,Clean & Pure - Counter Display Unit BUNDLE: 6x Baby & Kids Sunscreen (SPF50 70g) + 1x Sunscreen Tester + 10x Zinc Lip Balm + Wood Stand,14,0.077,0.54,2.33,3,0.033,0.23,1,0,0,0,0,14,2025-12-05,2026-02-16,CP-CDU-KIDSUN+ZINCLIP,TBC - Clean & Pure,Clean & Pure - Counter Display Unit BUNDLE: 6x Baby & Kids Sunscreen (SPF50 70g) + 1x Sunscreen Tester + 10x Zinc Lip Balm + Wood Stand,2,2,1,0,-100.00%
AE-BCHS002,Chakra Set - EA - Absolute Essential,14,0.077,0.54,2.33,7,0.077,0.54,2.33,0,0,0,0,7,2025-11-26,2026-02-11,AE-BCHS002,TBC - Absolute Essential,Chakra Set - EA - Absolute Essential,2,2,2,0,-100.00%
AE-GBRF002,Rose & Frankincense Gift Box - EA - Absolute Essential,14,0.077,0.54,2.33,6,0.066,0.46,2,0,0,0,0,6,2025-11-07,2026-02-09,AE-GBRF002,TBC - Absolute Essential,Rose & Frankincense Gift Box - EA - Absolute Essential,2,2,2,0,-100.00%
HT-YE-TESTER,HT YEP T TESTER,14,0.077,0.54,2.33,2,0.022,0.15,0.67,0,0,0,0,14,2025-11-11,2026-02-09,HT-YE-TESTER,TBC - Heart Therapeutics,HT YEP T TESTER,2,2,1,0,-100.00%
AE-BBMAS050,Baby Oil: Rose & Chamomile - 50ML - Absolute Essential,14,0.077,0.54,2.33,5,0.055,0.38,1.67,0,0,0,0,7,2025-10-14,2026-02-04,AE-BBMAS050,TBC - Absolute Essential,Baby Oil: Rose & Chamomile - 50ML - Absolute Essential,2,2,2,0,-100.00%
PMSMAPLE80G,Pimp My Snack - Snacking Maple Cinnamon Seeds 80g,14,0.077,0.54,2.33,0,0,0,0,0,0,0,0,4,2025-10-24,2026-01-08,PMSMAPLE80G,TBC - Pimp My Snack,Pimp My Snack - Snacking Maple Cinnamon Seeds 80g,1,2,0,0,-100.00%
MFCOCOSSM,Coconut Sugar SML - Organic 170g DISCONTINUED,14,0.077,0.54,2.33,0,0,0,0,0,0,0,0,6,2025-10-22,2025-11-14,MFCOCOSSM,MF - Pantry,Coconut Sugar SML - Organic 170g DISCONTINUED,1,2,0,0,-100.00%
PT-POS-TONICS,Pyewackets - BOOKLET Tonics Manual for Retailers,14,0.077,0.54,2.33,0,0,0,0,0,0,0,0,2,2025-11-10,2025-11-12,PT-POS-TONICS,TBC - POS,Pyewackets - BOOKLET Tonics Manual for Retailers,1,2,0,0,-100.00%
AE-BSREG005T,TESTER - Vitality - 10ML - Absolute Essential,13,0.071,0.50,2.17,8,0.088,0.62,2.67,2,0.067,0.47,2,13,2025-10-15,2026-04-10,AE-BSREG005T,TBC - Absolute Essential,TESTER - Vitality - 10ML - Absolute Essential,2,2,3,2,-12.28%
BULK-ABARA-BOX,Bulk - Raw Almonds - 12.5kg Box,13,0.071,0.50,2.17,9,0.099,0.69,3,7,0.233,1.63,7,9,2025-10-22,2026-03-26,BULK-ABARA-BOX,Bulk Products,Bulk - Raw Almonds - 12.5kg Box,4,2,3,7,72.56%
AE-BSIMM005T,TESTER - Immune Care - 10ML - Absolute Essential,13,0.071,0.50,2.17,8,0.088,0.62,2.67,1,0.033,0.23,1,13,2025-10-15,2026-03-12,AE-BSIMM005T,TBC - Absolute Essential,TESTER - Immune Care - 10ML - Absolute Essential,2,2,3,1,-48.63%
SBCoffeePow25,SAVVY Coffee Powder 200g Focus Cylinder,13,0.071,0.50,2.17,10,0.11,0.77,3.33,0,0,0,0,7,2025-10-24,2026-03-11,SBCoffeePow25,TBC - Savvy Beverage,SAVVY Coffee Powder 200g Focus Cylinder,3,2,3,0,-100.00%
SCMWP,Sacred Taste Cacao Sacred Mini Copper Whisk Pink,13,0.071,0.50,2.17,7,0.077,0.54,2.33,0,0,0,0,5,2025-10-20,2026-02-10,SCMWP,TBC - Sacred Taste Cacao,Sacred Taste Cacao Sacred Mini Copper Whisk Pink,2,2,2,0,-100.00%
HT-FD-MINI,HT Flash Dancer mini,13,0.071,0.50,2.17,0,0,0,0,0,0,0,0,3,2025-12-11,2025-12-23,HT-FD-MINI,TBC - Heart Therapeutics,HT Flash Dancer mini,1,2,0,0,-100.00%
MAPLMOVE-MAPLE-30ml,SAMPLE - Maple Movement - SAP MAPLE - 100% Maple Syrup - Single 30ml,13,0.071,0.50,2.17,0,0,0,0,0,0,0,0,2,2025-11-18,2025-11-24,MAPLMOVE-MAPLE-30ml,TBC - Maple Movement,SAMPLE - Maple Movement - SAP MAPLE - 100% Maple Syrup - Single 30ml,1,2,0,0,-100.00%
WSGG130,Naturally Driven Grandmas Garden Yerba Maté 130g Pouch,13,0.071,0.50,2.17,0,0,0,0,0,0,0,0,3,2025-10-13,2025-10-25,WSGG130,TBC - Naturally Driven,Naturally Driven Grandmas Garden Yerba Maté 130g Pouch,1,2,0,0,-100.00%
LCAGGKIT,Life Cykel - Grow Kit - Alkaline Greens,12,0.066,0.46,2.00,10,0.11,0.77,3.33,5,0.167,1.17,5,5,2025-10-20,2026-04-10,LCAGGKIT,TBC - Life Cykel,Life Cykel - Grow Kit - Alkaline Greens,3,2,3,5,45.21%
AE-BMANT100,Massage Oil: Deep Relaxation - 100ML - Absolute Essential,12,0.066,0.46,2.00,9,0.099,0.69,3,2,0.067,0.47,2,7,2025-11-26,2026-04-08,AE-BMANT100,TBC - Absolute Essential,Massage Oil: Deep Relaxation - 100ML - Absolute Essential,2,2,3,2,-14.29%
AE-BCHBA005T,TESTER - Base Chakra - 10ML - Absolute Essential,12,0.066,0.46,2.00,7,0.077,0.54,2.33,1,0.033,0.23,1,12,2025-10-15,2026-04-02,AE-BCHBA005T,TBC - Absolute Essential,TESTER - Base Chakra - 10ML - Absolute Essential,2,2,2,1,-43.71%
AE-BSHED005T,TESTER - Head Ease - 10ML - Absolute Essential,12,0.066,0.46,2.00,8,0.088,0.62,2.67,3,0.1,0.7,3,11,2025-10-15,2026-04-01,AE-BSHED005T,TBC - Absolute Essential,TESTER - Head Ease - 10ML - Absolute Essential,3,2,3,3,17.34%
MFOATSRB5,Oats Rolled - Organic BULK (5kg),12,0.066,0.46,2.00,6,0.066,0.46,2,1,0.033,0.23,1,11,2025-10-12,2026-03-31,MFOATSRB5,MF - Pantry (Bulk),Oats Rolled - Organic BULK (5kg),2,2,2,1,-40.00%
AE-BSDRT005T,TESTER - Deep Sleep - 10ML - Absolute Essential,12,0.066,0.46,2.00,4,0.044,0.31,1.33,1,0.033,0.23,1,12,2025-10-15,2026-03-30,AE-BSDRT005T,TBC - Absolute Essential,TESTER - Deep Sleep - 10ML - Absolute Essential,1,2,1,1,-30.72%
CP-SCR-TAT,Clean & Pure - Manuka & Rose Natural Tattoo Balm 10g,12,0.066,0.46,2.00,12,0.132,0.92,4,1,0.033,0.23,1,3,2026-03-10,2026-03-25,CP-SCR-TAT,TBC - Clean & Pure,Clean & Pure - Manuka & Rose Natural Tattoo Balm 10g,3,2,4,1,-60.00%
AE-BSLIF005T,TESTER - Uplift - 10ML - Absolute Essential,12,0.066,0.46,2.00,8,0.088,0.62,2.67,2,0.067,0.47,2,12,2025-10-15,2026-03-23,AE-BSLIF005T,TBC - Absolute Essential,TESTER - Uplift - 10ML - Absolute Essential,2,2,3,2,-10.04%
ENKCOR50,Enki: Cordyceps - High Potency Spagyric 50ml,12,0.066,0.46,2.00,1,0.011,0.08,0.33,1,0.033,0.23,1,6,2025-10-23,2026-03-19,ENKCOR50,TBC - Enki Organics,Enki: Cordyceps - High Potency Spagyric 50ml,1,2,0,1,-9.91%
AE-BSFEM005T,TESTER - Woman Support - 10ML - Absolute Essential,12,0.066,0.46,2.00,6,0.066,0.46,2,1,0.033,0.23,1,12,2025-10-15,2026-03-12,AE-BSFEM005T,TBC - Absolute Essential,TESTER - Woman Support - 10ML - Absolute Essential,2,2,2,1,-40.00%
AE-RSMY005T,TESTER - Rosemary Cineol - 10ML - Absolute Essential,12,0.066,0.46,2.00,7,0.077,0.54,2.33,0,0,0,0,12,2025-10-15,2026-03-03,AE-RSMY005T,TBC - Absolute Essential,TESTER - Rosemary Cineol - 10ML - Absolute Essential,2,2,2,0,-100.00%
AE-BSDEP005T,TESTER - Breathe Well - 10ML - Absolute Essential,12,0.066,0.46,2.00,5,0.055,0.38,1.67,0,0,0,0,12,2025-10-15,2026-02-16,AE-BSDEP005T,TBC - Absolute Essential,TESTER - Breathe Well - 10ML - Absolute Essential,2,2,2,0,-100.00%
AE-FRAN001T,TESTER - Frankincense - 5ML - Absolute Essential,12,0.066,0.46,2.00,5,0.055,0.38,1.67,0,0,0,0,12,2025-10-15,2026-02-10,AE-FRAN001T,TBC - Absolute Essential,TESTER - Frankincense - 5ML - Absolute Essential,2,2,2,0,-100.00%
AE-BSCHR010,Festive Spirit - 10ML - Absolute Essential,12,0.066,0.46,2.00,3,0.033,0.23,1,0,0,0,0,4,2025-10-15,2026-02-10,AE-BSCHR010,TBC - Absolute Essential,Festive Spirit - 10ML - Absolute Essential,2,2,1,0,-100.00%
AE-SBBRC050,Muscle Rub - 100ML - Absolute Essential,12,0.066,0.46,2.00,9,0.099,0.69,3,0,0,0,0,5,2025-11-26,2026-02-09,AE-SBBRC050,TBC - Absolute Essential,Muscle Rub - 100ML - Absolute Essential,3,2,3,0,-100.00%
BBCCA18D,BBCC- RFA Utopia Espresso 250g,12,0.066,0.46,2.00,6,0.066,0.46,2,0,0,0,0,2,2026-01-07,2026-01-21,BBCCA18D,TBC - Byron Bay Coffee Company,BBCC- RFA Utopia Espresso 250g,2,2,2,0,-100.00%
BBCCG1D,BBCC- Gourmet Drinking Chocolate 250g,12,0.066,0.46,2.00,0,0,0,0,0,0,0,0,1,2025-11-11,2025-11-11,BBCCG1D,TBC - Byron Bay Coffee Company,BBCC- Gourmet Drinking Chocolate 250g,1,2,0,0,-100.00%
PMSSUPER80G,Pimp My Snack - Snacking Super Seeds 80g,12,0.066,0.46,2.00,0,0,0,0,0,0,0,0,3,2025-10-22,2025-10-31,PMSSUPER80G,TBC - Pimp My Snack,Pimp My Snack - Snacking Super Seeds 80g,1,2,0,0,-100.00%
MFPSYHUSM,Psyllium Husk SML - Organic 100g DISCONTINUED,12,0.066,0.46,2.00,0,0,0,0,0,0,0,0,4,2025-10-14,2025-10-23,MFPSYHUSM,MF - Pantry,Psyllium Husk SML - Organic 100g DISCONTINUED,1,2,0,0,-100.00%
ENKASH50,Enki: Ashwagandha Tincture 50ml,12,0.066,0.46,2.00,0,0,0,0,0,0,0,0,3,2025-10-13,2025-10-20,ENKASH50,TBC - Enki Organics,Enki: Ashwagandha Tincture 50ml,1,2,0,0,-100.00%
AE-ACDFGR001,Absolute Essentials - Portable Metal Diffuser: Gunmetal Grey,11,0.06,0.42,1.83,11,0.121,0.85,3.67,2,0.067,0.47,2,8,2026-02-03,2026-04-10,AE-ACDFGR001,TBC - Absolute Essential,Absolute Essentials - Portable Metal Diffuser: Gunmetal Grey,3,2,4,2,-29.45%
ZWFDAVOV-TESTER,TESTER - VINEGAR Salted Davidson Plum - Ziggy's Wild Foods,11,0.06,0.42,1.83,7,0.077,0.54,2.33,2,0.067,0.47,2,8,2025-11-18,2026-04-07,ZWFDAVOV-TESTER,TBC - Ziggy's Wild Foods,TESTER - VINEGAR Salted Davidson Plum - Ziggy's Wild Foods,2,2,2,2,-2.60%
MFPECANB9,Pecans - Organic & Activated BULK (9kg),11,0.06,0.42,1.83,7,0.077,0.54,2.33,5,0.167,1.17,5,8,2025-10-20,2026-04-02,MFPECANB9,MF - Nuts,Pecans - Organic & Activated BULK (9kg),3,2,2,5,63.76%
AE-BCHSO005T,TESTER - Solar Chakra - 10ML - Absolute Essential,11,0.06,0.42,1.83,7,0.077,0.54,2.33,2,0.067,0.47,2,10,2025-10-15,2026-03-30,AE-BCHSO005T,TBC - Absolute Essential,TESTER - Solar Chakra - 10ML - Absolute Essential,2,2,2,2,-2.60%
CP-LIP-10x3SKU-STANDONLY,Clean & Pure - Lip Balm 6g Tube - 10x units of 3x SKU - STAND ONLY,11,0.06,0.42,1.83,11,0.121,0.85,3.67,5,0.167,1.17,5,11,2026-01-22,2026-03-30,CP-LIP-10x3SKU-STANDONLY,TBC - Clean & Pure,Clean & Pure - Lip Balm 6g Tube - 10x units of 3x SKU - STAND ONLY,4,2,4,5,15.34%
AE-CITR005T,TESTER - Citronella - 10ML - Absolute Essential,11,0.06,0.42,1.83,8,0.088,0.62,2.67,2,0.067,0.47,2,11,2025-10-15,2026-03-30,AE-CITR005T,TBC - Absolute Essential,TESTER - Citronella - 10ML - Absolute Essential,2,2,3,2,-7.69%
ZWFRASPV-TESTER,TESTER - VINEGAR Wild Native Raspberry Balsamic - Ziggy's Wild Foods,11,0.06,0.42,1.83,5,0.055,0.38,1.67,1,0.033,0.23,1,8,2025-11-12,2026-03-26,ZWFRASPV-TESTER,TBC - Ziggy's Wild Foods,TESTER - VINEGAR Wild Native Raspberry Balsamic - Ziggy's Wild Foods,2,2,2,1,-33.33%
CP-LIP-MANU-HANG,Clean & Pure - Manuka Honey Lip Balm - Hang Sell,11,0.06,0.42,1.83,11,0.121,0.85,3.67,1,0.033,0.23,1,2,2026-02-03,2026-03-26,CP-LIP-MANU-HANG,TBC - Clean & Pure,Clean & Pure - Manuka Honey Lip Balm - Hang Sell,2,2,4,1,-57.17%
MFALMONB10,Almonds - Organic & Activated BULK (10kg),11,0.06,0.42,1.83,7,0.077,0.54,2.33,5,0.167,1.17,5,7,2025-11-10,2026-03-26,MFALMONB10,MF - Nuts,Almonds - Organic & Activated BULK (10kg),3,2,2,5,63.76%
MMMOONJ,Maple Moon 50x Carob Crescents - Bulk Jar,11,0.06,0.42,1.83,7,0.077,0.54,2.33,2,0.067,0.47,2,11,2025-11-18,2026-03-26,MMMOONJ,TBC - Maple Moon,Maple Moon 50x Carob Crescents - Bulk Jar,2,2,2,2,-2.60%
MFTERIMB5,Munchies Teriyaki - Organic & Activated BULK (5kg),11,0.06,0.42,1.83,6,0.066,0.46,2,1,0.033,0.23,1,9,2025-10-15,2026-03-23,MFTERIMB5,MF - Munchies,Munchies Teriyaki - Organic & Activated BULK (5kg),2,2,2,1,-37.89%
MFTURMEB5,Turmeric (High Potency 5%) - Organic BULK (5kg),11,0.06,0.42,1.83,9,0.099,0.69,3,1,0.033,0.23,1,8,2025-11-12,2026-03-12,MFTURMEB5,MF - Pantry (Bulk),Turmeric (High Potency 5%) - Organic BULK (5kg),2,2,3,1,-48.54%
AE-BERG005T,TESTER - Bergamot - 10ML - Absolute Essential,11,0.06,0.42,1.83,7,0.077,0.54,2.33,1,0.033,0.23,1,11,2025-10-15,2026-03-12,AE-BERG005T,TBC - Absolute Essential,TESTER - Bergamot - 10ML - Absolute Essential,2,2,2,1,-41.86%
AE-EUCA005T,TESTER - Eucalyptus Australiana - 10ML - Absolute Essential,11,0.06,0.42,1.83,7,0.077,0.54,2.33,1,0.033,0.23,1,11,2025-10-15,2026-03-12,AE-EUCA005T,TBC - Absolute Essential,TESTER - Eucalyptus Australiana - 10ML - Absolute Essential,2,2,2,1,-41.86%
AE-GERA005T,TESTER - Geranium - 10ML - Absolute Essential,11,0.06,0.42,1.83,8,0.088,0.62,2.67,1,0.033,0.23,1,11,2025-11-07,2026-03-12,AE-GERA005T,TBC - Absolute Essential,TESTER - Geranium - 10ML - Absolute Essential,2,2,3,1,-45.45%
AE-BSSIN005T,TESTER - Inhale - 10ML - Absolute Essential,11,0.06,0.42,1.83,6,0.066,0.46,2,1,0.033,0.23,1,11,2025-10-15,2026-03-12,AE-BSSIN005T,TBC - Absolute Essential,TESTER - Inhale - 10ML - Absolute Essential,2,2,2,1,-37.89%
AE-LEMG005T,TESTER - Lemongrass - 10ML - Absolute Essential,11,0.06,0.42,1.83,5,0.055,0.38,1.67,0,0,0,0,11,2025-10-15,2026-03-06,AE-LEMG005T,TBC - Absolute Essential,TESTER - Lemongrass - 10ML - Absolute Essential,2,2,2,0,-100.00%
AE-LEMN005T,TESTER - Lemon - 10ML - Absolute Essential,11,0.06,0.42,1.83,9,0.099,0.69,3,0,0,0,0,11,2025-11-07,2026-03-03,AE-LEMN005T,TBC - Absolute Essential,TESTER - Lemon - 10ML - Absolute Essential,2,2,3,0,-100.00%
AE-BSAST005T,TESTER - Stress Less - 10ML - Absolute Essential,11,0.06,0.42,1.83,4,0.044,0.31,1.33,0,0,0,0,9,2025-10-15,2026-02-09,AE-BSAST005T,TBC - Absolute Essential,TESTER - Stress Less - 10ML - Absolute Essential,2,2,1,0,-100.00%
PECANS,Pecans Raw (Organic),11,0.06,0.42,1.83,11,0.121,0.85,3.67,0,0,0,0,1,2026-01-19,2026-01-19,PECANS,MF - Ingredients,Pecans Raw (Organic),3,2,4,0,-100.00%
TR-FLYER,Totally Rawesome Flyer,11,0.06,0.42,1.83,0,0,0,0,0,0,0,0,2,2025-11-13,2025-12-03,TR-FLYER,TBC - Totally Rawesome,Totally Rawesome Flyer,1,2,0,0,-100.00%
PECANSB,Pecans Raw - B Grade,11,0.06,0.42,1.83,0,0,0,0,0,0,0,0,1,2025-12-02,2025-12-02,PECANSB,MF - Ingredients,Pecans Raw - B Grade,1,2,0,0,-100.00%
MFPECANB4.5,Pecans - Organic & Activated BULK (4.5kg),10,0.055,0.38,1.67,6,0.066,0.46,2,2,0.067,0.47,2,10,2025-10-27,2026-03-31,MFPECANB4.5,MF - Nuts,Pecans - Organic & Activated BULK (4.5kg),2,2,2,2,5.82%
BULK-ABCWO-BOX,Bulk - Cranberries Sliced ORGANIC Cane Sugar 11.34kg Box,10,0.055,0.38,1.67,10,0.11,0.77,3.33,1,0.033,0.23,1,9,2026-02-02,2026-03-31,BULK-ABCWO-BOX,Bulk Products,Bulk - Cranberries Sliced ORGANIC Cane Sugar 11.34kg Box,2,2,3,1,-53.81%
KIP-TASTINGKIT,"King Island Pure Manuka - In-store Tasting Kit BUNDLE (MGO514,700,829 + Sticks + Info Card)",10,0.055,0.38,1.67,10,0.11,0.77,3.33,6,0.2,1.4,6,10,2026-03-09,2026-03-26,KIP-TASTINGKIT,TBC - King Island Pure Manuka,"King Island Pure Manuka - In-store Tasting Kit BUNDLE (MGO514,700,829 + Sticks + Info Card)",5,2,3,6,28.62%
AE-BSBAB005T,TESTER - Baby Breathe - 10ML - Absolute Essential,10,0.055,0.38,1.67,5,0.055,0.38,1.67,1,0.033,0.23,1,10,2025-10-15,2026-03-12,AE-BSBAB005T,TBC - Absolute Essential,TESTER - Baby Breathe - 10ML - Absolute Essential,1,2,2,1,-30.88%
AE-CLOB005T,TESTER - Clove Bud - 10ML - Absolute Essential,10,0.055,0.38,1.67,6,0.066,0.46,2,1,0.033,0.23,1,10,2025-10-15,2026-03-12,AE-CLOB005T,TBC - Absolute Essential,TESTER - Clove Bud - 10ML - Absolute Essential,2,2,2,1,-35.76%
AE-LIME005T,TESTER - Lime - 10ML - Absolute Essential,10,0.055,0.38,1.67,7,0.077,0.54,2.33,1,0.033,0.23,1,10,2025-10-15,2026-03-12,AE-LIME005T,TBC - Absolute Essential,TESTER - Lime - 10ML - Absolute Essential,2,2,2,1,-40.00%
AE-BTSCA010T,TESTER - Scarless Solution - 50ML - Absolute Essential,10,0.055,0.38,1.67,7,0.077,0.54,2.33,1,0.033,0.23,1,10,2025-11-07,2026-03-12,AE-BTSCA010T,TBC - Absolute Essential,TESTER - Scarless Solution - 50ML - Absolute Essential,2,2,2,1,-40.00%
ENKHYD100,Enki: Botanical Hydrosol 100ml,10,0.055,0.38,1.67,3,0.033,0.23,1,0,0,0,0,7,2025-10-13,2026-03-11,ENKHYD100,TBC - Enki Organics,Enki: Botanical Hydrosol 100ml,1,2,1,0,-100.00%
BBCCB6GD,BBCC - Organic Espresso Ground 1kg,10,0.055,0.38,1.67,5,0.055,0.38,1.67,0,0,0,0,2,2025-12-22,2026-03-10,BBCCB6GD,#N/A,BBCC - Organic Espresso Ground 1kg,2,2,2,0,-100.00%
AE-OREG005T,TESTER - Oregano - 10ML - Absolute Essential,10,0.055,0.38,1.67,7,0.077,0.54,2.33,0,0,0,0,10,2025-10-15,2026-03-06,AE-OREG005T,TBC - Absolute Essential,TESTER - Oregano - 10ML - Absolute Essential,2,2,2,0,-100.00%
AE-BROSX005T,TESTER - Rose: 3% in Jojoba - 10ML - Absolute Essential,10,0.055,0.38,1.67,6,0.066,0.46,2,0,0,0,0,10,2025-10-15,2026-03-06,AE-BROSX005T,TBC - Absolute Essential,TESTER - Rose: 3% in Jojoba - 10ML - Absolute Essential,2,2,2,0,-100.00%
CB2CALM1,CB2 Activate - Calm Sleep 30ml,10,0.055,0.38,1.67,2,0.022,0.15,0.67,0,0,0,0,4,2025-10-15,2026-02-02,CB2CALM1,TBC - Nutura Wellness CB2,CB2 Activate - Calm Sleep 30ml,1,2,1,0,-100.00%
CB2RELIEF1,CB2 Activate - Relief + Recover 30ml,10,0.055,0.38,1.67,4,0.044,0.31,1.33,0,0,0,0,6,2025-10-14,2026-02-02,CB2RELIEF1,TBC - Nutura Wellness CB2,CB2 Activate - Relief + Recover 30ml,2,2,1,0,-100.00%
AE-SAND001T,TESTER - Sandalwood Australian - 5ML - Absolute Essential,10,0.055,0.38,1.67,5,0.055,0.38,1.67,0,0,0,0,10,2025-10-15,2026-02-10,AE-SAND001T,TBC - Absolute Essential,TESTER - Sandalwood Australian - 5ML - Absolute Essential,2,2,2,0,-100.00%
AE-YLAN005T,TESTER - Ylang Ylang - 10ML - Absolute Essential,10,0.055,0.38,1.67,6,0.066,0.46,2,0,0,0,0,10,2025-10-15,2026-02-10,AE-YLAN005T,TBC - Absolute Essential,TESTER - Ylang Ylang - 10ML - Absolute Essential,2,2,2,0,-100.00%
AE-CALG100,Aloe Vera Gel - 100GM - Absolute Essential,10,0.055,0.38,1.67,5,0.055,0.38,1.67,0,0,0,0,4,2025-10-31,2026-02-09,AE-CALG100,TBC - Absolute Essential,Aloe Vera Gel - 100GM - Absolute Essential,2,2,2,0,-100.00%
AE-BSPURI010,Purify: Air Cleanser - 10ML - Absolute Essential,10,0.055,0.38,1.67,3,0.033,0.23,1,0,0,0,0,3,2025-11-12,2026-02-04,AE-BSPURI010,TBC - Absolute Essential,Purify: Air Cleanser - 10ML - Absolute Essential,1,2,1,0,-100.00%
ENKDAY30,Enki: Aegis Day Serum 30ml,10,0.055,0.38,1.67,1,0.011,0.08,0.33,0,0,0,0,6,2025-10-13,2026-02-02,ENKDAY30,TBC - Enki Organics,Enki: Aegis Day Serum 30ml,1,2,0,0,-100.00%
ENKFEM50,Enki: Feminine Energy Triple Extract 50ml,10,0.055,0.38,1.67,0,0,0,0,0,0,0,0,7,2025-10-13,2025-12-19,ENKFEM50,TBC - Enki Organics,Enki: Feminine Energy Triple Extract 50ml,1,2,0,0,-100.00%
AE-BSBUG010,Bug Repellent - 10ML - Absolute Essential,10,0.055,0.38,1.67,0,0,0,0,0,0,0,0,4,2025-10-15,2025-12-15,AE-BSBUG010,TBC - Absolute Essential,Bug Repellent - 10ML - Absolute Essential,1,2,0,0,-100.00%
SAMPLE-MMCAROBELIX,SAMPLE - Maple Moon Original Carob Elixir,10,0.055,0.38,1.67,0,0,0,0,0,0,0,0,5,2025-10-13,2025-11-18,SAMPLE-MMCAROBELIX,TBC - Maple Moon,SAMPLE - Maple Moon Original Carob Elixir,1,2,0,0,-100.00%
SIS-POS-A5Strut,SISUU Point of Sale - Tonic Strut Card A5,9,0.049,0.34,1.50,8,0.088,0.62,2.67,3,0.1,0.7,3,9,2025-12-19,2026-04-10,SIS-POS-A5Strut,TBC - SISUU,SISUU Point of Sale - Tonic Strut Card A5,2,2,3,3,25.52%
MFYEASTB2,Nutritional Yeast Flakes - Fortified & Toasted BULK (2kg),9,0.049,0.34,1.50,5,0.055,0.38,1.67,2,0.067,0.47,2,7,2025-10-22,2026-04-09,MFYEASTB2,MF - Pantry (Bulk),Nutritional Yeast Flakes - Fortified & Toasted BULK (2kg),2,2,2,2,16.05%
SDCACAOB3,"STARDUST Cacao ""Energise"" - Organic BULK (3kg)",9,0.049,0.34,1.50,6,0.066,0.46,2,2,0.067,0.47,2,9,2025-12-10,2026-03-31,SDCACAOB3,Stardust,"STARDUST Cacao ""Energise"" - Organic BULK (3kg)",2,2,2,2,9.09%
MFWILDCAS10,Wildfire Cashews Organic & Activated Bulk 10kg,9,0.049,0.34,1.50,5,0.055,0.38,1.67,3,0.1,0.7,3,8,2025-10-29,2026-03-26,MFWILDCAS10,MF - Nuts,Wildfire Cashews Organic & Activated Bulk 10kg,2,2,2,3,45.87%
MFSEEDMB12,Seed Mix - Organic & Activated BULK (12kg),9,0.049,0.34,1.50,7,0.077,0.54,2.33,4,0.133,0.93,4,7,2025-10-20,2026-03-26,MFSEEDMB12,MF - Pantry (Bulk),Seed Mix - Organic & Activated BULK (12kg),3,2,2,4,53.26%
MFBIRPBB12,Birchia Paleo Prebiotic - Organic & Activated BULK (12kg),9,0.049,0.34,1.50,4,0.044,0.31,1.33,3,0.1,0.7,3,8,2025-11-03,2026-03-26,MFBIRPBB12,MF - Granola,Birchia Paleo Prebiotic - Organic & Activated BULK (12kg),2,2,1,3,54.37%
AE-BTFACT100,Rose & Frankincense: Facial Toner - 100ML - Absolute Essential,9,0.049,0.34,1.50,4,0.044,0.31,1.33,1,0.033,0.23,1,5,2025-11-13,2026-03-24,AE-BTFACT100,TBC - Absolute Essential,Rose & Frankincense: Facial Toner - 100ML - Absolute Essential,1,2,1,1,-21.67%
AE-BTFACT025T,TESTER - Rose & Frankincense: Facial Toner - 100ML - Absolute Essential,9,0.049,0.34,1.50,7,0.077,0.54,2.33,3,0.1,0.7,3,8,2025-11-26,2026-03-19,AE-BTFACT025T,TBC - Absolute Essential,TESTER - Rose & Frankincense: Facial Toner - 100ML - Absolute Essential,2,2,2,3,31.77%
CP-SCR-NIGHT,Clean & Pure - Skin Nutrition Manuka Night Face Balm 20g,9,0.049,0.34,1.50,9,0.099,0.69,3,0,0,0,0,1,2026-03-10,2026-03-10,CP-SCR-NIGHT,TBC - Clean & Pure,Clean & Pure - Skin Nutrition Manuka Night Face Balm 20g,2,2,3,0,-100.00%
AE-CEDA005T,TESTER - Cedarwood Atlas - 10ML - Absolute Essential,9,0.049,0.34,1.50,6,0.066,0.46,2,1,0.033,0.23,1,9,2025-10-15,2026-03-12,AE-CEDA005T,TBC - Absolute Essential,TESTER - Cedarwood Atlas - 10ML - Absolute Essential,2,2,2,1,-33.33%
AE-BHEYE030T,TESTER - Eye Soothe - 50ML - Absolute Essential,9,0.049,0.34,1.50,5,0.055,0.38,1.67,0,0,0,0,9,2025-10-15,2026-03-06,AE-BHEYE030T,TBC - Absolute Essential,TESTER - Eye Soothe - 50ML - Absolute Essential,2,2,2,0,-100.00%
AE-BTHAI025T,TESTER - Hair Restorer - 50ML - Absolute Essential,9,0.049,0.34,1.50,9,0.099,0.69,3,0,0,0,0,6,2026-02-09,2026-03-06,AE-BTHAI025T,TBC - Absolute Essential,TESTER - Hair Restorer - 50ML - Absolute Essential,2,2,3,0,-100.00%
MFDMTEAB.8,DMTea - Organic Herbal Tea BULK (800g),9,0.049,0.34,1.50,3,0.033,0.23,1,0,0,0,0,9,2025-10-14,2026-02-24,MFDMTEAB.8,MF - Tea,DMTea - Organic Herbal Tea BULK (800g),1,2,1,0,-100.00%
AE-CDMHAIR001,Hair Restorer CDU - each pack - Absolute Essential,9,0.049,0.34,1.50,5,0.055,0.38,1.67,0,0,0,0,9,2025-10-15,2026-02-17,AE-CDMHAIR001,TBC - Absolute Essential,Hair Restorer CDU - each pack - Absolute Essential,2,2,2,0,-100.00%
DC-MRKT-500-WB,Market Blend Organic Coffee | Whole Bean 500g,9,0.049,0.34,1.50,3,0.033,0.23,1,0,0,0,0,5,2025-11-13,2026-02-11,DC-MRKT-500-WB,TBC - Dukes Coffee,Market Blend Organic Coffee | Whole Bean 500g,1,2,1,0,-100.00%
AE-CLAS005T,TESTER - Clary Sage - 10ML - Absolute Essential,9,0.049,0.34,1.50,5,0.055,0.38,1.67,0,0,0,0,9,2025-10-15,2026-02-10,AE-CLAS005T,TBC - Absolute Essential,TESTER - Clary Sage - 10ML - Absolute Essential,2,2,2,0,-100.00%
WSMM120,Naturally Driven Majic Maté Cacao Blend 120g Cylinder,9,0.049,0.34,1.50,0,0,0,0,0,0,0,0,3,2025-12-17,2026-01-08,WSMM120,TBC - Naturally Driven,Naturally Driven Majic Maté Cacao Blend 120g Cylinder,1,2,0,0,-100.00%
MFKBBQMB5,Munchies Korean BBQ - Organic & Activated BULK (5kg),8,0.044,0.31,1.33,4,0.044,0.31,1.33,2,0.067,0.47,2,8,2025-10-25,2026-04-09,MFKBBQMB5,MF - Munchies,Munchies Korean BBQ - Organic & Activated BULK (5kg),2,1,1,2,28.76%
AE-ACDFSV001,Absolute Essentials - Portable Metal Diffuser: Silver,8,0.044,0.31,1.33,8,0.088,0.62,2.67,3,0.1,0.7,3,7,2026-02-04,2026-04-10,AE-ACDFSV001,TBC - Absolute Essential,Absolute Essentials - Portable Metal Diffuser: Silver,3,1,3,3,5.82%
AE-VAPR100,Apricot Kernel Oil: Virgin - 100ML - Absolute Essential,8,0.044,0.31,1.33,6,0.066,0.46,2,1,0.033,0.23,1,7,2025-11-21,2026-04-08,AE-VAPR100,TBC - Absolute Essential,Apricot Kernel Oil: Virgin - 100ML - Absolute Essential,1,1,2,1,-30.72%
SOSGTS275G,Sol Organics Turmeric Superghee 275g,8,0.044,0.31,1.33,8,0.088,0.62,2.67,6,0.2,1.4,6,4,2026-03-10,2026-03-27,SOSGTS275G,TBC - Sol Organics,Sol Organics Turmeric Superghee 275g,4,1,3,6,38.41%
MFTAMALM10,Tamari Almonds Organic & Activated BULK 10kg,8,0.044,0.31,1.33,7,0.077,0.54,2.33,2,0.067,0.47,2,7,2025-12-09,2026-03-27,MFTAMALM10,MF - Nuts,Tamari Almonds Organic & Activated BULK 10kg,2,1,2,2,6.01%
MFCHIASB7,Chia Seeds - Organic BULK (7kg),8,0.044,0.31,1.33,4,0.044,0.31,1.33,1,0.033,0.23,1,8,2025-11-01,2026-03-25,MFCHIASB7,MF - Pantry (Bulk),Chia Seeds - Organic BULK (7kg),1,1,1,1,-18.03%
SBBBCPOD10,SAVVY FOCUS Double-Shot Organic Coffee - 10x Compostable Pods,8,0.044,0.31,1.33,4,0.044,0.31,1.33,2,0.067,0.47,2,3,2025-11-07,2026-03-20,SBBBCPOD10,TBC - Savvy Beverage,SAVVY FOCUS Double-Shot Organic Coffee - 10x Compostable Pods,2,1,1,2,28.76%
LCBPGKIT,Life Cykel - Grow Kit - Bee Pollination,8,0.044,0.31,1.33,6,0.066,0.46,2,1,0.033,0.23,1,5,2025-10-20,2026-03-12,LCBPGKIT,TBC - Life Cykel,Life Cykel - Grow Kit - Bee Pollination,1,1,2,1,-30.72%
ZWFNETTH-TESTER,TESTER - Wild Stinging Nettle & Fingerlime Hot Sauce,8,0.044,0.31,1.33,6,0.066,0.46,2,0,0,0,0,6,2025-10-23,2026-03-09,ZWFNETTH-TESTER,TBC - Ziggy's Wild Foods,TESTER - Wild Stinging Nettle & Fingerlime Hot Sauce,2,1,2,0,-100.00%
SOSB100G,Sol Organics Superbroth 100g,8,0.044,0.31,1.33,2,0.022,0.15,0.67,0,0,0,0,3,2025-12-16,2026-03-06,SOSB100G,TBC - Sol Organics,Sol Organics Superbroth 100g,1,1,1,0,-100.00%
AE-BSCLB005T,TESTER - Celebrate - 10ML - Absolute Essential,8,0.044,0.31,1.33,4,0.044,0.31,1.33,0,0,0,0,8,2025-10-15,2026-03-06,AE-BSCLB005T,TBC - Absolute Essential,TESTER - Celebrate - 10ML - Absolute Essential,1,1,1,0,-100.00%
AE-LASS005T,TESTER - Lavender Spike - 10ML - Absolute Essential,8,0.044,0.31,1.33,4,0.044,0.31,1.33,0,0,0,0,8,2025-10-22,2026-02-16,AE-LASS005T,TBC - Absolute Essential,TESTER - Lavender Spike - 10ML - Absolute Essential,1,1,1,0,-100.00%
AE-BCHTH005T,TESTER - Throat Chakra - 10ML - Absolute Essential,8,0.044,0.31,1.33,5,0.055,0.38,1.67,0,0,0,0,8,2025-10-15,2026-02-24,AE-BCHTH005T,TBC - Absolute Essential,TESTER - Throat Chakra - 10ML - Absolute Essential,2,1,2,0,-100.00%
AE-BCHCR005T,TESTER - Crown Chakra - 10ML - Absolute Essential,8,0.044,0.31,1.33,5,0.055,0.38,1.67,0,0,0,0,8,2025-10-15,2026-02-24,AE-BCHCR005T,TBC - Absolute Essential,TESTER - Crown Chakra - 10ML - Absolute Essential,2,1,2,0,-100.00%
DC-WCC5,Totopos! White Corn Chips 5kg BULK,8,0.044,0.31,1.33,5,0.055,0.38,1.67,0,0,0,0,5,2025-10-25,2026-02-23,DC-WCC5,TBC - Dona Cholita,Totopos! White Corn Chips 5kg BULK,2,1,2,0,-100.00%
AE-BCARX005T,TESTER - Chamomile Roman: 3% in Jojoba - 10ML - Absolute Essential,8,0.044,0.31,1.33,6,0.066,0.46,2,0,0,0,0,8,2025-10-15,2026-02-10,AE-BCARX005T,TBC - Absolute Essential,TESTER - Chamomile Roman: 3% in Jojoba - 10ML - Absolute Essential,2,1,2,0,-100.00%
AE-BJASX005T,TESTER - Jasmine: 3% in Jojoba - 10ML - Absolute Essential,8,0.044,0.31,1.33,6,0.066,0.46,2,0,0,0,0,8,2025-11-07,2026-02-10,AE-BJASX005T,TBC - Absolute Essential,TESTER - Jasmine: 3% in Jojoba - 10ML - Absolute Essential,2,1,2,0,-100.00%
AE-PATS001T,TESTER - Patchouli - 5ML - Absolute Essential,8,0.044,0.31,1.33,6,0.066,0.46,2,0,0,0,0,8,2025-11-07,2026-02-10,AE-PATS001T,TBC - Absolute Essential,TESTER - Patchouli - 5ML - Absolute Essential,2,1,2,0,-100.00%
AE-TEAT005T,TESTER - Tea Tree - 10ML - Absolute Essential,8,0.044,0.31,1.33,5,0.055,0.38,1.67,0,0,0,0,8,2025-10-15,2026-02-10,AE-TEAT005T,TBC - Absolute Essential,TESTER - Tea Tree - 10ML - Absolute Essential,2,1,2,0,-100.00%
AE-BSMTR010,Muscle Tonic - 10ML - Absolute Essential,8,0.044,0.31,1.33,0,0,0,0,0,0,0,0,3,2025-11-12,2025-12-19,AE-BSMTR010,TBC - Absolute Essential,Muscle Tonic - 10ML - Absolute Essential,1,1,0,0,-100.00%
WSPEP130,Naturally Driven Pep In Your Step Yerba Maté 130g Pouch,8,0.044,0.31,1.33,0,0,0,0,0,0,0,0,1,2025-10-13,2025-10-13,WSPEP130,TBC - Naturally Driven,Naturally Driven Pep In Your Step Yerba Maté 130g Pouch,1,1,0,0,-100.00%
MFBIRPBB6,Birchia Paleo Prebiotic - Organic & Activated BULK (6kg),7,0.038,0.27,1.17,2,0.022,0.15,0.67,1,0.033,0.23,1,7,2025-11-01,2026-03-19,MFBIRPBB6,MF - Granola,Birchia Paleo Prebiotic - Organic & Activated BULK (6kg),1,1,1,1,5.63%
MFFIRESB.8,Fire Starter - Organic Herbal Tea BULK (800g),7,0.038,0.27,1.17,5,0.055,0.38,1.67,2,0.067,0.47,2,7,2025-10-24,2026-03-26,MFFIRESB.8,MF - Tea,Fire Starter - Organic Herbal Tea BULK (800g),2,1,2,2,23.97%
AE-BSAST10D,Stress Less Diffuser Blend - 10ml - Absolute Essential,7,0.038,0.27,1.17,4,0.044,0.31,1.33,2,0.067,0.47,2,3,2025-11-07,2026-03-26,AE-BSAST10D,TBC - Absolute Essential,Stress Less Diffuser Blend - 10ml - Absolute Essential,2,1,1,2,33.33%
ENKIMM50,Enki: Immunity - Triple Extract 50ml,7,0.038,0.27,1.17,1,0.011,0.08,0.33,1,0.033,0.23,1,7,2025-10-14,2026-03-19,ENKIMM50,TBC - Enki Organics,Enki: Immunity - Triple Extract 50ml,1,1,0,1,20.00%
BULK-RAWWA-BOX,Bulk - Raw Organic Walnuts - 11.34kg Box,7,0.038,0.27,1.17,3,0.033,0.23,1,1,0.033,0.23,1,5,2025-10-24,2026-03-18,BULK-RAWWA-BOX,Bulk Products,Bulk - Raw Organic Walnuts - 11.34kg Box,1,1,1,1,-5.36%
SDPCHOCB3.8,STARDUST Plant Protein CHOCOLATE 3.8kg BULK Organic,7,0.038,0.27,1.17,6,0.066,0.46,2,2,0.067,0.47,2,5,2025-10-30,2026-03-18,SDPCHOCB3.8,Stardust - Protein,STARDUST Plant Protein CHOCOLATE 3.8kg BULK Organic,2,1,2,2,16.05%
MFCARCLB9,Clusters Caramel Wattleseed - Organic & Activated BULK (9kg),7,0.038,0.27,1.17,5,0.055,0.38,1.67,2,0.067,0.47,2,5,2025-12-05,2026-03-13,MFCARCLB9,MF - Clusters,Clusters Caramel Wattleseed - Organic & Activated BULK (9kg),2,1,2,2,23.97%
AE-BSAIR005T,TESTER - Air Fresh - 10ML - Absolute Essential,7,0.038,0.27,1.17,5,0.055,0.38,1.67,2,0.067,0.47,2,7,2025-10-15,2026-03-12,AE-BSAIR005T,TBC - Absolute Essential,TESTER - Air Fresh - 10ML - Absolute Essential,2,1,2,2,23.97%
AE-WMIN005T,TESTER - Mint Wild - 10ML - Absolute Essential,7,0.038,0.27,1.17,5,0.055,0.38,1.67,1,0.033,0.23,1,7,2025-10-15,2026-03-12,AE-WMIN005T,TBC - Absolute Essential,TESTER - Mint Wild - 10ML - Absolute Essential,1,1,2,1,-21.88%
AE-BSSWR005T,TESTER - Sweet Rose - 10ML - Absolute Essential,7,0.038,0.27,1.17,4,0.044,0.31,1.33,1,0.033,0.23,1,7,2025-10-15,2026-03-12,AE-BSSWR005T,TBC - Absolute Essential,TESTER - Sweet Rose - 10ML - Absolute Essential,1,1,1,1,-14.29%
AE-CINL005T,TESTER - Cinnamon Leaf - 10ML - Absolute Essential,7,0.038,0.27,1.17,5,0.055,0.38,1.67,0,0,0,0,7,2025-10-15,2026-02-16,AE-CINL005T,TBC - Absolute Essential,TESTER - Cinnamon Leaf - 10ML - Absolute Essential,1,1,2,0,-100.00%
EH-POS-CARD,Etre Health - POS INFO CARD,7,0.038,0.27,1.17,1,0.011,0.08,0.33,0,0,0,0,4,2025-10-31,2026-02-12,EH-POS-CARD,TBC - POS,Etre Health - POS INFO CARD,1,1,0,0,-100.00%
AE-VARG010T,TESTER - Argan Oil: Raw - 25ML - Absolute Essential,7,0.038,0.27,1.17,4,0.044,0.31,1.33,0,0,0,0,7,2025-10-15,2026-02-09,AE-VARG010T,TBC - Absolute Essential,TESTER - Argan Oil: Raw - 25ML - Absolute Essential,1,1,1,0,-100.00%
AE-BCHNA005T,TESTER - Navel Chakra - 10ML - Absolute Essential,7,0.038,0.27,1.17,4,0.044,0.31,1.33,0,0,0,0,7,2025-10-15,2026-02-09,AE-BCHNA005T,TBC - Absolute Essential,TESTER - Navel Chakra - 10ML - Absolute Essential,1,1,1,0,-100.00%
AE-BCHBR005T,TESTER - Brow Chakra - 10ML - Absolute Essential,7,0.038,0.27,1.17,4,0.044,0.31,1.33,0,0,0,0,7,2025-10-15,2026-02-09,AE-BCHBR005T,TBC - Absolute Essential,TESTER - Brow Chakra - 10ML - Absolute Essential,1,1,1,0,-100.00%
ENKCHA50,Enki: Chaga - High Potency Spagyric 50ml,7,0.038,0.27,1.17,1,0.011,0.08,0.33,0,0,0,0,5,2025-10-29,2026-02-02,ENKCHA50,TBC - Enki Organics,Enki: Chaga - High Potency Spagyric 50ml,1,1,0,0,-100.00%
BBCCB1AGD,BBCC - Nero Espresso Ground 500g,7,0.038,0.27,1.17,0,0,0,0,0,0,0,0,2,2025-12-12,2025-12-24,BBCCB1AGD,TBC - Byron Bay Coffee Company,BBCC - Nero Espresso Ground 500g,1,1,0,0,-100.00%
SBCalmWater15,Calm Water - Berry Flavour - 100g pouch 15 serves,7,0.038,0.27,1.17,0,0,0,0,0,0,0,0,3,2025-11-26,2025-12-10,SBCalmWater15,TBC - Savvy Beverage,Calm Water - Berry Flavour - 100g pouch 15 serves,1,1,0,0,-100.00%
OH-CONSC-750-SAMPLE,"SAMPLE - Kakadu Kitchen x OzHarvest 'Conscious Drink' - Rescued Blueberry, Native Lemongrass & Saltbush - 750ml",7,0.038,0.27,1.17,0,0,0,0,0,0,0,0,2,2025-11-03,2025-11-19,OH-CONSC-750-SAMPLE,TBC - OH! OzHarvest Ventures,"SAMPLE - Kakadu Kitchen x OzHarvest 'Conscious Drink' - Rescued Blueberry, Native Lemongrass & Saltbush - 750ml",1,1,0,0,-100.00%
CP-SCR-BABY,Clean & Pure - Manuka Honey Baby Balm 50g,6,0.033,0.23,1.00,6,0.066,0.46,2,3,0.1,0.7,3,3,2026-03-10,2026-04-10,CP-SCR-BABY,TBC - Clean & Pure,Clean & Pure - Manuka Honey Baby Balm 50g,3,1,2,3,20.00%
ENKDIG50,Enki: Digestive Fire - Supportive Tonic 50ml,6,0.033,0.23,1.00,1,0.011,0.08,0.33,1,0.033,0.23,1,5,2025-11-11,2026-04-10,ENKDIG50,TBC - Enki Organics,Enki: Digestive Fire - Supportive Tonic 50ml,1,1,0,1,28.76%
CP-LIPHANG-4x4SKU-BUNDLE,Clean & Pure - LIPHANG-4x4SKU-BUNDLE,6,0.033,0.23,1.00,6,0.066,0.46,2,3,0.1,0.7,3,6,2026-01-29,2026-04-09,CP-LIPHANG-4x4SKU-BUNDLE,TBC - Clean & Pure,Clean & Pure - LIPHANG-4x4SKU-BUNDLE,3,1,2,3,20.00%
MYCROAM100,MYCRO AM 100mL,6,0.033,0.23,1.00,6,0.066,0.46,2,6,0.2,1.4,6,3,2026-03-31,2026-04-08,MYCROAM100,TBC - Mycro,MYCRO AM 100mL,4,1,2,6,50.00%
SDBLUEIB3,"STARDUST Blue ""Immunity"" - Organic BULK (3kg)",6,0.033,0.23,1.00,2,0.022,0.15,0.67,1,0.033,0.23,1,6,2025-10-30,2026-04-07,SDBLUEIB3,Stardust,"STARDUST Blue ""Immunity"" - Organic BULK (3kg)",1,1,1,1,12.36%
BULK-ABHRO-BOX,Bulk - Raw Hazelnuts - 12.5kg Box,6,0.033,0.23,1.00,5,0.055,0.38,1.67,3,0.1,0.7,3,4,2025-10-22,2026-03-31,BULK-ABHRO-BOX,Bulk Products,Bulk - Raw Hazelnuts - 12.5kg Box,2,1,2,3,58.73%
STC-CARD+WOODBLOCK,Sacred Taste Cacao - Card + Wood Block.,6,0.033,0.23,1.00,6,0.066,0.46,2,2,0.067,0.47,2,5,2026-02-05,2026-04-01,STC-CARD+WOODBLOCK,TBC - Sacred Taste Cacao,Sacred Taste Cacao - Card + Wood Block.,2,1,2,2,0.00%
AE-CFAC025T,TESTER - Untouched: Face Cream - 50ML - Absolute Essential,6,0.033,0.23,1.00,6,0.066,0.46,2,5,0.167,1.17,5,4,2026-03-03,2026-04-01,AE-CFAC025T,TBC - Absolute Essential,TESTER - Untouched: Face Cream - 50ML - Absolute Essential,4,1,2,5,42.86%
ZWFDAVOH-TESTER,TESTER - Native Davidson Plum & Wild Dorrigo Pepper Hot Sauce,6,0.033,0.23,1.00,5,0.055,0.38,1.67,1,0.033,0.23,1,4,2025-12-12,2026-03-26,ZWFDAVOH-TESTER,TBC - Ziggy's Wild Foods,TESTER - Native Davidson Plum & Wild Dorrigo Pepper Hot Sauce,1,1,2,1,-18.26%
CP-DEO-6x4SKUSTANDONLY,Clean & Pure - DEO-6x4SKUSTANDONLY,6,0.033,0.23,1.00,6,0.066,0.46,2,2,0.067,0.47,2,6,2026-02-03,2026-03-26,CP-DEO-6x4SKUSTANDONLY,TBC - Clean & Pure,Clean & Pure - DEO-6x4SKUSTANDONLY,2,1,2,2,0.00%
BULK-PECAN-BOX,Bulk - Raw Pecans - 13kg Box,6,0.033,0.23,1.00,5,0.055,0.38,1.67,1,0.033,0.23,1,5,2025-10-22,2026-03-25,BULK-PECAN-BOX,Bulk Products,Bulk - Raw Pecans - 13kg Box,1,1,2,1,-18.26%
MFPEPITB6,Pepitas Styrian - Organic & Activated BULK (6kg),6,0.033,0.23,1.00,4,0.044,0.31,1.33,1,0.033,0.23,1,6,2025-10-17,2026-03-23,MFPEPITB6,MF - Pantry,Pepitas Styrian - Organic & Activated BULK (6kg),1,1,1,1,-9.91%
AE-ACDPOS,Absolute Essentials - 3x Diffusers + 1x Diffuser Oil Blend,6,0.033,0.23,1.00,6,0.066,0.46,2,1,0.033,0.23,1,4,2026-02-09,2026-03-23,AE-ACDPOS,TBC - Absolute Essential,Absolute Essentials - 3x Diffusers + 1x Diffuser Oil Blend,2,1,2,1,-33.33%
AE-CRFNC025T,TESTER - Rose & Frankincense: Night Cream - 50ML - Absolute Essential,6,0.033,0.23,1.00,5,0.055,0.38,1.67,2,0.067,0.47,2,5,2025-11-26,2026-03-19,AE-CRFNC025T,TBC - Absolute Essential,TESTER - Rose & Frankincense: Night Cream - 50ML - Absolute Essential,2,1,2,2,28.48%
STCBOX,Sacred Taste Cacao - Cardboard Gift Box,6,0.033,0.23,1.00,6,0.066,0.46,2,0,0,0,0,4,2026-02-05,2026-03-11,STCBOX,TBC - Sacred Taste Cacao,Sacred Taste Cacao - Cardboard Gift Box,2,1,2,0,-100.00%
CP-SUN-KID-TESTER,TESTER - Clean & Pure - Baby & Kids Sunscreen 100% Organic -SPF50 70g,6,0.033,0.23,1.00,5,0.055,0.38,1.67,1,0.033,0.23,1,6,2025-11-21,2026-03-13,CP-SUN-KID-TESTER,TBC - Clean & Pure,TESTER - Clean & Pure - Baby & Kids Sunscreen 100% Organic -SPF50 70g,1,1,2,1,-18.26%
TR-ShroomSAMPLE,SAMPLE - Shroom Activated Turmeric Paste 30ml,6,0.033,0.23,1.00,2,0.022,0.15,0.67,2,0.067,0.47,2,3,2025-10-27,2026-03-12,TR-ShroomSAMPLE,TBC - Totally Rawesome,SAMPLE - Shroom Activated Turmeric Paste 30ml,1,1,1,2,63.49%
BULK-ABPSO-1KG,Bulk - RAW - Organic Styrian Pepitas - 1kg Bag,6,0.033,0.23,1.00,1,0.011,0.08,0.33,0,0,0,0,2,2025-10-22,2026-03-11,BULK-ABPSO-1KG,Bulk Products,Bulk - RAW - Organic Styrian Pepitas - 1kg Bag,1,1,0,0,-100.00%
MFWALNUB4.5,Walnuts - Organic & Activated BULK (4.5kg),6,0.033,0.23,1.00,6,0.066,0.46,2,0,0,0,0,6,2026-01-19,2026-03-06,MFWALNUB4.5,MF - Nuts,Walnuts - Organic & Activated BULK (4.5kg),2,1,2,0,-100.00%
ZWFGANTH-TESTER,TESTER - Wild Native Green Ant & Green Apple Hot Sauce,6,0.033,0.23,1.00,5,0.055,0.38,1.67,0,0,0,0,4,2025-12-05,2026-03-09,ZWFGANTH-TESTER,TBC - Ziggy's Wild Foods,TESTER - Wild Native Green Ant & Green Apple Hot Sauce,1,1,2,0,-100.00%
AE-SBBRC010T,TESTER - Muscle Rub - 100ML - Absolute Essential,6,0.033,0.23,1.00,5,0.055,0.38,1.67,0,0,0,0,6,2025-11-26,2026-03-06,AE-SBBRC010T,TBC - Absolute Essential,TESTER - Muscle Rub - 100ML - Absolute Essential,1,1,2,0,-100.00%
REWAVM,Reer Endz - Chasing Waves (M),6,0.033,0.23,1.00,3,0.033,0.23,1,0,0,0,0,4,2025-10-16,2026-02-23,REWAVM,TBC - Reer Endz,Reer Endz - Chasing Waves (M),1,1,1,0,-100.00%
HT-TESTERS-BUNDLE,Heart Therapeutics - All 17x Testers BUNDLE,6,0.033,0.23,1.00,3,0.033,0.23,1,0,0,0,0,6,2025-12-16,2026-02-18,HT-TESTERS-BUNDLE,TBC - Heart Therapeutics,Heart Therapeutics - All 17x Testers BUNDLE,1,1,1,0,-100.00%
MFHAZELB12,Hazelnuts - Organic & Activated BULK (12kg),6,0.033,0.23,1.00,4,0.044,0.31,1.33,0,0,0,0,2,2025-10-14,2026-02-16,MFHAZELB12,MF - Nuts,Hazelnuts - Organic & Activated BULK (12kg),1,1,1,0,-100.00%
AE-BTROSE005,TESTER - Rose & Frankincense: Intensive Serum - 25ML - Absolute Essential,6,0.033,0.23,1.00,4,0.044,0.31,1.33,0,0,0,0,6,2025-11-26,2026-02-16,AE-BTROSE005,TBC - Absolute Essential,TESTER - Rose & Frankincense: Intensive Serum - 25ML - Absolute Essential,1,1,1,0,-100.00%
WSGGTB18,Naturally Driven Organic Grandmas Garden x 18 Tea Bags,6,0.033,0.23,1.00,2,0.022,0.15,0.67,0,0,0,0,3,2025-10-13,2026-02-10,WSGGTB18,TBC - Naturally Driven,Naturally Driven Organic Grandmas Garden x 18 Tea Bags,1,1,1,0,-100.00%
AE-BCIIP005T,TESTER - Child Immune Care - 10ML - Absolute Essential,6,0.033,0.23,1.00,4,0.044,0.31,1.33,0,0,0,0,6,2025-11-26,2026-02-09,AE-BCIIP005T,TBC - Absolute Essential,TESTER - Child Immune Care - 10ML - Absolute Essential,1,1,1,0,-100.00%
PMSBACON,Pimp My Salad - Coconut Bacon 80g,6,0.033,0.23,1.00,0,0,0,0,0,0,0,0,1,2025-12-16,2025-12-16,PMSBACON,TBC - Pimp My Salad,Pimp My Salad - Coconut Bacon 80g,1,1,0,0,-100.00%
REDOGM,Reer Endz - Doggo (M),6,0.033,0.23,1.00,0,0,0,0,0,0,0,0,3,2025-10-16,2025-12-02,REDOGM,TBC - Reer Endz,Reer Endz - Doggo (M),1,1,0,0,-100.00%
1JJ,Picked By Jon,6,0.033,0.23,1.00,0,0,0,0,0,0,0,0,6,2025-10-23,2025-11-14,1JJ,Staff & Labour,Picked By Jon,1,1,0,0,-100.00%
CB2MOOD1,CB2 Activate - Mood Focus 30ml,6,0.033,0.23,1.00,0,0,0,0,0,0,0,0,4,2025-10-15,2025-11-12,CB2MOOD1,#N/A,CB2 Activate - Mood Focus 30ml,1,1,0,0,-100.00%
DSSG002,Byron Bay Olives - Sweet Garlic Chilli 210g,6,0.033,0.23,1.00,0,0,0,0,0,0,0,0,1,2025-11-11,2025-11-11,DSSG002,TBC - Byron Bay Olive Company,Byron Bay Olives - Sweet Garlic Chilli 210g,1,1,0,0,-100.00%
MYCROPM100,MYCRO PM 100mL,5,0.027,0.19,0.83,5,0.055,0.38,1.67,5,0.167,1.17,5,2,2026-04-07,2026-04-08,MYCROPM100,TBC - Mycro,MYCRO PM 100mL,3,1,2,5,49.93%
EC-PISTPURE1kg,Essential Creme - 100% Australian Pistachio 1kg,5,0.027,0.19,0.83,4,0.044,0.31,1.33,2,0.067,0.47,2,5,2025-12-09,2026-04-01,EC-PISTPURE1kg,TBC - Essential Creme,Essential Creme - 100% Australian Pistachio 1kg,1,1,1,2,44.23%
MFRMIXNB11,RAW Mixed Nuts - BULK (11kg),5,0.027,0.19,0.83,3,0.033,0.23,1,1,0.033,0.23,1,5,2025-11-07,2026-03-31,MFRMIXNB11,MF - Nuts,RAW Mixed Nuts - BULK (11kg),1,1,1,1,6.01%
EHMC500,Etre BULK - 500g Glow & Beauty - Marine Collagen,5,0.027,0.19,0.83,4,0.044,0.31,1.33,3,0.1,0.7,3,3,2025-10-14,2026-03-27,EHMC500,TBC - Etre Health,Etre BULK - 500g Glow & Beauty - Marine Collagen,2,1,1,3,74.42%
MFGOLDGB10,Golden Granola - Organic & Activated BULK (10kg),5,0.027,0.19,0.83,2,0.022,0.15,0.67,1,0.033,0.23,1,5,2025-10-15,2026-03-23,MFGOLDGB10,MF - Granola,Golden Granola - Organic & Activated BULK (10kg),1,1,1,1,20.00%
AE-CFAC050,Untouched: Face Cream - 50ML - Absolute Essential,5,0.027,0.19,0.83,5,0.055,0.38,1.67,2,0.067,0.47,2,4,2026-02-16,2026-03-13,AE-CFAC050,TBC - Absolute Essential,Untouched: Face Cream - 50ML - Absolute Essential,2,1,2,2,8.99%
HPShilajit-A-Frame,A-Frame with Posters for Himalayan Power Shilajit,5,0.027,0.19,0.83,3,0.033,0.23,1,0,0,0,0,5,2025-11-07,2026-03-10,HPShilajit-A-Frame,TBC - POS,A-Frame with Posters for Himalayan Power Shilajit,1,1,1,0,-100.00%
AE-BSCHR005T,TESTER - Festive Spirit - 10ML - Absolute Essential,5,0.027,0.19,0.83,3,0.033,0.23,1,1,0.033,0.23,1,5,2025-10-15,2026-03-12,AE-BSCHR005T,TBC - Absolute Essential,TESTER - Festive Spirit - 10ML - Absolute Essential,1,1,1,1,6.01%
AE-BMANT050T,TESTER - Massage Oil: Deep Relaxation - 100ML - Absolute Essential,5,0.027,0.19,0.83,4,0.044,0.31,1.33,0,0,0,0,5,2025-11-26,2026-02-24,AE-BMANT050T,TBC - Absolute Essential,TESTER - Massage Oil: Deep Relaxation - 100ML - Absolute Essential,1,1,1,0,-100.00%
RECRCXL,Reer Endz - Watch for Crocs (XL),5,0.027,0.19,0.83,4,0.044,0.31,1.33,0,0,0,0,3,2025-11-11,2026-02-23,RECRCXL,TBC - Reer Endz,Reer Endz - Watch for Crocs (XL),1,1,1,0,-100.00%
RESLIM,Reer Endz - Slither (M),5,0.027,0.19,0.83,2,0.022,0.15,0.67,0,0,0,0,2,2025-10-23,2026-02-23,RESLIM,TBC - Reer Endz,Reer Endz - Slither (M),1,1,1,0,-100.00%
BV-MBTallow100-TESTER,TESTER Mystic Tallow 100ml with Methylene Blue - Blueprint Vitality,5,0.027,0.19,0.83,2,0.022,0.15,0.67,0,0,0,0,5,2025-11-14,2026-02-19,BV-MBTallow100-TESTER,TBC - Blueprint Vitality,TESTER Mystic Tallow 100ml with Methylene Blue - Blueprint Vitality,1,1,1,0,-100.00%
MFCHOCLB9,Clusters Chocolate Davidson Plum 9kg BULK - Organic & Activated,5,0.027,0.19,0.83,3,0.033,0.23,1,0,0,0,0,4,2025-10-15,2026-02-13,MFCHOCLB9,MF - Clusters,Clusters Chocolate Davidson Plum 9kg BULK - Organic & Activated,1,1,1,0,-100.00%
AE-VCAS010T,TESTER - Castor Oil: Virgin - 50ML - Absolute Essential,5,0.027,0.19,0.83,3,0.033,0.23,1,0,0,0,0,5,2025-10-15,2026-02-09,AE-VCAS010T,TBC - Absolute Essential,TESTER - Castor Oil: Virgin - 50ML - Absolute Essential,1,1,1,0,-100.00%
PMSBBQ80G,Pimp My Snack - Snacking BBQ Seeds 80g,5,0.027,0.19,0.83,0,0,0,0,0,0,0,0,2,2025-10-31,2026-01-08,PMSBBQ80G,TBC - Pimp My Snack,Pimp My Snack - Snacking BBQ Seeds 80g,0,1,0,0,-100.00%
ENKREI50,Enki: Reishi - High Potency Spagyric 50ml,5,0.027,0.19,0.83,0,0,0,0,0,0,0,0,2,2025-11-18,2026-01-08,ENKREI50,TBC - Enki Organics,Enki: Reishi - High Potency Spagyric 50ml,0,1,0,0,-100.00%
RECRUL,Reer Endz - Cruisin (L),5,0.027,0.19,0.83,0,0,0,0,0,0,0,0,3,2025-10-31,2025-12-02,RECRUL,TBC - Reer Endz,Reer Endz - Cruisin (L),0,1,0,0,-100.00%
WTCZSP200,Pickled Zucchini with Sea Parsley (200g),5,0.027,0.19,0.83,0,0,0,0,0,0,0,0,2,2025-10-16,2025-11-21,WTCZSP200,TBC - Wattle Tree Creek,Pickled Zucchini with Sea Parsley (200g),0,1,0,0,-100.00%
WTCAPP200,Apple Butter with Cinnamon Myrtle (200g),5,0.027,0.19,0.83,0,0,0,0,0,0,0,0,3,2025-10-16,2025-10-17,WTCAPP200,TBC - Wattle Tree Creek,Apple Butter with Cinnamon Myrtle (200g),0,1,0,0,-100.00%
SBCCM1KG,Sol Brothers - Ceremonial Cacao & Maple 1kg,4,0.022,0.15,0.67,4,0.044,0.31,1.33,1,0.033,0.23,1,3,2026-01-14,2026-04-10,SBCCM1KG,TBC - Sol Brothers,Sol Brothers - Ceremonial Cacao & Maple 1kg,1,1,1,1,0.00%
SIS-POS-TONIC-A6Info,SISUU Point of Sale A6 Tonic Info Sheet,4,0.022,0.15,0.67,3,0.033,0.23,1,1,0.033,0.23,1,4,2025-12-19,2026-04-10,SIS-POS-TONIC-A6Info,TBC - SISUU,SISUU Point of Sale A6 Tonic Info Sheet,1,1,1,1,12.36%
BULK-MACA-BOX,Bulk Macadamias 11.34kg - Style 1,4,0.022,0.15,0.67,3,0.033,0.23,1,1,0.033,0.23,1,4,2025-10-21,2026-04-08,BULK-MACA-BOX,Bulk Products,Bulk Macadamias 11.34kg - Style 1,1,1,1,1,12.36%
AE-BLCEL100,Toning Lotion - 100ML - Absolute Essential,4,0.022,0.15,0.67,4,0.044,0.31,1.33,1,0.033,0.23,1,2,2026-02-04,2026-04-08,AE-BLCEL100,TBC - Absolute Essential,Toning Lotion - 100ML - Absolute Essential,1,1,1,1,0.00%
BULK-ABCNO-BOX,Bulk - Cacao Nibs - 18kg Box,4,0.022,0.15,0.67,3,0.033,0.23,1,3,0.1,0.7,3,3,2025-10-22,2026-03-31,BULK-ABCNO-BOX,Bulk Products,Bulk - Cacao Nibs - 18kg Box,2,1,1,3,92.72%
AE-BSLIF10D,Uplift Diffuser Blend - 10ml - Absolute Essential,4,0.022,0.15,0.67,4,0.044,0.31,1.33,1,0.033,0.23,1,4,2026-01-20,2026-04-02,AE-BSLIF10D,TBC - Absolute Essential,Uplift Diffuser Blend - 10ml - Absolute Essential,1,1,1,1,0.00%
SMOOTH2KG,Peanut Butter - Smooth BULK 2kg,4,0.022,0.15,0.67,2,0.022,0.15,0.67,2,0.067,0.47,2,2,2025-12-02,2026-04-02,SMOOTH2KG,TBC - Byron Bay Peanut Butter Co,Peanut Butter - Smooth BULK 2kg,1,1,1,2,79.64%
AM09,Australia's Manuka (MGO 850+) 250g,4,0.022,0.15,0.67,4,0.044,0.31,1.33,3,0.1,0.7,3,2,2026-03-02,2026-03-31,AM09,TBC - Australia's Manuka,Australia's Manuka (MGO 850+) 250g,2,1,1,3,80.00%
AE-CALG010T,TESTER - Aloe Vera Gel - 100GM - Absolute Essential,4,0.022,0.15,0.67,2,0.022,0.15,0.67,1,0.033,0.23,1,4,2025-10-31,2026-03-30,AE-CALG010T,TBC - Absolute Essential,TESTER - Aloe Vera Gel - 100GM - Absolute Essential,1,1,1,1,28.21%
AE-ACDFSP,Absolute Essentials - BUNDLE DEAL: 5+1 Offer - Portable Metal Diffuser: Mixed Colours,4,0.022,0.15,0.67,4,0.044,0.31,1.33,2,0.067,0.47,2,4,2026-02-10,2026-03-26,AE-ACDFSP,TBC - Absolute Essential,Absolute Essentials - BUNDLE DEAL: 5+1 Offer - Portable Metal Diffuser: Mixed Colours,1,1,1,2,50.00%
BULK-CELTI-BOX,Bulk - Celtic Salt - 5kg Box,4,0.022,0.15,0.67,3,0.033,0.23,1,1,0.033,0.23,1,3,2025-11-10,2026-03-26,BULK-CELTI-BOX,Bulk Products,Bulk - Celtic Salt - 5kg Box,1,1,1,1,12.36%
MFHIBISB2.2,Hibiscus BULK (2.2kg),4,0.022,0.15,0.67,2,0.022,0.15,0.67,2,0.067,0.47,2,4,2025-11-10,2026-03-26,MFHIBISB2.2,MF - Pantry (Bulk),Hibiscus BULK (2.2kg),1,1,1,2,79.64%
CP-LIP-10x4SKU-GUMBALL-STANDONLY,Clean & Pure - LIP-10x4SKU-GUMBALL-STANDONLY,4,0.022,0.15,0.67,3,0.033,0.23,1,1,0.033,0.23,1,4,2025-12-05,2026-03-24,CP-LIP-10x4SKU-GUMBALL-STANDONLY,TBC - Clean & Pure,Clean & Pure - LIP-10x4SKU-GUMBALL-STANDONLY,1,1,1,1,12.36%
AE-THYM001T,TESTER - Thyme Thymol - 5ML - Absolute Essential,4,0.022,0.15,0.67,2,0.022,0.15,0.67,0,0,0,0,4,2025-10-15,2026-03-06,AE-THYM001T,TBC - Absolute Essential,TESTER - Thyme Thymol - 5ML - Absolute Essential,1,1,1,0,-100.00%
MFYUMMBB6,Yummy Beans - Organic & Activated BULK (6kg),4,0.022,0.15,0.67,3,0.033,0.23,1,0,0,0,0,3,2025-12-08,2026-03-02,MFYUMMBB6,MF - Pantry (Bulk),Yummy Beans - Organic & Activated BULK (6kg),1,1,1,0,-100.00%
WALNUTOIL-ORG500ml-SAMPLE,SAMPLE Extra Virgin Walnut Oil - Australian Certified Organic 500ml,4,0.022,0.15,0.67,2,0.022,0.15,0.67,0,0,0,0,4,2025-12-01,2026-02-12,WALNUTOIL-ORG500ml-SAMPLE,TBC - Omega Walnuts,SAMPLE Extra Virgin Walnut Oil - Australian Certified Organic 500ml,1,1,1,0,-100.00%
AE-VALM025T,TESTER - Almond Oil Sweet: Virgin - 100ML - Absolute Essential,4,0.022,0.15,0.67,3,0.033,0.23,1,0,0,0,0,4,2025-11-26,2026-02-09,AE-VALM025T,TBC - Absolute Essential,TESTER - Almond Oil Sweet: Virgin - 100ML - Absolute Essential,1,1,1,0,-100.00%
AE-VJOJ010T,TESTER - Jojoba Oil: Golden - 50ML - Absolute Essential,4,0.022,0.15,0.67,3,0.033,0.23,1,0,0,0,0,4,2025-11-26,2026-02-09,AE-VJOJ010T,TBC - Absolute Essential,TESTER - Jojoba Oil: Golden - 50ML - Absolute Essential,1,1,1,0,-100.00%
SDGREENB3,"STARDUST Green ""Detoxify"" - Organic BULK (3kg)",4,0.022,0.15,0.67,1,0.011,0.08,0.33,0,0,0,0,4,2025-12-09,2026-01-14,SDGREENB3,Stardust,"STARDUST Green ""Detoxify"" - Organic BULK (3kg)",1,1,0,0,-100.00%
RECRUM,Reer Endz - Cruisin (M),4,0.022,0.15,0.67,0,0,0,0,0,0,0,0,3,2025-10-16,2026-01-06,RECRUM,TBC - Reer Endz,Reer Endz - Cruisin (M),0,1,0,0,-100.00%
NT-STICKS100,Wood Sticks for Testers - roughly 100pcs,4,0.022,0.15,0.67,0,0,0,0,0,0,0,0,4,2025-12-01,2025-12-16,NT-STICKS100,TBC - Naked Tallow,Wood Sticks for Testers - roughly 100pcs,0,1,0,0,-100.00%
AE-BSFAC010,Clear Skin - 10ML - Absolute Essential,4,0.022,0.15,0.67,0,0,0,0,0,0,0,0,2,2025-10-15,2025-10-31,AE-BSFAC010,TBC - Absolute Essential,Clear Skin - 10ML - Absolute Essential,0,1,0,0,-100.00%
REODEM,Reer Endz - Ode To Thala (M),4,0.022,0.15,0.67,0,0,0,0,0,0,0,0,1,2025-10-23,2025-10-23,REODEM,TBC - Reer Endz,Reer Endz - Ode To Thala (M),0,1,0,0,-100.00%
MFYUMMBB12,Yummy Beans - Organic & Activated BULK (12kg),3,0.016,0.11,0.50,3,0.033,0.23,1,2,0.067,0.47,2,3,2026-01-23,2026-04-10,MFYUMMBB12,MF - Pantry (Bulk),Yummy Beans - Organic & Activated BULK (12kg),2,1,1,2,33.33%
SIS-POS-Magnesium-Wobbler,Sisuu - Magnesium Spray Wobbler,3,0.016,0.11,0.50,3,0.033,0.23,1,3,0.1,0.7,3,3,2026-04-07,2026-04-10,SIS-POS-Magnesium-Wobbler,TBC - SISUU,Sisuu - Magnesium Spray Wobbler,2,1,1,3,50.00%
MFCHAMOB1.2,Chamomile BULK (1.2kg),3,0.016,0.11,0.50,3,0.033,0.23,1,2,0.067,0.47,2,3,2026-02-16,2026-04-06,MFCHAMOB1.2,MF - Pantry (Bulk),Chamomile BULK (1.2kg),2,1,1,2,33.33%
AE-UTFS025,Untouched: Intensive Serum - 25ML - Absolute Essential,3,0.016,0.11,0.50,3,0.033,0.23,1,1,0.033,0.23,1,2,2026-02-16,2026-04-08,AE-UTFS025,TBC - Absolute Essential,Untouched: Intensive Serum - 25ML - Absolute Essential,1,1,1,1,0.00%
MFGINGGXL,Ginger Ground - Organic XLRG (1kg),3,0.016,0.11,0.50,3,0.033,0.23,1,2,0.067,0.47,2,3,2026-03-01,2026-04-06,MFGINGGXL,MF - Pantry,Ginger Ground - Organic XLRG (1kg),2,1,1,2,33.33%
SDYELLOB3,"STARDUST Yellow ""Anti-Inflammatory"" - Organic BULK (3kg)",3,0.016,0.11,0.50,2,0.022,0.15,0.67,1,0.033,0.23,1,3,2025-11-07,2026-04-07,SDYELLOB3,Stardust,"STARDUST Yellow ""Anti-Inflammatory"" - Organic BULK (3kg)",1,1,1,1,38.25%
SISSU-POS-Spray,SISSU-POS-Spray,3,0.016,0.11,0.50,3,0.033,0.23,1,3,0.1,0.7,3,3,2026-03-27,2026-04-07,SISSU-POS-Spray,TBC - POS,SISSU-POS-Spray,2,1,1,3,50.00%
MFSUNFSB6,Sunflower Seeds - Activated & Organic BULK (6kg),3,0.016,0.11,0.50,1,0.011,0.08,0.33,1,0.033,0.23,1,2,2026-01-08,2026-03-31,MFSUNFSB6,MF - Pantry (Bulk),Sunflower Seeds - Activated & Organic BULK (6kg),1,1,0,1,63.93%
BULK-AHMAT-1KG,Bulk - Ceremonial Matcha - Organic - 1kg Bag,3,0.016,0.11,0.50,2,0.022,0.15,0.67,2,0.067,0.47,2,3,2026-01-08,2026-03-30,BULK-AHMAT-1KG,Bulk Products,Bulk - Ceremonial Matcha - Organic - 1kg Bag,1,1,1,2,89.27%
AE-CMAS010T,TESTER - Untouched: Body Hydration - 100ML - Absolute Essential,3,0.016,0.11,0.50,2,0.022,0.15,0.67,2,0.067,0.47,2,2,2025-12-18,2026-03-19,AE-CMAS010T,TBC - Absolute Essential,TESTER - Untouched: Body Hydration - 100ML - Absolute Essential,1,1,1,2,89.27%
AE-BTROSE025,Rose & Frankincense: Intensive Serum - 25ML - Absolute Essential,3,0.016,0.11,0.50,3,0.033,0.23,1,1,0.033,0.23,1,2,2026-02-16,2026-03-18,AE-BTROSE025,TBC - Absolute Essential,Rose & Frankincense: Intensive Serum - 25ML - Absolute Essential,1,1,1,1,0.00%
CP-SCR-NIPP,Clean & Pure - Mango Butter Nipple Balm 50g,3,0.016,0.11,0.50,3,0.033,0.23,1,0,0,0,0,1,2026-03-10,2026-03-10,CP-SCR-NIPP,TBC - Clean & Pure,Clean & Pure - Mango Butter Nipple Balm 50g,1,1,1,0,-100.00%
AE-MNKA001T,TESTER - Manuka - 5ML - Absolute Essential,3,0.016,0.11,0.50,2,0.022,0.15,0.67,1,0.033,0.23,1,3,2025-10-15,2026-03-12,AE-MNKA001T,TBC - Absolute Essential,TESTER - Manuka - 5ML - Absolute Essential,1,1,1,1,38.25%
AE-BXFTB100,Foot Balm - 100ML - Absolute Essential,3,0.016,0.11,0.50,2,0.022,0.15,0.67,0,0,0,0,2,2025-12-18,2026-03-11,AE-BXFTB100,TBC - Absolute Essential,Foot Balm - 100ML - Absolute Essential,1,1,1,0,-100.00%
ZWFPINEH-TESTER,TESTER - Wild Lemon Myrtle & Pineapple Hot Sauce,3,0.016,0.11,0.50,2,0.022,0.15,0.67,0,0,0,0,2,2025-10-23,2026-03-09,ZWFPINEH-TESTER,TBC - Ziggy's Wild Foods,TESTER - Wild Lemon Myrtle & Pineapple Hot Sauce,1,1,1,0,-100.00%
REOFFM,Reer Endz - Offshore Vibes (M),3,0.016,0.11,0.50,3,0.033,0.23,1,0,0,0,0,2,2026-02-23,2026-03-06,REOFFM,TBC - Reer Endz,Reer Endz - Offshore Vibes (M),1,1,1,0,-100.00%
MFCANIBB6,Cacao Nibs Organic Raw BULK (6kg),3,0.016,0.11,0.50,1,0.011,0.08,0.33,0,0,0,0,3,2025-10-31,2026-02-27,MFCANIBB6,MF - Pantry (Bulk),Cacao Nibs Organic Raw BULK (6kg),0,1,0,0,-100.00%
MFCASHEB6,Cashews - Organic & Activated BULK (6kg),3,0.016,0.11,0.50,2,0.022,0.15,0.67,0,0,0,0,3,2025-12-17,2026-02-27,MFCASHEB6,MF - Nuts,Cashews - Organic & Activated BULK (6kg),1,1,1,0,-100.00%
MM-POS,Maple Moon POS Education Info Kit,3,0.016,0.11,0.50,3,0.033,0.23,1,0,0,0,0,3,2026-01-28,2026-02-24,MM-POS,TBC - Maple Moon,Maple Moon POS Education Info Kit,1,1,1,0,-100.00%
REONPL,Reer Endz - On Point (L),3,0.016,0.11,0.50,1,0.011,0.08,0.33,0,0,0,0,2,2025-12-02,2026-02-23,REONPL,TBC - Reer Endz,Reer Endz - On Point (L),0,1,0,0,-100.00%
RECRUS,Reer Endz - Cruisin (S),3,0.016,0.11,0.50,2,0.022,0.15,0.67,0,0,0,0,2,2025-10-16,2026-02-23,RECRUS,TBC - Reer Endz,Reer Endz - Cruisin (S),1,1,1,0,-100.00%
AE-CRFNC050,Rose & Frankincense: Night Cream - 50ML - Absolute Essential,3,0.016,0.11,0.50,2,0.022,0.15,0.67,0,0,0,0,2,2025-10-28,2026-02-16,AE-CRFNC050,TBC - Absolute Essential,Rose & Frankincense: Night Cream - 50ML - Absolute Essential,1,1,1,0,-100.00%
AE-VANI001T,TESTER - Vanilla 45% - 5ML - Absolute Essential,3,0.016,0.11,0.50,3,0.033,0.23,1,0,0,0,0,3,2026-01-20,2026-02-10,AE-VANI001T,TBC - Absolute Essential,TESTER - Vanilla 45% - 5ML - Absolute Essential,1,1,1,0,-100.00%
BULK-ABCTC-BOX,Bulk - Coconut Thin Chips - 15kg Box,3,0.016,0.11,0.50,1,0.011,0.08,0.33,0,0,0,0,3,2025-10-22,2026-02-06,BULK-ABCTC-BOX,Bulk Products,Bulk - Coconut Thin Chips - 15kg Box,0,1,0,0,-100.00%
FCORDYLG,Cordyceps 20:1 600g - LRG,3,0.016,0.11,0.50,1,0.011,0.08,0.33,0,0,0,0,3,2025-11-16,2026-02-06,FCORDYLG,Fungi,Cordyceps 20:1 600g - LRG,0,1,0,0,-100.00%
AE-BCCHE010T,TESTER - Chest Care - 100ML - Absolute Essential,3,0.016,0.11,0.50,1,0.011,0.08,0.33,0,0,0,0,3,2025-10-15,2026-02-04,AE-BCCHE010T,TBC - Absolute Essential,TESTER - Chest Care - 100ML - Absolute Essential,0,1,0,0,-100.00%
AE-BPMST050T,TESTER - Stretchmark Oil - 100ML - Absolute Essential,3,0.016,0.11,0.50,1,0.011,0.08,0.33,0,0,0,0,3,2025-12-11,2026-02-04,AE-BPMST050T,TBC - Absolute Essential,TESTER - Stretchmark Oil - 100ML - Absolute Essential,0,1,0,0,-100.00%
BULK-ABCSG-1KG,Bulk - Coriander Seed (Ground) - 1kg Bag,3,0.016,0.11,0.50,3,0.033,0.23,1,0,0,0,0,2,2026-01-16,2026-01-23,BULK-ABCSG-1KG,Bulk Products,Bulk - Coriander Seed (Ground) - 1kg Bag,1,1,1,0,-100.00%
SIS-CupsSleevex100,Sleeve of Sample Cups for Testers x 100cups,3,0.016,0.11,0.50,3,0.033,0.23,1,0,0,0,0,2,2026-01-14,2026-01-21,SIS-CupsSleevex100,TBC - SISUU,Sleeve of Sample Cups for Testers x 100cups,1,1,1,0,-100.00%
REONPM,Reer Endz - On Point (M),3,0.016,0.11,0.50,1,0.011,0.08,0.33,0,0,0,0,2,2025-12-02,2026-01-19,REONPM,TBC - Reer Endz,Reer Endz - On Point (M),0,1,0,0,-100.00%
DISPATCH023,Packed by Sabah,3,0.016,0.11,0.50,1,0.011,0.08,0.33,0,0,0,0,3,2026-01-09,2026-01-12,DISPATCH023,Staff & Labour,Packed by Sabah,0,1,0,0,-100.00%
AMORCA0050,Australia's Manuka Oral Care (MGO 850+) 50g,3,0.016,0.11,0.50,0,0,0,0,0,0,0,0,1,2026-01-08,2026-01-08,AMORCA0050,#N/A,Australia's Manuka Oral Care (MGO 850+) 50g,0,1,0,0,-100.00%
MFHAZELB6,Hazelnuts - Organic & Activated BULK (6kg),3,0.016,0.11,0.50,0,0,0,0,0,0,0,0,3,2025-12-16,2026-01-06,MFHAZELB6,MF - Nuts,Hazelnuts - Organic & Activated BULK (6kg),0,1,0,0,-100.00%
ENKTUR50,Enki: Turkey Tail High Potency Spagyric 50ml,3,0.016,0.11,0.50,0,0,0,0,0,0,0,0,2,2025-10-23,2025-12-11,ENKTUR50,TBC - Enki Organics,Enki: Turkey Tail High Potency Spagyric 50ml,0,1,0,0,-100.00%
RE.NAV.XXL,XXL - Navy | Organic Cotton Men's Trunk - Reer Endz,3,0.016,0.11,0.50,0,0,0,0,0,0,0,0,1,2025-11-24,2025-11-24,RE.NAV.XXL,TBC - Reer Endz,XXL - Navy | Organic Cotton Men's Trunk - Reer Endz,0,1,0,0,-100.00%
REODEXXL,Reer Endz - Ode To Thala (XXL),3,0.016,0.11,0.50,0,0,0,0,0,0,0,0,1,2025-10-23,2025-10-23,REODEXXL,TBC - Reer Endz,Reer Endz - Ode To Thala (XXL),0,1,0,0,-100.00%
RESLIXL,Reer Endz - Slither (XL),3,0.016,0.11,0.50,0,0,0,0,0,0,0,0,2,2025-10-22,2025-10-23,RESLIXL,TBC - Reer Endz,Reer Endz - Slither (XL),0,1,0,0,-100.00%
RESLIL,Reer Endz - Slither (L),3,0.016,0.11,0.50,0,0,0,0,0,0,0,0,1,2025-10-23,2025-10-23,RESLIL,TBC - Reer Endz,Reer Endz - Slither (L),0,1,0,0,-100.00%
NT-POS-WOBBLER-MAG,Naked Tallow POS Magnesium Wobbler,2,0.011,0.08,0.33,2,0.022,0.15,0.67,2,0.067,0.47,2,2,2026-04-07,2026-04-10,NT-POS-WOBBLER-MAG,TBC - Naked Tallow,Naked Tallow POS Magnesium Wobbler,1,0,1,2,49.81%
SB-POS-WOBBLER,Stoke Bites - Wobbler,2,0.011,0.08,0.33,2,0.022,0.15,0.67,2,0.067,0.47,2,1,2026-04-10,2026-04-10,SB-POS-WOBBLER,TBC - Stoke Bites,Stoke Bites - Wobbler,1,0,1,2,49.81%
MFBRAZNB6.5,Brazil Nuts - Organic & Activated BULK (6.5kg),2,0.011,0.08,0.33,1,0.011,0.08,0.33,1,0.033,0.23,1,2,2026-01-01,2026-04-07,MFBRAZNB6.5,MF - Nuts,Brazil Nuts - Organic & Activated BULK (6.5kg),1,0,0,1,80.72%
AE-CDMWNT001,Wellness Bundle CDU - each pack - Absolute Essential,2,0.011,0.08,0.33,2,0.022,0.15,0.67,1,0.033,0.23,1,2,2026-02-10,2026-04-07,AE-CDMWNT001,TBC - Absolute Essential,Wellness Bundle CDU - each pack - Absolute Essential,1,0,1,1,19.76%
AE-BXFTB010T,TESTER - Foot Balm - 100ML - Absolute Essential,2,0.011,0.08,0.33,1,0.011,0.08,0.33,1,0.033,0.23,1,2,2025-12-18,2026-04-02,AE-BXFTB010T,TBC - Absolute Essential,TESTER - Foot Balm - 100ML - Absolute Essential,1,0,0,1,80.72%
AE-BSBUG005T,TESTER - Bug Repellent - 10ML - Absolute Essential,2,0.011,0.08,0.33,1,0.011,0.08,0.33,1,0.033,0.23,1,2,2025-10-15,2026-03-30,AE-BSBUG005T,TBC - Absolute Essential,TESTER - Bug Repellent - 10ML - Absolute Essential,1,0,0,1,80.72%
EC-HAZCRCH-TESTER,TESTER - Hazelnut Crunch Spread 200g,2,0.011,0.08,0.33,2,0.022,0.15,0.67,2,0.067,0.47,2,2,2026-03-19,2026-03-27,EC-HAZCRCH-TESTER,TBC - Essential Creme,TESTER - Hazelnut Crunch Spread 200g,1,0,1,2,49.81%
MFASHWPXL,Ashwagandha Powder XLRG (1kg),2,0.011,0.08,0.33,2,0.022,0.15,0.67,1,0.033,0.23,1,2,2026-02-17,2026-03-24,MFASHWPXL,MF - Pantry,Ashwagandha Powder XLRG (1kg),1,0,1,1,19.76%
AE-BLCEL050T,TESTER - Toning Lotion - 100ML - Absolute Essential,2,0.011,0.08,0.33,2,0.022,0.15,0.67,1,0.033,0.23,1,2,2026-02-04,2026-03-19,AE-BLCEL050T,TBC - Absolute Essential,TESTER - Toning Lotion - 100ML - Absolute Essential,1,0,1,1,19.76%
SBADC1KG,Sol Brothers - Adaptogenic Drinking Chocolate 1kg,2,0.011,0.08,0.33,2,0.022,0.15,0.67,2,0.067,0.47,2,1,2026-03-18,2026-03-18,SBADC1KG,TBC - Sol Brothers,Sol Brothers - Adaptogenic Drinking Chocolate 1kg,1,0,1,2,49.81%
MFDATESB6.5,Dates (Pitted) - Organic BULK (6.5kg),2,0.011,0.08,0.33,2,0.022,0.15,0.67,1,0.033,0.23,1,2,2026-02-27,2026-03-13,MFDATESB6.5,MF - Pantry (Bulk),Dates (Pitted) - Organic BULK (6.5kg),1,0,1,1,19.76%
MFGINGGB3.6,Ginger Ground - Organic Bulk (3.6kg),2,0.011,0.08,0.33,1,0.011,0.08,0.33,1,0.033,0.23,1,2,2025-12-05,2026-03-12,MFGINGGB3.6,MF - Pantry (Bulk),Ginger Ground - Organic Bulk (3.6kg),1,0,0,1,80.72%
MFMESQPB5.6,Mesquite Powder - Organic BULK (5.6kg),2,0.011,0.08,0.33,1,0.011,0.08,0.33,0,0,0,0,2,2025-12-08,2026-03-04,MFMESQPB5.6,MF - Pantry (Bulk),Mesquite Powder - Organic BULK (5.6kg),0,0,0,0,-100.00%
SE1KG,Sacred Taste Cacao Earth - Original Cacao 1kg Bag,2,0.011,0.08,0.33,2,0.022,0.15,0.67,0,0,0,0,2,2026-02-05,2026-03-06,SE1KG,TBC - Sacred Taste Cacao,Sacred Taste Cacao Earth - Original Cacao 1kg Bag,1,0,1,0,-100.00%
FCHAGALG,FUNGI Chaga 20:1 Extract Powder LRG (450g),2,0.011,0.08,0.33,1,0.011,0.08,0.33,0,0,0,0,2,2025-12-05,2026-03-06,FCHAGALG,Fungi,FUNGI Chaga 20:1 Extract Powder LRG (450g),0,0,0,0,-100.00%
MFCLOVWXL,Cloves (Whole) - Organic XLRG (1kg),2,0.011,0.08,0.33,1,0.011,0.08,0.33,0,0,0,0,2,2026-01-07,2026-02-25,MFCLOVWXL,MF - Pantry (Bulk),Cloves (Whole) - Organic XLRG (1kg),0,0,0,0,-100.00%
REHOOL,Reer Endz - Hooked (L),2,0.011,0.08,0.33,2,0.022,0.15,0.67,0,0,0,0,1,2026-02-23,2026-02-23,REHOOL,TBC - Reer Endz,Reer Endz - Hooked (L),1,0,1,0,-100.00%
REOFFL,Reer Endz - Offshore Vibes (L),2,0.011,0.08,0.33,2,0.022,0.15,0.67,0,0,0,0,1,2026-02-23,2026-02-23,REOFFL,TBC - Reer Endz,Reer Endz - Offshore Vibes (L),1,0,1,0,-100.00%
AE-BTFAC030,Face Serum - 25ML - Absolute Essential,2,0.011,0.08,0.33,2,0.022,0.15,0.67,0,0,0,0,1,2026-02-16,2026-02-16,AE-BTFAC030,TBC - Absolute Essential,Face Serum - 25ML - Absolute Essential,1,0,1,0,-100.00%
AE-WINT005T,TESTER - Wintergreen - 10ML - Absolute Essential,2,0.011,0.08,0.33,1,0.011,0.08,0.33,0,0,0,0,2,2025-10-15,2026-02-10,AE-WINT005T,TBC - Absolute Essential,TESTER - Wintergreen - 10ML - Absolute Essential,0,0,0,0,-100.00%
AE-BSPURI005T,TESTER - Purify: Air Cleanser - 10ML - Absolute Essential,2,0.011,0.08,0.33,1,0.011,0.08,0.33,0,0,0,0,2,2025-12-19,2026-02-04,AE-BSPURI005T,TBC - Absolute Essential,TESTER - Purify: Air Cleanser - 10ML - Absolute Essential,0,0,0,0,-100.00%
AE-BBMAS030T,TESTER - Baby Oil: Rose & Chamomile - 50ML - Absolute Essential,2,0.011,0.08,0.33,1,0.011,0.08,0.33,0,0,0,0,2,2026-01-08,2026-02-04,AE-BBMAS030T,TBC - Absolute Essential,TESTER - Baby Oil: Rose & Chamomile - 50ML - Absolute Essential,0,0,0,0,-100.00%
AE-BPSBT001T,TESTER - Calm Birth - 5ML - Absolute Essential,2,0.011,0.08,0.33,1,0.011,0.08,0.33,0,0,0,0,2,2025-10-21,2026-02-04,AE-BPSBT001T,TBC - Absolute Essential,TESTER - Calm Birth - 5ML - Absolute Essential,0,0,0,0,-100.00%
RE.GRE.XL,XL - Grey Marle | Organic Cotton Men's Trunk - Reer Endz,2,0.011,0.08,0.33,2,0.022,0.15,0.67,0,0,0,0,1,2026-02-03,2026-02-03,RE.GRE.XL,TBC - Reer Endz,XL - Grey Marle | Organic Cotton Men's Trunk - Reer Endz,1,0,1,0,-100.00%
MFRMIXNB5.5,RAW Mixed Nuts - BULK (5.5kg),2,0.011,0.08,0.33,1,0.011,0.08,0.33,0,0,0,0,2,2025-11-06,2026-01-29,MFRMIXNB5.5,MF - Nuts,RAW Mixed Nuts - BULK (5.5kg),0,0,0,0,-100.00%
MFMACADB10,Macadamias - Organic & Raw BULK (11.34kg),2,0.011,0.08,0.33,1,0.011,0.08,0.33,0,0,0,0,2,2026-01-10,2026-01-28,MFMACADB10,MF - Nuts,Macadamias - Organic & Raw BULK (11.34kg),0,0,0,0,-100.00%
MFKBBQMB10,Munchies Korean BBQ - Organic & Activated BULK (10kg),2,0.011,0.08,0.33,1,0.011,0.08,0.33,0,0,0,0,2,2025-10-25,2026-01-23,MFKBBQMB10,MF - Munchies,Munchies Korean BBQ - Organic & Activated BULK (10kg),0,0,0,0,-100.00%
MFCARCLB4.5,Clusters Caramel Wattleseed - Organic & Activated BULK (4.5kg),2,0.011,0.08,0.33,1,0.011,0.08,0.33,0,0,0,0,2,2025-12-17,2026-01-23,MFCARCLB4.5,MF - Clusters,Clusters Caramel Wattleseed - Organic & Activated BULK (4.5kg),0,0,0,0,-100.00%
MFMESQPB2,Mesquite Powder - Organic BULK (2kg),2,0.011,0.08,0.33,1,0.011,0.08,0.33,0,0,0,0,2,2025-11-10,2026-01-22,MFMESQPB2,MF - Pantry (Bulk),Mesquite Powder - Organic BULK (2kg),0,0,0,0,-100.00%
MFENGLBB3.6,English Breakfast BULK (3.6kg),2,0.011,0.08,0.33,0,0,0,0,0,0,0,0,2,2025-12-08,2026-01-09,MFENGLBB3.6,MF - Pantry (Bulk),English Breakfast BULK (3.6kg),0,0,0,0,-100.00%
1LY,Picked Liam,2,0.011,0.08,0.33,0,0,0,0,0,0,0,0,2,2026-01-06,2026-01-08,1LY,Staff & Labour,Picked Liam,0,0,0,0,-100.00%
AM11,Australia's Manuka  (MGO 1200+) 250g,2,0.011,0.08,0.33,0,0,0,0,0,0,0,0,1,2026-01-06,2026-01-06,AM11,TBC - Australia's Manuka,Australia's Manuka  (MGO 1200+) 250g,0,0,0,0,-100.00%
HT-StandOnly-Mini,HT Wood Display for Mini - Stand Only.,2,0.011,0.08,0.33,0,0,0,0,0,0,0,0,2,2025-12-23,2025-12-23,HT-StandOnly-Mini,TBC - Heart Therapeutics,HT Wood Display for Mini - Stand Only.,0,0,0,0,-100.00%
HPShilajit-Pull-Up-Banner,Pull-Up-Banner for Himalayan Power Shilajit,2,0.011,0.08,0.33,0,0,0,0,0,0,0,0,2,2025-12-02,2025-12-22,HPShilajit-Pull-Up-Banner,TBC - Himalayan Power Shilajit,Pull-Up-Banner for Himalayan Power Shilajit,0,0,0,0,-100.00%
AE-BSMTR005T,TESTER - Muscle Tonic - 10ML - Absolute Essential,2,0.011,0.08,0.33,0,0,0,0,0,0,0,0,2,2025-12-18,2025-12-19,AE-BSMTR005T,TBC - Absolute Essential,TESTER - Muscle Tonic - 10ML - Absolute Essential,0,0,0,0,-100.00%
BULK-AHFSO-1KG,Bulk - Fennel - 1kg Bag,2,0.011,0.08,0.33,0,0,0,0,0,0,0,0,1,2025-12-18,2025-12-18,BULK-AHFSO-1KG,Bulk Products,Bulk - Fennel - 1kg Bag,0,0,0,0,-100.00%
MFMACADXL,Macadamias - Organic & Raw XLRG (1kg) DISCONTINUED,2,0.011,0.08,0.33,0,0,0,0,0,0,0,0,2,2025-11-12,2025-12-05,MFMACADXL,MF - Nuts,Macadamias - Organic & Raw XLRG (1kg) DISCONTINUED,0,0,0,0,-100.00%
REHOOXL,Reer Endz - Hooked (XL),2,0.011,0.08,0.33,0,0,0,0,0,0,0,0,1,2025-12-02,2025-12-02,REHOOXL,TBC - Reer Endz,Reer Endz - Hooked (XL),0,0,0,0,-100.00%
MFPECRAWB4.5,RAW Pecans BULK (4.5kg),2,0.011,0.08,0.33,0,0,0,0,0,0,0,0,2,2025-11-05,2025-11-25,MFPECRAWB4.5,MF - Nuts,RAW Pecans BULK (4.5kg),0,0,0,0,-100.00%
MFGINSEB2,Ginseng BULK (2kg),2,0.011,0.08,0.33,0,0,0,0,0,0,0,0,1,2025-11-18,2025-11-18,MFGINSEB2,MF - Pantry (Bulk),Ginseng BULK (2kg),0,0,0,0,-100.00%
REHOOS,Reer Endz - Hooked (S),2,0.011,0.08,0.33,0,0,0,0,0,0,0,0,1,2025-11-11,2025-11-11,REHOOS,TBC - Reer Endz,Reer Endz - Hooked (S),0,0,0,0,-100.00%
SV1KG,Sacred Taste Cacao Vitality - Matcha Mint Cacao 1kg Bag,2,0.011,0.08,0.33,0,0,0,0,0,0,0,0,1,2025-11-11,2025-11-11,SV1KG,TBC - Sacred Taste Cacao,Sacred Taste Cacao Vitality - Matcha Mint Cacao 1kg Bag,0,0,0,0,-100.00%
HPShil5gSAMPLE,SAMPLE Purest Himalayan Power Shilajit Resin - Gold Grade - 5g,2,0.011,0.08,0.33,0,0,0,0,0,0,0,0,1,2025-11-07,2025-11-07,HPShil5gSAMPLE,TBC - Himalayan Power Shilajit,SAMPLE Purest Himalayan Power Shilajit Resin - Gold Grade - 5g,0,0,0,0,-100.00%
RE.BLA.XL,XL - Black | Organic Cotton Men's Trunk - Reer Endz,2,0.011,0.08,0.33,0,0,0,0,0,0,0,0,1,2025-11-06,2025-11-06,RE.BLA.XL,TBC - Reer Endz,XL - Black | Organic Cotton Men's Trunk - Reer Endz,0,0,0,0,-100.00%
AE-VRHO010T,TESTER - Rose Hip Oil: Virgin - 25ML - Absolute Essential,2,0.011,0.08,0.33,0,0,0,0,0,0,0,0,2,2025-10-15,2025-10-31,AE-VRHO010T,TBC - Absolute Essential,TESTER - Rose Hip Oil: Virgin - 25ML - Absolute Essential,0,0,0,0,-100.00%
CB2ZEN1,CB2 - Zen Pet - Calm Drops 30ml,2,0.011,0.08,0.33,0,0,0,0,0,0,0,0,1,2025-10-27,2025-10-27,CB2ZEN1,TBC - Nutura Wellness CB2,CB2 - Zen Pet - Calm Drops 30ml,0,0,0,0,-100.00%
DC-BCC5,Totopos! Blue Corn Chips 5kg BULK,2,0.011,0.08,0.33,0,0,0,0,0,0,0,0,1,2025-10-25,2025-10-25,DC-BCC5,TBC - Dona Cholita,Totopos! Blue Corn Chips 5kg BULK,0,0,0,0,-100.00%
REODES,Reer Endz - Ode To Thala (S),2,0.011,0.08,0.33,0,0,0,0,0,0,0,0,1,2025-10-23,2025-10-23,REODES,TBC - Reer Endz,Reer Endz - Ode To Thala (S),0,0,0,0,-100.00%
RECRCL,Reer Endz - Watch for Crocs (L),2,0.011,0.08,0.33,0,0,0,0,0,0,0,0,1,2025-10-16,2025-10-16,RECRCL,TBC - Reer Endz,Reer Endz - Watch for Crocs (L),0,0,0,0,-100.00%
CB2ENTOURAGE1,CB2 Activate - Entourage 30ml,2,0.011,0.08,0.33,0,0,0,0,0,0,0,0,1,2025-10-15,2025-10-15,CB2ENTOURAGE1,#N/A,CB2 Activate - Entourage 30ml,0,0,0,0,-100.00%
MFBLCUMME,Black Cumin (Nigella Sativa) - Organic MED (300g) - Discontinued,2,0.011,0.08,0.33,0,0,0,0,0,0,0,0,1,2025-10-14,2025-10-14,MFBLCUMME,MF - Pantry,Black Cumin (Nigella Sativa) - Organic MED (300g) - Discontinued,0,0,0,0,-100.00%
OH-4PACK-1xCARDBOARDONLY,1x CARDBOARD ONLY - 4PACK Ring Holder for OH LemonAid,1,0.005,0.04,0.17,1,0.011,0.08,0.33,1,0.033,0.23,1,1,2026-04-10,2026-04-10,OH-4PACK-1xCARDBOARDONLY,TBC - OH! OzHarvest Ventures,1x CARDBOARD ONLY - 4PACK Ring Holder for OH LemonAid,1,0,0,1,100.00%
OH-6PACK-1xCARDBOARDONLY,1x CARDBOARD ONLY - 6PACK Ring Holder for OH LemonAid,1,0.005,0.04,0.17,1,0.011,0.08,0.33,1,0.033,0.23,1,1,2026-04-10,2026-04-10,OH-6PACK-1xCARDBOARDONLY,TBC - OH! OzHarvest Ventures,1x CARDBOARD ONLY - 6PACK Ring Holder for OH LemonAid,1,0,0,1,100.00%
SIS-POS-Tonic-Wobbler,Sisuu - Tonic Wobbler,1,0.005,0.04,0.17,1,0.011,0.08,0.33,1,0.033,0.23,1,1,2026-04-10,2026-04-10,SIS-POS-Tonic-Wobbler,TBC - SISUU,Sisuu - Tonic Wobbler,1,0,0,1,100.00%
REMINISTAND,Rear Endz - Mini Stand Bundle - 6 Designs (Mixed Sizes: fits 9 units per design) Total 54 Units,1,0.005,0.04,0.17,1,0.011,0.08,0.33,1,0.033,0.23,1,1,2026-04-10,2026-04-10,REMINISTAND,TBC - Reer Endz,Rear Endz - Mini Stand Bundle - 6 Designs (Mixed Sizes: fits 9 units per design) Total 54 Units,1,0,0,1,100.00%
MFCINNQXL,Cinnamon Quills BULK (1kg),1,0.005,0.04,0.17,1,0.011,0.08,0.33,1,0.033,0.23,1,1,2026-04-09,2026-04-09,MFCINNQXL,MF - Pantry (Bulk),Cinnamon Quills BULK (1kg),1,0,0,1,100.00%
PT-POS-TASTINGKIT,Pyewackets - IN-STORE TASTING KIT: Tonics & Bitters,1,0.005,0.04,0.17,1,0.011,0.08,0.33,1,0.033,0.23,1,1,2026-03-27,2026-03-27,PT-POS-TASTINGKIT,TBC - POS,Pyewackets - IN-STORE TASTING KIT: Tonics & Bitters,1,0,0,1,100.00%
CP-LIP-PAWP-HANG,Clean & Pure - Pawpaw Lip Balm Tube - Hang Sell,1,0.005,0.04,0.17,1,0.011,0.08,0.33,1,0.033,0.23,1,1,2026-03-26,2026-03-26,CP-LIP-PAWP-HANG,TBC - Clean & Pure,Clean & Pure - Pawpaw Lip Balm Tube - Hang Sell,1,0,0,1,100.00%
BULK-AHCFO-1KG,Bulk - Chilli Flakes - 1kg Bag,1,0.005,0.04,0.17,1,0.011,0.08,0.33,1,0.033,0.23,1,1,2026-03-26,2026-03-26,BULK-AHCFO-1KG,Bulk Products,Bulk - Chilli Flakes - 1kg Bag,1,0,0,1,100.00%
BULK-AHDL-1KG,Bulk - Dandelion Leaf - 1kg Bag,1,0.005,0.04,0.17,1,0.011,0.08,0.33,1,0.033,0.23,1,1,2026-03-26,2026-03-26,BULK-AHDL-1KG,Bulk Products,Bulk - Dandelion Leaf - 1kg Bag,1,0,0,1,100.00%
BULK-AFMAPSYR3x4L,3x4L Maple Syrup Bladders with Tap (Organic),1,0.005,0.04,0.17,1,0.011,0.08,0.33,1,0.033,0.23,1,1,2026-03-24,2026-03-24,BULK-AFMAPSYR3x4L,Bulk Products,3x4L Maple Syrup Bladders with Tap (Organic),1,0,0,1,100.00%
EC-HAZCOCO-TESTER,TESTER Hazelnut Coconut Rough Spread 200g,1,0.005,0.04,0.17,1,0.011,0.08,0.33,1,0.033,0.23,1,1,2026-03-19,2026-03-19,EC-HAZCOCO-TESTER,TBC - Essential Creme,TESTER Hazelnut Coconut Rough Spread 200g,1,0,0,1,100.00%
REWAVXL,Reer Endz - Chasing Waves (XL),1,0.005,0.04,0.17,1,0.011,0.08,0.33,1,0.033,0.23,1,1,2026-03-13,2026-03-13,REWAVXL,TBC - Reer Endz,Reer Endz - Chasing Waves (XL),1,0,0,1,100.00%
BULK-ABWRO-BOX,Bulk - Oats (Rolled Stabilized) - 20kg Box,1,0.005,0.04,0.17,1,0.011,0.08,0.33,0,0,0,0,1,2026-03-11,2026-03-11,BULK-ABWRO-BOX,Bulk Products,Bulk - Oats (Rolled Stabilized) - 20kg Box,0,0,0,0,-100.00%
MFMACADSM,SAMPLE: Macadamias - Organic & Raw,1,0.005,0.04,0.17,1,0.011,0.08,0.33,0,0,0,0,1,2026-03-10,2026-03-10,MFMACADSM,MF - Nuts,SAMPLE: Macadamias - Organic & Raw,0,0,0,0,-100.00%
MFCARDAXL,Cardamom (Whole) - Organic XLRG (1kg),1,0.005,0.04,0.17,1,0.011,0.08,0.33,0,0,0,0,1,2026-03-09,2026-03-09,MFCARDAXL,MF - Pantry (Bulk),Cardamom (Whole) - Organic XLRG (1kg),0,0,0,0,-100.00%
BULK-EACIN-1KG,Bulk - Cinnamon Ceylon Powder - 1kg Bag,1,0.005,0.04,0.17,1,0.011,0.08,0.33,0,0,0,0,1,2026-03-09,2026-03-09,BULK-EACIN-1KG,Bulk Products,Bulk - Cinnamon Ceylon Powder - 1kg Bag,0,0,0,0,-100.00%
AE-BTFAC010T,TESTER - Face Serum - 25ML - Absolute Essential,1,0.005,0.04,0.17,1,0.011,0.08,0.33,0,0,0,0,1,2026-03-03,2026-03-03,AE-BTFAC010T,TBC - Absolute Essential,TESTER - Face Serum - 25ML - Absolute Essential,0,0,0,0,-100.00%
AE-CBAS050T,TESTER - Untouched: Body Lotion - 100ML - Absolute Essential,1,0.005,0.04,0.17,1,0.011,0.08,0.33,0,0,0,0,1,2026-03-03,2026-03-03,AE-CBAS050T,TBC - Absolute Essential,TESTER - Untouched: Body Lotion - 100ML - Absolute Essential,0,0,0,0,-100.00%
BULK-AHBBF-1KG,Bulk - Blue Butterfly Pea Flower - 1kg Bag,1,0.005,0.04,0.17,1,0.011,0.08,0.33,0,0,0,0,1,2026-03-02,2026-03-02,BULK-AHBBF-1KG,Bulk Products,Bulk - Blue Butterfly Pea Flower - 1kg Bag,0,0,0,0,-100.00%
BULK-CAYENNE-3KG,Bulk - Cayenne - 3kg Bag,1,0.005,0.04,0.17,1,0.011,0.08,0.33,0,0,0,0,1,2026-02-27,2026-02-27,BULK-CAYENNE-3KG,Bulk Products,Bulk - Cayenne - 3kg Bag,0,0,0,0,-100.00%
BULK-ABHPP-BKT,Bulk - Hemp Protein Powder - 5kg Bucket,1,0.005,0.04,0.17,1,0.011,0.08,0.33,0,0,0,0,1,2026-02-23,2026-02-23,BULK-ABHPP-BKT,Bulk Products,Bulk - Hemp Protein Powder - 5kg Bucket,0,0,0,0,-100.00%
3RB,Processed Rob,1,0.005,0.04,0.17,1,0.011,0.08,0.33,0,0,0,0,1,2026-02-23,2026-02-23,3RB,Staff & Labour,Processed Rob,0,0,0,0,-100.00%
DC-CCC5,Totopos! Chipotle Corn Chips 5kg BULK,1,0.005,0.04,0.17,1,0.011,0.08,0.33,0,0,0,0,1,2026-02-19,2026-02-19,DC-CCC5,TBC - Dona Cholita,Totopos! Chipotle Corn Chips 5kg BULK,0,0,0,0,-100.00%
BULK-SESAM-1KG,Bulk - Sesame Seeds - 1kg Bag,1,0.005,0.04,0.17,1,0.011,0.08,0.33,0,0,0,0,1,2026-02-16,2026-02-16,BULK-SESAM-1KG,Bulk Products,Bulk - Sesame Seeds - 1kg Bag,0,0,0,0,-100.00%
MFMACAPB2,Maca Powder - Organic BULK (2kg),1,0.005,0.04,0.17,1,0.011,0.08,0.33,0,0,0,0,1,2026-02-05,2026-02-05,MFMACAPB2,MF - Pantry (Bulk),Maca Powder - Organic BULK (2kg),0,0,0,0,-100.00%
MFIRCASH,Cashews Roasted with Maple Cinnamon BULK (4kg),1,0.005,0.04,0.17,1,0.011,0.08,0.33,0,0,0,0,1,2026-01-29,2026-01-29,MFIRCASH,MF - Nuts,Cashews Roasted with Maple Cinnamon BULK (4kg),0,0,0,0,-100.00%
TBC-POS-NT,Naked Tallow many POS,1,0.005,0.04,0.17,1,0.011,0.08,0.33,0,0,0,0,1,2026-01-28,2026-01-28,TBC-POS-NT,,Naked Tallow many POS,0,0,0,0,-100.00%
ZH-POSTER,Zeally Herbs - Poster,1,0.005,0.04,0.17,1,0.011,0.08,0.33,0,0,0,0,1,2026-01-28,2026-01-28,ZH-POSTER,TBC - Zeally Herbs,Zeally Herbs - Poster,0,0,0,0,-100.00%
2JK,Packed Jessie,1,0.005,0.04,0.17,1,0.011,0.08,0.33,0,0,0,0,1,2026-01-27,2026-01-27,2JK,,Packed Jessie,0,0,0,0,-100.00%
MFSUNFSB12,Sunflower Seeds - Activated & Organic BULK (12kg),1,0.005,0.04,0.17,1,0.011,0.08,0.33,0,0,0,0,1,2026-01-23,2026-01-23,MFSUNFSB12,MF - Pantry (Bulk),Sunflower Seeds - Activated & Organic BULK (12kg),0,0,0,0,-100.00%
BULK-AHPOM-1KG,Bulk - Pomegranate Juice Powder - 1kg Bag,1,0.005,0.04,0.17,1,0.011,0.08,0.33,0,0,0,0,1,2026-01-19,2026-01-19,BULK-AHPOM-1KG,Bulk Products,Bulk - Pomegranate Juice Powder - 1kg Bag,0,0,0,0,-100.00%
RESUNL,Reer Endz - Sunshine (L),1,0.005,0.04,0.17,1,0.011,0.08,0.33,0,0,0,0,1,2026-01-19,2026-01-19,RESUNL,TBC - Reer Endz,Reer Endz - Sunshine (L),0,0,0,0,-100.00%
MFCUMSWB4.4,Cumin Seed (Whole) - Organic BULK (4.4kg),1,0.005,0.04,0.17,1,0.011,0.08,0.33,0,0,0,0,1,2026-01-16,2026-01-16,MFCUMSWB4.4,MF - Pantry (Bulk),Cumin Seed (Whole) - Organic BULK (4.4kg),0,0,0,0,-100.00%
BULK-AHROS-1KG,Bulk - Rose Petals - 1kg,1,0.005,0.04,0.17,1,0.011,0.08,0.33,0,0,0,0,1,2026-01-15,2026-01-15,BULK-AHROS-1KG,Bulk Products,Bulk - Rose Petals - 1kg,0,0,0,0,-100.00%
MFGOCHUB3.8,Gochugaru BULK (3.8kg),1,0.005,0.04,0.17,1,0.011,0.08,0.33,0,0,0,0,1,2026-01-15,2026-01-15,MFGOCHUB3.8,MF - Pantry (Bulk),Gochugaru BULK (3.8kg),0,0,0,0,-100.00%
MFTULSIB2,Tulsi BULK (2kg),1,0.005,0.04,0.17,1,0.011,0.08,0.33,0,0,0,0,1,2026-01-13,2026-01-13,MFTULSIB2,MF - Pantry (Bulk),Tulsi BULK (2kg),0,0,0,0,-100.00%
MFROOIBB1.6,Rooibos BULK (1.6kg),1,0.005,0.04,0.17,0,0,0,0,0,0,0,0,1,2025-12-31,2025-12-31,MFROOIBB1.6,MF - Pantry (Bulk),Rooibos BULK (1.6kg),0,0,0,0,-100.00%
MFLBALMB.8,Lemon Balm BULK (800g),1,0.005,0.04,0.17,0,0,0,0,0,0,0,0,1,2026-01-09,2026-01-09,MFLBALMB.8,MF - Pantry (Bulk),Lemon Balm BULK (800g),0,0,0,0,-100.00%
ENKMIC50,Enki: Microbe Formula - Triple Extracts,1,0.005,0.04,0.17,0,0,0,0,0,0,0,0,1,2026-01-07,2026-01-07,ENKMIC50,TBC - Enki Organics,Enki: Microbe Formula - Triple Extracts,0,0,0,0,-100.00%
AE-CMAS100,Untouched: Body Hydration - 100ML - Absolute Essential,1,0.005,0.04,0.17,0,0,0,0,0,0,0,0,1,2025-12-18,2025-12-18,AE-CMAS100,TBC - Absolute Essential,Untouched: Body Hydration - 100ML - Absolute Essential,0,0,0,0,-100.00%
MFHEMPSB5.5,Hemp Seeds (Tasmanian) - Insecticide-Free BULK (5.5kg),1,0.005,0.04,0.17,0,0,0,0,0,0,0,0,1,2025-11-29,2025-11-29,MFHEMPSB5.5,MF - Pantry (Bulk),Hemp Seeds (Tasmanian) - Insecticide-Free BULK (5.5kg),0,0,0,0,-100.00%
RE.NAV.XL,XL - Navy | Organic Cotton Men's Trunk - Reer Endz,1,0.005,0.04,0.17,0,0,0,0,0,0,0,0,1,2025-12-12,2025-12-12,RE.NAV.XL,TBC - Reer Endz,XL - Navy | Organic Cotton Men's Trunk - Reer Endz,0,0,0,0,-100.00%
BULK-AHGAR-1KG,Bulk - Garlic Powder - 1kg Bag,1,0.005,0.04,0.17,0,0,0,0,0,0,0,0,1,2025-12-12,2025-12-12,BULK-AHGAR-1KG,Bulk Products,Bulk - Garlic Powder - 1kg Bag,0,0,0,0,-100.00%
REWAVS,Reer Endz - Chasing Waves (S),1,0.005,0.04,0.17,0,0,0,0,0,0,0,0,1,2025-12-10,2025-12-10,REWAVS,TBC - Reer Endz,Reer Endz - Chasing Waves (S),0,0,0,0,-100.00%
MFIMMB,Almonds & Walnuts Roasted with Maple Cinnamon BULK (3.3kg),1,0.005,0.04,0.17,0,0,0,0,0,0,0,0,1,2025-12-09,2025-12-09,MFIMMB,MF - Nuts,Almonds & Walnuts Roasted with Maple Cinnamon BULK (3.3kg),0,0,0,0,-100.00%
BULK-AHMRO-1KG,Bulk - Marshmallow Root - 1kg Bag,1,0.005,0.04,0.17,0,0,0,0,0,0,0,0,1,2025-11-26,2025-11-26,BULK-AHMRO-1KG,Bulk Products,Bulk - Marshmallow Root - 1kg Bag,0,0,0,0,-100.00%
MFIRP,Pecans Roasted with Maple Cinnamon BULK (3kg),1,0.005,0.04,0.17,0,0,0,0,0,0,0,0,1,2025-11-13,2025-11-13,MFIRP,#N/A,Pecans Roasted with Maple Cinnamon BULK (3kg),0,0,0,0,-100.00%
1NM,Picked Nicola,1,0.005,0.04,0.17,0,0,0,0,0,0,0,0,1,2025-11-05,2025-11-05,1NM,Staff & Labour,Picked Nicola,0,0,0,0,-100.00%
MFFENNSB4,Fennel Seed - Organic BULK (4kg),1,0.005,0.04,0.17,0,0,0,0,0,0,0,0,1,2025-10-28,2025-10-28,MFFENNSB4,MF - Pantry (Bulk),Fennel Seed - Organic BULK (4kg),0,0,0,0,-100.00%
AE-MBBUG025T,TESTER - Bug Repellent Spray - 100ML - Absolute Essential,1,0.005,0.04,0.17,0,0,0,0,0,0,0,0,1,2025-10-28,2025-10-28,AE-MBBUG025T,TBC - Absolute Essential,TESTER - Bug Repellent Spray - 100ML - Absolute Essential,0,0,0,0,-100.00%
SOKIT400G,Sol Organics Kitchari Dhal 400g,1,0.005,0.04,0.17,0,0,0,0,0,0,0,0,1,2025-10-25,2025-10-25,SOKIT400G,TBC - Sol Organics,Sol Organics Kitchari Dhal 400g,0,0,0,0,-100.00%
RESLIS,Reer Endz - Slither (S),1,0.005,0.04,0.17,0,0,0,0,0,0,0,0,1,2025-10-23,2025-10-23,RESLIS,TBC - Reer Endz,Reer Endz - Slither (S),0,0,0,0,-100.00%
MFSESASB5.6,Sesame Seeds - Organic BULK (5.6kg),1,0.005,0.04,0.17,0,0,0,0,0,0,0,0,1,2025-10-22,2025-10-22,MFSESASB5.6,MF - Pantry (Bulk),Sesame Seeds - Organic BULK (5.6kg),0,0,0,0,-100.00%
REDOGXL,Reer Endz - Doggo (XL),1,0.005,0.04,0.17,0,0,0,0,0,0,0,0,1,2025-10-17,2025-10-17,REDOGXL,TBC - Reer Endz,Reer Endz - Doggo (XL),0,0,0,0,-100.00%
AE-BSFAC005T,TESTER - Clear Skin - 10ML - Absolute Essential,1,0.005,0.04,0.17,0,0,0,0,0,0,0,0,1,2025-10-15,2025-10-15,AE-BSFAC005T,TBC - Absolute Essential,TESTER - Clear Skin - 10ML - Absolute Essential,0,0,0,0,-100.00%
Component Code,Component Description,6M Qty,6M Avg Daily,6M Avg Weekly,6M Avg Monthly,3M Qty,3M Avg Daily,3M Avg Weekly,3M Avg Monthly,1M Qty,1M Avg Daily,1M Avg Weekly,1M Avg Monthly,# Assemblies,First Used,Last Used,Component Code,#N/A,Component Description,#VALUE!,6M Avg Monthly,3M Avg Monthly,1M Avg Monthly,#VALUE!
STRIPMF,Love Strips,213791,1174.676,"8,222.73","35,631.83",136211,1513.456,10594.19,45403.67,47352,1527.484,10692.39,47352,634,2025-10-13,2026-04-10,STRIPMF,MF - Packaging,Love Strips,"42,796","35,632","45,404","47,352",10.65%
LID82,Lid 82mm (MED+LRG),158299,869.775,"6,088.42","26,383.17",101126,1123.622,7865.36,33708.67,35441,1143.258,8002.81,35441,479,2025-10-13,2026-04-10,LID82,MF - Packaging,Lid 82mm (MED+LRG),"31,844","26,383","33,709","35,441",11.29%
JAR555,Jar 555ml MED,113684,624.637,"4,372.46","18,947.33",72756,808.4,5658.8,24252,25332,817.161,5720.13,25332,313,2025-10-14,2026-04-10,JAR555,MF - Packaging,Jar 555ml MED,"22,844","18,947","24,252","25,332",10.89%
JAR250SD,Jar 250ml SD,81813,449.522,"3,146.65","13,635.50",49912,554.578,3882.04,16637.33,18304,590.452,4133.16,18304,224,2025-10-14,2026-04-10,JAR250SD,MF - Packaging,Jar 250ml SD,"16,192","13,636","16,637","18,304",13.04%
SDLID53,LID 53mm (SD),81459,447.577,"3,133.04","13,576.50",49836,553.733,3876.13,16612,18305,590.484,4133.39,18305,223,2025-10-14,2026-04-10,SDLID53,MF - Packaging,LID 53mm (SD),"16,165","13,577","16,612","18,305",13.24%
JAR1000,1000ml LRG,44767,245.973,"1,721.81","7,461.17",28522,316.911,2218.38,9507.33,10198,328.968,2302.77,10198,168,2025-10-13,2026-04-10,JAR1000,MF - Packaging,1000ml LRG,"9,056","7,461","9,507","10,198",12.62%
KITCHEN005,Kitchen Assembly Made by Luis,36305,199.478,"1,396.35","6,050.83",36305,403.389,2823.72,12101.67,2890,93.226,652.58,2890,79,2026-02-17,2026-04-10,KITCHEN005,Staff & Labour,Kitchen Assembly Made by Luis,"7,496","6,051","12,102","2,890",-61.45%
PACKAGING025,Packaging Assembly Made by Sabah,33657,184.929,"1,294.50","5,609.50",19824,220.267,1541.87,6608,7509,242.226,1695.58,7509,395,2025-10-15,2026-04-10,PACKAGING025,Staff & Labour,Packaging Assembly Made by Sabah,"6,576","5,610","6,608","7,509",14.20%
KITCHEN004,Kitchen Assembly Made by Hamm (THE BIG DAWG),33290,182.912,"1,280.38","5,548.33",26530,294.778,2063.44,8843.33,3230,104.194,729.35,3230,190,2025-10-20,2026-04-10,KITCHEN004,Staff & Labour,Kitchen Assembly Made by Hamm (THE BIG DAWG),"5,874","5,548","8,843","3,230",-45.01%
PACKAGING014,Packaging Assembly Made by Dow,33179.65,182.306,"1,276.14","5,529.94",18926.65,210.296,1472.07,6308.88,6053,195.258,1366.81,6053,360,2025-10-14,2026-04-10,PACKAGING014,Staff & Labour,Packaging Assembly Made by Dow,"5,964","5,530","6,309","6,053",1.49%
PACKAGING10022,Packaging Assembly Made by Angus,31793.79,174.691,"1,222.84","5,298.96",20389.79,226.553,1585.87,6796.6,6203.82,200.123,1400.86,6203.82,311,2025-10-21,2026-04-10,PACKAGING10022,Staff & Labour,Packaging Assembly Made by Angus,"6,100","5,299","6,797","6,204",1.71%
PACKAGING10016,Packaging Assembly Made by Kylie,31337.42,172.184,"1,205.29","5,222.90",19853.93,220.599,1544.19,6617.98,6388,206.065,1442.45,6388,334,2025-10-14,2026-04-10,PACKAGING10016,Staff & Labour,Packaging Assembly Made by Kylie,"6,076","5,223","6,618","6,388",5.13%
STRIPSD,Star Strips,29961,164.621,"1,152.35","4,993.50",17179,190.878,1336.14,5726.33,7015,226.29,1584.03,7015,104,2025-10-23,2026-04-10,STRIPSD,MF - Packaging,Star Strips,"5,912","4,994","5,726","7,015",18.66%
PACKAGING10015,Packaging Assembly Made by Liam,26233.91,144.142,"1,009.00","4,372.32",15575.97,173.066,1211.46,5191.99,4257,137.323,961.26,4257,393,2025-10-16,2026-04-10,PACKAGING10015,Staff & Labour,Packaging Assembly Made by Liam,"4,607","4,372","5,192","4,257",-7.60%
PACKAGING000,Packaging Assembly Made by Staff,25711.97,141.275,988.92,"4,285.33",23499.97,261.111,1827.78,7833.32,7168,231.226,1618.58,7168,237,2025-10-14,2026-04-10,PACKAGING000,Staff & Labour,Packaging Assembly Made by Staff,"6,429","4,285","7,833","7,168",11.50%
KITCHEN010,Kitchen Assembly Made by Will,23875,131.181,918.27,"3,979.17",15170,168.556,1179.89,5056.67,5285,170.484,1193.39,5285,273,2025-10-23,2026-04-10,KITCHEN010,Staff & Labour,Kitchen Assembly Made by Will,"4,774","3,979","5,057","5,285",10.71%
KITCHEN012,Kitchen Assembly Made by Alex,23110,126.978,888.85,"3,851.67",11365,126.278,883.94,3788.33,6985,225.323,1577.26,6985,230,2025-10-20,2026-04-10,KITCHEN012,Staff & Labour,Kitchen Assembly Made by Alex,"4,875","3,852","3,788","6,985",43.28%
PACKAGING019,Packaging Assembly Made by Ishani,22511,123.687,865.81,"3,751.83",13333,148.144,1037.01,4444.33,4022,129.742,908.19,4022,337,2025-10-13,2026-04-09,PACKAGING019,Staff & Labour,Packaging Assembly Made by Ishani,"4,073","3,752","4,444","4,022",-1.25%
PACKAGING10023,Packaging Assembly Made by Omen,22327,122.676,858.73,"3,721.17",8035,89.278,624.94,2678.33,305,9.839,68.87,305,221,2025-11-06,2026-04-10,PACKAGING10023,Staff & Labour,Packaging Assembly Made by Omen,"2,235","3,721","2,678",305,-86.35%
PACKAGING10024,Packaging Assembly Made by Tara,22265.65,122.339,856.37,"3,710.94",12903.65,143.374,1003.62,4301.22,1907,61.516,430.61,1907,243,2025-11-13,2026-04-08,PACKAGING10024,Staff & Labour,Packaging Assembly Made by Tara,"3,306","3,711","4,301","1,907",-42.32%
KITCHEN011,Kitchen Assembly Made by Nigel,21460,117.912,825.38,"3,576.67",10565,117.389,821.72,3521.67,1710,55.161,386.13,1710,133,2025-10-20,2026-03-20,KITCHEN011,Staff & Labour,Kitchen Assembly Made by Nigel,"2,936","3,577","3,522","1,710",-41.76%
[BOXMED6],Box - Medium (6),18098.51,99.442,696.10,"3,016.42",11767.33,130.748,915.24,3922.44,4119.72,132.894,930.26,4119.72,303,2025-10-14,2026-04-10,[BOXMED6],MF - Packaging,Box - Medium (6),"3,686","3,016","3,922","4,120",11.76%
PACKAGING10013,Packaging Assembly Made by Nicola,13295.93,73.055,511.38,"2,215.99",6456.93,71.744,502.21,2152.31,2713,87.516,612.61,2713,165,2025-10-14,2026-04-01,PACKAGING10013,Staff & Labour,Packaging Assembly Made by Nicola,"2,360","2,216","2,152","2,713",14.94%
RAWWALNUT,Walnuts (Organic) Raw,12793.93,70.296,492.07,"2,132.32",7068.23,78.536,549.75,2356.08,2398.06,77.357,541.5,2398.06,58,2025-10-24,2026-04-09,RAWWALNUT,MF - Ingredients,Walnuts (Organic) Raw,"2,295","2,132","2,356","2,398",4.47%
LMFMAPLEME,Label - Maple Munchies MED (220g),10831,59.511,416.58,"1,805.17",6474,71.933,503.53,2158,3233,104.29,730.03,3233,12,2025-10-27,2026-03-28,LMFMAPLEME,LP Labels (MED),Label - Maple Munchies MED (220g),"2,399","1,805","2,158","3,233",34.78%
BOBKGF,Buckwheat Kernels,10747.62,59.053,413.37,"1,791.27",7438.51,82.65,578.55,2479.5,3361.67,108.441,759.09,3361.67,88,2025-10-20,2026-04-10,BOBKGF,MF - Ingredients,Buckwheat Kernels,"2,544","1,791","2,480","3,362",32.13%
5GSILICA,Silica Gel 5g (bag),10730,58.956,412.69,"1,788.33",7919,87.989,615.92,2639.67,3864,124.645,872.52,3864,57,2025-10-13,2026-04-09,5GSILICA,MF - Packaging,Silica Gel 5g (bag),"2,764","1,788","2,640","3,864",39.80%
PACKAGING026,Packaging Assembly Made by Jolene,10579,58.126,406.88,"1,763.17",8025,89.167,624.17,2675,2421,78.097,546.68,2421,118,2025-11-03,2026-04-10,PACKAGING026,Staff & Labour,Packaging Assembly Made by Jolene,"2,286","1,763","2,675","2,421",5.89%
PACKAGING016,Packaging Assembly Made by Isaac,10476,57.56,402.92,"1,746.00",1268,14.089,98.62,422.67,0,0,0,0,90,2025-10-17,2026-02-16,PACKAGING016,Staff & Labour,Packaging Assembly Made by Isaac,"1,084","1,746",423,0,-100.00%
LSDYELLOSM,Label - Yellow Anti-Inflammation SML (120g),9333,51.28,358.96,"1,555.50",5153,57.256,400.79,1717.67,1765,56.935,398.55,1765,13,2025-10-31,2026-03-25,LSDYELLOSM,LP Labels (Stardust),Label - Yellow Anti-Inflammation SML (120g),"1,679","1,556","1,718","1,765",5.10%
PACKAGING10026,Packaging Assembly Made by Greta,9310.38,51.156,358.09,"1,551.73",9310.38,103.449,724.14,3103.46,7545.38,243.399,1703.79,7545.38,101,2026-03-04,2026-04-10,PACKAGING10026,Staff & Labour,Packaging Assembly Made by Greta,"5,324","1,552","3,103","7,545",41.71%
2GSILICA,Silica Gel 2g (jar),8841,48.577,340.04,"1,473.50",5948,66.089,462.62,1982.67,2763,89.129,623.9,2763,39,2025-11-11,2026-04-08,2GSILICA,MF - Packaging,Silica Gel 2g (jar),"2,073","1,474","1,983","2,763",33.28%
LMFMIXENME,Label - Mixed Nuts MED (250g),8638,47.462,332.23,"1,439.67",4524,50.267,351.87,1508,1208,38.968,272.77,1208,12,2025-11-03,2026-03-16,LMFMIXENME,LP Labels (MED),Label - Mixed Nuts MED (250g),"1,385","1,440","1,508","1,208",-12.79%
LMFWALNUME,Label - Walnuts MED (200g),8203,45.071,315.50,"1,367.17",4644,51.6,361.2,1548,1871,60.355,422.48,1871,13,2025-10-31,2026-04-10,LMFWALNUME,LP Labels (MED),Label - Walnuts MED (200g),"1,595","1,367","1,548","1,871",17.28%
[[BOXLRG6],Box - Large (6),7503.43,41.228,288.59,"1,250.57",4922.91,54.699,382.89,1640.97,1747.15,56.36,394.52,1747.15,198,2025-10-13,2026-04-10,[[BOXLRG6],MF - Packaging,Box - Large (6),"1,546","1,251","1,641","1,747",12.99%
IAM,Mixed Nuts Intermediate,7412.58,40.728,285.10,"1,235.43",4221.71,46.908,328.36,1407.24,1213.57,39.147,274.03,1213.57,63,2025-10-21,2026-03-30,IAM,MF - Intermediate,Mixed Nuts Intermediate,"1,285","1,235","1,407","1,214",-5.59%
IABKCH,Buckies Chocolate Intermediate,7336.1,40.308,282.16,"1,222.68",4282.45,47.583,333.08,1427.48,1922.75,62.024,434.17,1922.75,33,2025-10-21,2026-04-09,IABKCH,MF - Intermediate,Buckies Chocolate Intermediate,"1,524","1,223","1,427","1,923",26.14%
ABARNPO,Raw Almonds (Organic),7167.22,39.38,275.66,"1,194.54",3444.42,38.271,267.9,1148.14,1085.01,35,245,1085.01,32,2025-10-22,2026-04-07,ABARNPO,MF - Ingredients,Raw Almonds (Organic),"1,143","1,195","1,148","1,085",-5.04%
PACKAGING10025,Packaging Assembly Made by Shonna,6971.82,38.307,268.15,"1,161.97",6971.82,77.465,542.25,2323.94,5650.82,182.284,1275.99,5650.82,49,2026-03-04,2026-04-10,PACKAGING10025,Staff & Labour,Packaging Assembly Made by Shonna,"3,987","1,162","2,324","5,651",41.72%
BOXSML,Box - Small,6833.84,37.549,262.84,"1,138.97",4172.92,46.366,324.56,1390.97,1532.84,49.446,346.12,1532.84,224,2025-10-14,2026-04-10,BOXSML,MF - Packaging,Box - Small,"1,354","1,139","1,391","1,533",13.19%
IAW,Walnuts Intermediate,5788.5,31.805,222.63,964.75,3883.17,43.146,302.02,1294.39,1340.64,43.246,302.73,1340.64,65,2025-10-31,2026-04-10,IAW,MF - Intermediate,Walnuts Intermediate,"1,200",965,"1,294","1,341",11.73%
LMFMIXENLG,Label - Mixed Nuts LRG (500g),5760,31.648,221.54,960.00,3458,38.422,268.96,1152.67,1622,52.323,366.26,1622,12,2025-10-28,2026-03-30,LMFMIXENLG,LP Labels (LRG),Label - Mixed Nuts LRG (500g),"1,245",960,"1,153","1,622",30.29%
ABBNR,Brazil Nuts Raw,5539.61,30.437,213.06,923.27,2920.51,32.45,227.15,973.5,800,25.806,180.65,800,20,2025-10-27,2026-04-10,ABBNR,MF - Ingredients,Brazil Nuts Raw,899,923,974,800,-11.00%
LMFALMONME,Label - Almonds MED (250g),5525,30.357,212.50,920.83,2428,26.978,188.84,809.33,749,24.161,169.13,749,9,2025-10-22,2026-04-08,LMFALMONME,LP Labels (MED),Label - Almonds MED (250g),826,921,809,749,-9.36%
LMFCACBPLG,Label - Cacao Brain Power LRG (450g),5431,29.841,208.88,905.17,3166,35.178,246.24,1055.33,1486,47.935,335.55,1486,14,2025-11-13,2026-04-01,LMFCACBPLG,LP Labels (LRG),Label - Cacao Brain Power LRG (450g),"1,149",905,"1,055","1,486",29.35%
LMFBEETPME,Label - Beetroot Powder MED (340g),5308,29.165,204.15,884.67,3140,34.889,244.22,1046.67,1156,37.29,261.03,1156,14,2025-10-23,2026-04-10,LMFBEETPME,LP Labels (MED),Label - Beetroot Powder MED (340g),"1,029",885,"1,047","1,156",12.33%
[BAGVACUUM],Vacuum Bags (350 x 450 x 120UM),5074.9,27.884,195.19,845.82,2974.82,33.054,231.37,991.61,963,31.065,217.45,963,189,2025-10-14,2026-04-10,[BAGVACUUM],MF - Packaging,Vacuum Bags (350 x 450 x 120UM),933,846,992,963,3.16%
IAA,Almonds Intermediate,4855.08,26.676,186.73,809.18,2637.34,29.304,205.13,879.11,562.88,18.157,127.1,562.88,97,2025-10-20,2026-04-10,IAA,MF - Intermediate,Almonds Intermediate,750,809,879,563,-24.99%
IMM,Maple Munchies Intermediate,4850.85,26.653,186.57,808.48,2886.64,32.074,224.52,962.21,1083.27,34.944,244.61,1083.27,56,2025-10-14,2026-04-07,IMM,MF - Intermediate,Maple Munchies Intermediate,951,808,962,"1,083",13.87%
PBMFBKCHOCSM,Printed Bag with Label - Chocolate BUCKIES SML (350g),4772,26.22,183.54,795.33,3069,34.1,238.7,1023,1593,51.387,359.71,1593,11,2025-11-03,2026-04-09,PBMFBKCHOCSM,MF - Packaging (Printed Bags),Printed Bag with Label - Chocolate BUCKIES SML (350g),"1,137",795,"1,023","1,593",40.09%
LMFBRAZNME,Label - Brazil Nuts MED (325g),4754,26.121,182.85,792.33,2903,32.256,225.79,967.67,1095,35.323,247.26,1095,8,2025-10-31,2026-04-02,LMFBRAZNME,LP Labels (MED),Label - Brazil Nuts MED (325g),952,792,968,"1,095",15.06%
LMFTURMESM,Label - Turmeric SML (150g),4512,24.791,173.54,752.00,3325,36.944,258.61,1108.33,1177,37.968,265.77,1177,7,2025-11-12,2026-04-01,LMFTURMESM,LP Labels (SML),Label - Turmeric SML (150g),"1,012",752,"1,108","1,177",16.25%
ABCTCO,Coconut Thin Chip - Organic,4462.77,24.521,171.65,743.80,2881.83,32.02,224.14,960.61,1047.62,33.794,236.56,1047.62,92,2025-10-20,2026-04-10,ABCTCO,MF - Ingredients,Coconut Thin Chip - Organic,917,744,961,"1,048",14.20%
LMFCINNPSM,Label - Cinnamon SML (120g),4422,24.297,170.08,737.00,4422,49.133,343.93,1474,503,16.226,113.58,503,7,2026-01-14,2026-04-07,LMFCINNPSM,LP Labels (SML),Label - Cinnamon SML (120g),989,737,"1,474",503,-49.11%
IGC,Cacao Granola Intermediate,4377.8,24.054,168.38,729.63,2614.35,29.048,203.34,871.45,970.2,31.297,219.08,970.2,51,2025-10-13,2026-04-01,IGC,MF - Intermediate,Cacao Granola Intermediate,857,730,871,970,13.20%
LMFBEETPSM,Label - Beetroot Powder SML (150g),4224,23.209,162.46,704.00,1889,20.989,146.92,629.67,946,30.516,213.61,946,8,2025-10-31,2026-04-08,LMFBEETPSM,LP Labels (SML),Label - Beetroot Powder SML (150g),760,704,630,946,24.49%
IAB,Buckwheat Intermediate,4206.82,23.114,161.80,701.14,3046.21,33.847,236.93,1015.4,1424.42,45.949,321.64,1424.42,68,2025-10-13,2026-04-09,IAB,MF - Intermediate,Buckwheat Intermediate,"1,047",701,"1,015","1,424",36.05%
LMFPECANME,Label - Pecans MED (220g),4193,23.038,161.27,698.83,2082,23.133,161.93,694,794,25.613,179.29,794,8,2025-10-21,2026-03-27,LMFPECANME,LP Labels (MED),Label - Pecans MED (220g),729,699,694,794,8.92%
LSDREDLOSM,Label - Red Longevity SML (150g),4130,22.692,158.85,688.33,2212,24.578,172.04,737.33,1106,35.677,249.74,1106,7,2025-11-10,2026-04-08,LSDREDLOSM,LP Labels (Stardust),Label - Red Longevity SML (150g),844,688,737,"1,106",31.06%
PECANS,Pecans Raw (Organic),4046.75,22.235,155.64,674.46,2595.75,28.842,201.89,865.25,918.5,29.629,207.4,918.5,28,2025-10-29,2026-04-10,PECANS,MF - Ingredients,Pecans Raw (Organic),819,674,865,919,12.09%
PACKAGING10020,Packaging Assembly Made by Tamara,4043,22.214,155.50,673.83,0,0,0,0,0,0,0,0,52,2025-10-14,2025-12-05,PACKAGING10020,Staff & Labour,Packaging Assembly Made by Tamara,337,674,0,0,-100.00%
LSDCACAOSM,Label - Cacao Energise SML (120g),4010,22.033,154.23,668.33,2187,24.3,170.1,729,1128,36.387,254.71,1128,9,2025-11-06,2026-03-31,LSDCACAOSM,LP Labels (Stardust),Label - Cacao Energise SML (120g),842,668,729,"1,128",34.00%
LMFWALNULG,Label - Walnuts LRG (400g),3880,21.319,149.23,646.67,2702,30.022,210.16,900.67,830,26.774,187.42,830,11,2025-11-12,2026-03-31,LMFWALNULG,LP Labels (LRG),Label - Walnuts LRG (400g),792,647,901,830,4.74%
M6FOAM,MED BOX Foam Block - 165X256(1000) EPE 6MM,3768.89,20.708,144.96,628.15,3768.89,41.877,293.14,1256.3,1903.56,61.405,429.84,1903.56,55,2026-02-26,2026-04-10,M6FOAM,,MED BOX Foam Block - 165X256(1000) EPE 6MM,"1,580",628,"1,256","1,904",20.48%
IABR,Brazil Nuts Intermediate,3671.11,20.171,141.20,611.85,2447.66,27.196,190.37,815.89,599.95,19.353,135.47,599.95,40,2025-10-31,2026-04-10,IABR,MF - Intermediate,Brazil Nuts Intermediate,676,612,816,600,-11.24%
RAWCASH,Cashew Raw,3669.68,20.163,141.14,611.61,2020.2,22.447,157.13,673.4,320,10.323,72.26,320,21,2025-10-21,2026-04-09,RAWCASH,MF - Ingredients,Cashew Raw,535,612,673,320,-40.19%
LSDBLUEISM,Label - Blue Immunity SML (140g),3579,19.665,137.65,596.50,2246,24.956,174.69,748.67,1428,46.065,322.45,1428,5,2025-11-28,2026-04-09,LSDBLUEISM,LP Labels (Stardust),Label - Blue Immunity SML (140g),924,597,749,"1,428",54.48%
LMFMAPLESM,Label - Maple Munchies SML (100g),3567,19.599,137.19,594.50,2309,25.656,179.59,769.67,728,23.484,164.39,728,7,2025-10-14,2026-03-24,LMFMAPLESM,LP Labels (SML),Label - Maple Munchies SML (100g),697,595,770,728,4.39%
LMFCHILBME,Label - Chillax Brew Tea MED (60g),3458,19,133.00,576.33,2329,25.878,181.14,776.33,1026,33.097,231.68,1026,8,2025-11-12,2026-03-28,LMFCHILBME,LP Labels (MED),Label - Chillax Brew Tea MED (60g),793,576,776,"1,026",29.40%
LMFCELTSSM,Label - Celtic Sea Salt (Course) SML  (300g),3428,18.835,131.85,571.33,1818,20.2,141.4,606,690,22.258,155.81,690,6,2025-11-11,2026-03-17,LMFCELTSSM,LP Labels (SML),Label - Celtic Sea Salt (Course) SML  (300g),622,571,606,690,10.85%
JARAMBER,Amber Jar,3347,18.39,128.73,557.83,2101,23.344,163.41,700.33,462,14.903,104.32,462,20,2025-10-23,2026-04-07,JARAMBER,MF - Packaging,Amber Jar,573,558,700,462,-19.43%
LIDAMBER,Lid Amber,3347,18.39,128.73,557.83,2101,23.344,163.41,700.33,462,14.903,104.32,462,20,2025-10-23,2026-04-07,LIDAMBER,MF - Packaging,Lid Amber,573,558,700,462,-19.43%
PBMFBKBRYSM,Printed Bag with Label - Berry BUCKIES SML (350g),3339,18.346,128.42,556.50,2050,22.778,159.44,683.33,550,17.742,124.19,550,8,2025-11-11,2026-04-09,PBMFBKBRYSM,MF - Packaging (Printed Bags),Printed Bag with Label - Berry BUCKIES SML (350g),597,557,683,550,-7.81%
LMFTERIMME,Label - Teriyaki Munchies MED (220g),3326,18.275,127.92,554.33,3014,33.489,234.42,1004.67,1087,35.065,245.45,1087,6,2025-12-01,2026-04-10,LMFTERIMME,LP Labels (MED),Label - Teriyaki Munchies MED (220g),882,554,"1,005","1,087",23.24%
CACPOW,Cacao Powder - Organic,3277.85,18.01,126.07,546.31,2070.22,23.002,161.02,690.07,726.8,23.445,164.12,726.8,105,2025-10-22,2026-04-10,CACPOW,MF - Ingredients,Cacao Powder - Organic,654,546,690,727,11.06%
LMFEROLVLG,Label - Eros LRG (400g),3198,17.571,123.00,533.00,2235,24.833,173.83,745,923,29.774,208.42,923,7,2025-11-11,2026-03-27,LMFEROLVLG,LP Labels (LRG),Label - Eros LRG (400g),734,533,745,923,25.81%
LMFTUMMTME,Label - Tummy Tea MED (120g),3176,17.451,122.15,529.33,2070,23,161,690,942,30.387,212.71,942,9,2025-11-05,2026-03-31,LMFTUMMTME,LP Labels (MED),Label - Tummy Tea MED (120g),720,529,690,942,30.75%
LMFCASHEME,Label - Cashews MED (260g),3162,17.374,121.62,527.00,1798,19.978,139.84,599.33,693,22.355,156.48,693,6,2025-11-10,2026-04-07,LMFCASHEME,LP Labels (MED),Label - Cashews MED (260g),606,527,599,693,14.27%
LMFPEPITME,Label - Pepitas MED (300g),3091,16.984,118.88,515.17,2398,26.644,186.51,799.33,695,22.419,156.94,695,7,2025-12-11,2026-03-30,LMFPEPITME,LP Labels (MED),Label - Pepitas MED (300g),670,515,799,695,3.76%
LMFCACAPME,Label - Cacao Powder MED (260g),3042,16.714,117.00,507.00,1782,19.8,138.6,594,429,13.839,96.87,429,6,2025-11-14,2026-04-02,LMFCACAPME,LP Labels (MED),Label - Cacao Powder MED (260g),510,507,594,429,-15.88%
BOX1KG,Box - 1kg Bulk,3027.5,16.635,116.44,504.58,1830.24,20.336,142.35,610.08,479.17,15.457,108.2,479.17,276,2025-10-13,2026-04-10,BOX1KG,MF - Packaging,Box - 1kg Bulk,531,505,610,479,-9.81%
LMFMAPLELG,Label - Maple Munchies LRG (420g),2995,16.456,115.19,499.17,1825,20.278,141.94,608.33,499,16.097,112.68,499,10,2025-11-04,2026-03-28,LMFMAPLELG,LP Labels (LRG),Label - Maple Munchies LRG (420g),536,499,608,499,-6.82%
KITCHEN000,Kitchen Assembly Made by Staff,2972,16.33,114.31,495.33,2685,29.833,208.83,895,840,27.097,189.68,840,34,2025-10-20,2026-03-20,KITCHEN000,Staff & Labour,Kitchen Assembly Made by Staff,743,495,895,840,12.99%
LMFKBBQMME,Label - Korean BBQ MED (220g),2892,15.89,111.23,482.00,2096,23.289,163.02,698.67,631,20.355,142.48,631,4,2025-11-17,2026-03-17,LMFKBBQMME,LP Labels (MED),Label - Korean BBQ MED (220g),604,482,699,631,4.49%
LMFSEEDMME,Label - Seed Mix MED (330g),2853,15.676,109.73,475.50,2030,22.556,157.89,676.67,794,25.613,179.29,794,8,2025-11-14,2026-03-25,LMFSEEDMME,LP Labels (MED),Label - Seed Mix MED (330g),649,476,677,794,22.39%
LMFMIXENSM,Label - Mixed Nuts SML (120g),2764,15.187,106.31,460.67,1317,14.633,102.43,439,312,10.065,70.45,312,6,2025-10-27,2026-03-16,LMFMIXENSM,LP Labels (SML),Label - Mixed Nuts SML (120g),404,461,439,312,-22.75%
LMFCHOCLLG,Label - Chocolate Clusters LRG (350g),2735,15.027,105.19,455.83,1750,19.444,136.11,583.33,484,15.613,109.29,484,8,2025-11-13,2026-04-10,LMFCHOCLLG,LP Labels (LRG),Label - Chocolate Clusters LRG (350g),508,456,583,484,-4.67%
PACKAGING10021,Packaging Assembly Made by Jon,2723,14.962,104.73,453.83,0,0,0,0,0,0,0,0,24,2025-10-17,2025-11-18,PACKAGING10021,Staff & Labour,Packaging Assembly Made by Jon,227,454,0,0,-100.00%
IAPC,Pecans Intermediate,2708.2,14.88,104.16,451.37,1722.12,19.135,133.94,574.04,637.12,20.552,143.87,637.12,48,2025-10-16,2026-04-10,IAPC,MF - Intermediate,Pecans Intermediate,554,451,574,637,14.97%
KITCHEN013,Kitchen Assembly Made by Angus,2700,14.835,103.85,450.00,2235,24.833,173.83,745,0,0,0,0,34,2025-12-23,2026-02-27,KITCHEN013,Staff & Labour,Kitchen Assembly Made by Angus,598,450,745,0,-100.00%
ABSKO,Sunflower Kernels - Organic,2684.4,14.749,103.25,447.40,1837,20.411,142.88,612.33,937.5,30.242,211.69,937.5,19,2025-11-26,2026-04-08,ABSKO,MF - Ingredients,Sunflower Kernels - Organic,666,447,612,938,40.82%
BAGLARGE,Large Bag 1KG,2662,14.626,102.38,443.67,1463,16.256,113.79,487.67,235,7.581,53.06,235,60,2025-10-13,2026-04-07,BAGLARGE,MF - Packaging,Large Bag 1KG,389,444,488,235,-39.55%
LMFROSEPSM,Label - Organic Rose Petals SML (15g),2587,14.214,99.50,431.17,1528,16.978,118.84,509.33,564,18.194,127.35,564,8,2025-11-18,2026-03-30,LMFROSEPSM,LP Labels (SML),Label - Organic Rose Petals SML (15g),502,431,509,564,12.46%
SWAFSBP,Beetroot Powder  - SWITCH,2469.33,13.568,94.97,411.55,1383.9,15.377,107.64,461.3,591.22,19.072,133.5,591.22,22,2025-10-23,2026-04-10,SWAFSBP,MF - Ingredients,Beetroot Powder  - SWITCH,488,412,461,591,21.15%
IAS,Sunflower Seeds Intermediate,2447.39,13.447,94.13,407.90,1607.11,17.857,125,535.7,721.02,23.259,162.81,721.02,50,2025-11-05,2026-04-09,IAS,MF - Intermediate,Sunflower Seeds Intermediate,555,408,536,721,29.94%
W450CASH,Cashew Raw W450,2435.7,13.383,93.68,405.95,1400,15.556,108.89,466.67,460,14.839,103.87,460,12,2025-10-29,2026-03-23,W450CASH,MF - Ingredients,Cashew Raw W450,444,406,467,460,3.56%
LMFRASFDME,Label - Raspberries MED (40g),2401,13.192,92.35,400.17,1890,21,147,630,562,18.129,126.9,562,6,2025-10-29,2026-04-09,LMFRASFDME,LP Labels (MED),Label - Raspberries MED (40g),531,400,630,562,5.89%
LMFCINNPME,Label - Cinnamon MED (240g),2395,13.159,92.12,399.17,2395,26.611,186.28,798.33,656,21.161,148.13,656,4,2026-01-14,2026-03-30,LMFCINNPME,LP Labels (MED),Label - Cinnamon MED (240g),727,399,798,656,-9.79%
LMFKELPMSM,Label - Tasmanian Kelp Meal SML (180g),2365,12.995,90.96,394.17,1688,18.756,131.29,562.67,897,28.935,202.55,897,4,2025-11-25,2026-03-31,LMFKELPMSM,LP Labels (SML),Label - Tasmanian Kelp Meal SML (180g),618,394,563,897,45.16%
PACKAGING10027,Packaging Assembly Made by Nigel,2341,12.863,90.04,390.17,2341,26.011,182.08,780.33,2341,75.516,528.61,2341,25,2026-03-25,2026-04-09,PACKAGING10027,Staff & Labour,Packaging Assembly Made by Nigel,"1,561",390,780,"2,341",50.00%
BAGSMALL,Small Bag (200g),2282,12.538,87.77,380.33,1860,20.667,144.67,620,740,23.871,167.1,740,10,2025-12-09,2026-04-08,BAGSMALL,MF - Packaging,Small Bag (200g),580,380,620,740,27.56%
PACKAGING004,Packaging Assembly Made by Taylor,2088.11,11.473,80.31,348.02,1711.11,19.012,133.09,570.37,323.11,10.423,72.96,323.11,56,2025-10-13,2026-04-01,PACKAGING004,Staff & Labour,Packaging Assembly Made by Taylor,414,348,570,323,-21.92%
LMFIMMUNME,Label - ImmuniTea MED (100g),2067.51,11.36,79.52,344.59,1000,11.111,77.78,333.33,454,14.645,102.52,454,4,2025-11-19,2026-04-01,LMFIMMUNME,LP Labels (MED),Label - ImmuniTea MED (100g),377,345,333,454,20.33%
IGE,Eros Granola Intermediate,2067.1,11.358,79.50,344.52,1373.7,15.263,106.84,457.9,518.3,16.719,117.04,518.3,26,2025-11-04,2026-04-08,IGE,MF - Intermediate,Eros Granola Intermediate,440,345,458,518,17.73%
IAC45O,Cashews 450 Intermediate,2065.45,11.349,79.44,344.24,1385.65,15.396,107.77,461.88,406.9,13.126,91.88,406.9,20,2025-11-11,2026-04-10,IAC45O,MF - Intermediate,Cashews 450 Intermediate,404,344,462,407,0.63%
ABPSO,Pepitas Styrian,1920,10.549,73.85,320.00,1272,14.133,98.93,424,480,15.484,108.39,480,12,2025-10-21,2026-04-08,ABPSO,MF - Ingredients,Pepitas Styrian,408,320,424,480,17.65%
LMFGINGGSM,Label - Ginger SML (90g),1919,10.544,73.81,319.83,1491,16.567,115.97,497,540,17.419,121.94,540,5,2025-11-25,2026-03-23,LMFGINGGSM,LP Labels (SML),Label - Ginger SML (90g),452,320,497,540,19.40%
LSDGREENSM,Label - Green Detoxify SML (120g),1902,10.451,73.15,317.00,540,6,42,180,0,0,0,0,3,2025-11-13,2026-02-23,LSDGREENSM,LP Labels (Stardust),Label - Green Detoxify SML (120g),249,317,180,0,-100.00%
IMS,Seed Mix Intermediate,1848.59,10.157,71.10,308.10,1238.14,13.757,96.3,412.71,488.06,15.744,110.21,488.06,30,2025-10-16,2026-04-10,IMS,MF - Intermediate,Seed Mix Intermediate,403,308,413,488,21.12%
ABWTPO5%,Turmeric Powder 5% (Organic),1833,10.071,70.50,305.50,1363.56,15.151,106.05,454.52,465.33,15.011,105.07,465.33,33,2025-11-06,2026-04-09,ABWTPO5%,MF - Ingredients,Turmeric Powder 5% (Organic),408,306,455,465,13.93%
LMFHIBISME,Label - Hibiscus MED (150g),1796,9.868,69.08,299.33,1364,15.156,106.09,454.67,550,17.742,124.19,550,5,2025-12-03,2026-03-20,LMFHIBISME,LP Labels (MED),Label - Hibiscus MED (150g),435,299,455,550,26.53%
LMFGOLDGLG,Label - Golden LRG (450g),1781,9.786,68.50,296.83,995,11.056,77.39,331.67,475,15.323,107.26,475,4,2025-11-17,2026-03-19,LMFGOLDGLG,LP Labels (LRG),Label - Golden LRG (450g),368,297,332,475,29.13%
LMFCARCLLG,Label - Caramel Clusters LRG (350g),1762,9.681,67.77,293.67,956,10.622,74.36,318.67,307,9.903,69.32,307,5,2025-11-03,2026-03-12,LMFCARCLLG,LP Labels (LRG),Label - Caramel Clusters LRG (350g),306,294,319,307,0.18%
PECANSB,Pecans Raw - B Grade,1756,9.648,67.54,292.67,1214,13.489,94.42,404.67,275,8.871,62.1,275,24,2025-10-20,2026-03-23,PECANSB,MF - Ingredients,Pecans Raw - B Grade,324,293,405,275,-15.15%
PACKAGING018,Packaging Assembly Made by Tom,1738,9.549,66.85,289.67,1738,19.311,135.18,579.33,388,12.516,87.61,388,19,2026-02-03,2026-03-13,PACKAGING018,Staff & Labour,Packaging Assembly Made by Tom,484,290,579,388,-19.78%
CELTICSALT,Celtic Salt - Course,1722.85,9.466,66.26,287.14,1060.7,11.786,82.5,353.57,213.5,6.887,48.21,213.5,22,2025-10-22,2026-03-26,CELTICSALT,MF - Ingredients,Celtic Salt - Course,285,287,354,214,-25.02%
PEPSEEDC,Pepitas B-Grade (Organic),1716.89,9.433,66.03,286.15,1155.56,12.84,89.88,385.19,383.31,12.365,86.55,383.31,69,2025-10-21,2026-04-09,PEPSEEDC,MF - Ingredients,Pepitas B-Grade (Organic),352,286,385,383,9.03%
IAC,Cashews Intermediate,1689.07,9.281,64.96,281.51,938.2,10.424,72.97,312.73,319.3,10.3,72.1,319.3,18,2025-10-15,2026-04-07,IAC,MF - Intermediate,Cashews Intermediate,305,282,313,319,4.86%
LMFSUNFSME,Label - Sunflower Seeds MED (250g),1675,9.203,64.42,279.17,1121,12.456,87.19,373.67,668,21.548,150.84,668,4,2025-11-26,2026-03-13,LMFSUNFSME,LP Labels (MED),Label - Sunflower Seeds MED (250g),440,279,374,668,51.72%
IAP,Pepitas Organic Intermediate,1657.19,9.105,63.74,276.20,1119.15,12.435,87.04,373.05,383.85,12.382,86.68,383.85,15,2025-11-05,2026-03-30,IAP,MF - Intermediate,Pepitas Organic Intermediate,344,276,373,384,11.47%
IABKBR,Berry Buckies Intermediate,1653.81,9.087,63.61,275.64,1104.5,12.272,85.91,368.17,192.5,6.21,43.47,192.5,12,2025-11-11,2026-04-09,IABKBR,MF - Intermediate,Berry Buckies Intermediate,279,276,368,193,-30.95%
MAPSYRO,Maple Syrup (Organic),1629.49,8.953,62.67,271.58,1115.44,12.394,86.76,371.81,276.37,8.915,62.41,276.37,39,2025-10-22,2026-04-01,MAPSYRO,MF - Ingredients,Maple Syrup (Organic),307,272,372,276,-9.86%
MPCMAC1,Macadamias,1614.51,8.871,62.10,269.08,1022.11,11.357,79.5,340.7,269.4,8.69,60.83,269.4,28,2025-10-13,2026-04-10,MPCMAC1,MF - Ingredients,Macadamias,293,269,341,269,-8.07%
IMT,Teriyaki Munchies Intermediate,1602.44,8.805,61.63,267.07,1134.8,12.609,88.26,378.27,318.19,10.264,71.85,318.19,25,2025-10-23,2026-04-10,IMT,MF - Intermediate,Teriyaki Munchies Intermediate,321,267,378,318,-0.93%
COCOSUG,Coconut Sugar (Organic),1590.45,8.739,61.17,265.07,921.83,10.243,71.7,307.28,376.88,12.157,85.1,376.88,50,2025-10-20,2026-04-09,COCOSUG,MF - Ingredients,Coconut Sugar (Organic),316,265,307,377,19.11%
LMFYUMMBME,Label - Yummy Beans MED (290g),1586,8.714,61.00,264.33,1118,12.422,86.96,372.67,554,17.871,125.1,554,3,2025-11-10,2026-03-19,LMFYUMMBME,LP Labels (MED),Label - Yummy Beans MED (290g),397,264,373,554,39.55%
LMFBRAZNSM,Label - Brazil Nuts SML (150g),1575,8.654,60.58,262.50,1150,12.778,89.44,383.33,348,11.226,78.58,348,5,2025-11-27,2026-03-25,LMFBRAZNSM,LP Labels (SML),Label - Brazil Nuts SML (150g),331,263,383,348,5.05%
LMFCACAPSM,Label - Cacao Powder SML (100g),1561,8.577,60.04,260.17,926,10.289,72.02,308.67,404,13.032,91.23,404,4,2025-11-18,2026-03-20,LMFCACAPSM,LP Labels (SML),Label - Cacao Powder SML (100g),324,260,309,404,24.58%
LMFCANIBSM,Label - Organic Cacao Nibs SML (120g),1548,8.505,59.54,258.00,811,9.011,63.08,270.33,411,13.258,92.81,411,4,2025-12-01,2026-04-01,LMFCANIBSM,LP Labels (SML),Label - Organic Cacao Nibs SML (120g),313,258,270,411,31.26%
LMFCHIASME,Label - Organic Chia Seeds MED (350g),1545,8.489,59.42,257.50,1493,16.589,116.12,497.67,306,9.871,69.1,306,5,2025-11-25,2026-03-24,LMFCHIASME,LP Labels (MED),Label - Organic Chia Seeds MED (350g),354,258,498,306,-13.49%
LMFBIRPBLG,Label - Birchia LRG (500g),1518,8.341,58.38,253.00,1264,14.044,98.31,421.33,471,15.194,106.35,471,4,2025-12-10,2026-03-24,LMFBIRPBLG,LP Labels (LRG),Label - Birchia LRG (500g),382,253,421,471,23.37%
LMFCELTSME,Label - Celtic Sea Salt (COURSE) MED (600g),1503,8.258,57.81,250.50,977,10.856,75.99,325.67,60,1.935,13.55,60,6,2025-12-02,2026-03-26,LMFCELTSME,LP Labels (MED),Label - Celtic Sea Salt (COURSE) MED (600g),212,251,326,60,-71.71%
LMFCHILBSM,Label - Chillax Brew Tea SML (30g),1498,8.231,57.62,249.67,800,8.889,62.22,266.67,413,13.323,93.26,413,4,2025-11-10,2026-03-24,LMFCHILBSM,LP Labels (SML),Label - Chillax Brew Tea SML (30g),310,250,267,413,33.32%
LMFTERIMSM,Label - Teriyaki Munchies SML (90g),1490.29,8.188,57.32,248.38,1023,11.367,79.57,341,660,21.29,149.03,660,5,2025-11-20,2026-03-19,LMFTERIMSM,LP Labels (SML),Label - Teriyaki Munchies SML (90g),416,248,341,660,58.48%
LSDPCHOCLG,Label - Chocolate Plant Protein LRG (450g),1485,8.159,57.12,247.50,947,10.522,73.66,315.67,444,14.323,100.26,444,5,2025-10-28,2026-03-27,LSDPCHOCLG,LP Labels (Stardust Protein),Label - Chocolate Plant Protein LRG (450g),336,248,316,444,32.25%
LMFLOTUSME,Label - Blue Lotus Flowers MED - Organic 20g,1481,8.137,56.96,246.83,1006,11.178,78.24,335.33,382,12.323,86.26,382,6,2025-10-21,2026-03-28,LMFLOTUSME,LP Labels (MED),Label - Blue Lotus Flowers MED - Organic 20g,321,247,335,382,18.86%
LMFDMTEAME,Label - DMTea MED (130g),1476,8.11,56.77,246.00,809,8.989,62.92,269.67,556,17.935,125.55,556,5,2025-11-19,2026-03-28,LMFDMTEAME,LP Labels (MED),Label - DMTea MED (130g),357,246,270,556,55.64%
LMFCHAMOME,Label - Chamomile MED (60g),1462,8.033,56.23,243.67,1131,12.567,87.97,377,546,17.613,123.29,546,7,2025-12-03,2026-04-09,LMFCHAMOME,LP Labels (MED),Label - Chamomile MED (60g),389,244,377,546,40.40%
LMFWALNUSM,Label - Walnuts SML (90g),1455,7.995,55.96,242.50,890,9.889,69.22,296.67,286,9.226,64.58,286,5,2025-11-21,2026-03-26,LMFWALNUSM,LP Labels (SML),Label - Walnuts SML (90g),275,243,297,286,3.98%
LMFALMONLG,Label - Almonds LRG (500g),1412,7.758,54.31,235.33,993,11.033,77.23,331,0,0,0,0,4,2025-11-25,2026-03-11,LMFALMONLG,LP Labels (LRG),Label - Almonds LRG (500g),283,235,331,0,-100.00%
ICC,Chocolate Cluster Intermediate,1398.95,7.687,53.81,233.16,941.2,10.458,73.2,313.73,241.2,7.781,54.46,241.2,23,2025-11-13,2026-04-10,ICC,MF - Intermediate,Chocolate Cluster Intermediate,263,233,314,241,-8.18%
ISY,Star Dust Yellow Intermediate,1390.24,7.639,53.47,231.71,851.16,9.457,66.2,283.72,352.76,11.379,79.66,352.76,27,2025-10-14,2026-04-10,ISY,MF - Intermediate,Star Dust Yellow Intermediate,289,232,284,353,21.89%
LMFASHWPSM,Label - Ashwagandha Powder SML (125g),1364,7.495,52.46,227.33,768,8.533,59.73,256,372,12,84,372,7,2025-11-17,2026-03-30,LMFASHWPSM,LP Labels (SML),Label - Ashwagandha Powder SML (125g),285,227,256,372,30.48%
PACKAGING10028,Packaging Assembly Made by Shani,1335,7.335,51.35,222.50,1335,14.833,103.83,445,1335,43.065,301.45,1335,11,2026-03-31,2026-04-09,PACKAGING10028,Staff & Labour,Packaging Assembly Made by Shani,890,223,445,"1,335",50.00%
PBMFTAMARSM,Printed Bag with Label - Tamari Almonds - Organic & Activated 300g,1317,7.236,50.65,219.50,540,6,42,180,0,0,0,0,3,2025-12-03,2026-03-06,PBMFTAMARSM,MF - Packaging (Printed Bags),Printed Bag with Label - Tamari Almonds - Organic & Activated 300g,200,220,180,0,-100.00%
LMFBRAZNLG,Label - Brazil Nuts LRG (600g),1251,6.874,48.12,208.50,891,9.9,69.3,297,0,0,0,0,4,2025-11-24,2026-03-11,LMFBRAZNLG,LP Labels (LRG),Label - Brazil Nuts LRG (600g),253,209,297,0,-100.00%
IGB,Birchia Granola Intermediate,1240.12,6.814,47.70,206.69,809.72,8.997,62.98,269.91,247.5,7.984,55.89,247.5,15,2025-10-28,2026-03-24,IGB,MF - Intermediate,Birchia Granola Intermediate,241,207,270,248,2.54%
LMFTURMEME,Label - Turmeric MED (300g),1229,6.753,47.27,204.83,982,10.911,76.38,327.33,0,0,0,0,4,2025-12-03,2026-03-11,LMFTURMEME,LP Labels (MED),Label - Turmeric MED (300g),266,205,327,0,-100.00%
GBPIS,Pistachio - Whole Kernel,1228.04,6.747,47.23,204.67,308.04,3.423,23.96,102.68,45.36,1.463,10.24,45.36,13,2025-10-20,2026-04-02,GBPIS,MF - Ingredients,Pistachio - Whole Kernel,118,205,103,45,-61.42%
IRMAC,Macadamia Roasted with Maple Cinnamon,1199.25,6.589,46.13,199.88,477.62,5.307,37.15,159.21,0,0,0,0,9,2025-10-16,2026-02-11,IRMAC,MF - Intermediate,Macadamia Roasted with Maple Cinnamon,180,200,159,0,-100.00%
PACKAGING020,Packaging Assembly Made by Kris,1196,6.571,46.00,199.33,1196,13.289,93.02,398.67,0,0,0,0,18,2026-01-20,2026-01-22,PACKAGING020,Staff & Labour,Packaging Assembly Made by Kris,299,199,399,0,-100.00%
LMFHAZELME,Label - Hazelnuts MED (250g),1189,6.533,45.73,198.17,1055,11.722,82.06,351.67,319,10.29,72.03,319,4,2025-11-11,2026-04-10,LMFHAZELME,LP Labels (MED),Label - Hazelnuts MED (250g),290,198,352,319,10.15%
LSDPORIGLG,Label - Original Plant Protein LRG (380g),1163,6.39,44.73,193.83,926,10.289,72.02,308.67,342,11.032,77.23,342,5,2025-12-08,2026-03-12,LSDPORIGLG,LP Labels (Stardust Protein),Label - Original Plant Protein LRG (380g),282,194,309,342,21.49%
IGG,Golden Granola Intermediate,1161.2,6.38,44.66,193.53,697.5,7.75,54.25,232.5,279.75,9.024,63.17,279.75,15,2025-10-14,2026-04-09,IGG,MF - Intermediate,Golden Granola Intermediate,235,194,233,280,18.91%
IRPIS,Pistachio - Coconut Roasted,1159.79,6.372,44.61,193.30,273.18,3.035,21.25,91.06,0,0,0,0,8,2025-10-27,2026-03-04,IRPIS,MF - Intermediate,Pistachio - Coconut Roasted,142,193,91,0,-100.00%
CHIASEEDS,Chia Seeds - Black (Organic),1158.52,6.365,44.56,193.09,992.06,11.023,77.16,330.69,346.87,11.189,78.32,346.87,29,2025-11-05,2026-04-01,CHIASEEDS,MF - Ingredients,Chia Seeds - Black (Organic),290,193,331,347,19.52%
LMFPEPITLG,Label - Pepitas LRG (600g),1149,6.313,44.19,191.50,651,7.233,50.63,217,307,9.903,69.32,307,5,2025-11-05,2026-03-30,LMFPEPITLG,LP Labels (LRG),Label - Pepitas LRG (600g),239,192,217,307,28.72%
PBMFCACBPSM,Printed Bag with Label - Cacao Brain Power SML (200g),1141,6.269,43.88,190.17,973,10.811,75.68,324.33,323,10.419,72.94,323,4,2025-12-11,2026-03-12,PBMFCACBPSM,MF - Packaging (Printed Bags),Printed Bag with Label - Cacao Brain Power SML (200g),279,190,324,323,15.70%
LMFBUCKWLG,Label - Buckwheat LRG (680g),1127,6.192,43.35,187.83,1069,11.878,83.14,356.33,310,10,70,310,7,2025-10-13,2026-04-08,LMFBUCKWLG,LP Labels (LRG),Label - Buckwheat LRG (680g),285,188,356,310,8.88%
PHYTCINN,Cinnamon Powder (Organic),1124.49,6.179,43.25,187.41,1124.49,12.494,87.46,374.83,237.07,7.647,53.53,237.07,18,2026-01-14,2026-04-07,PHYTCINN,MF - Ingredients,Cinnamon Powder (Organic),306,187,375,237,-22.51%
LMFTUMMTSM,Label - Tummy Tea SML (60g),1122,6.165,43.15,187.00,586,6.511,45.58,195.33,258,8.323,58.26,258,5,2025-11-04,2026-03-31,LMFTUMMTSM,LP Labels (SML),Label - Tummy Tea SML (60g),213,187,195,258,20.88%
IABKCL,Buckies Caramelised Intermediate,1119.2,6.149,43.05,186.53,660.4,7.338,51.36,220.13,396.8,12.8,89.6,396.8,9,2025-10-17,2026-04-08,IABKCL,MF - Intermediate,Buckies Caramelised Intermediate,268,187,220,397,48.16%
LMFPEPPEME,Label - Peppermint MED (60g),1091,5.995,41.96,181.83,719,7.989,55.92,239.67,289,9.323,65.26,289,7,2025-11-06,2026-03-17,LMFPEPPEME,LP Labels (MED),Label - Peppermint MED (60g),237,182,240,289,22.03%
LMFCANIBME,Label - Organic Cacao Nibs MED (280g),1089,5.984,41.88,181.50,491,5.456,38.19,163.67,100,3.226,22.58,100,5,2025-11-13,2026-04-01,LMFCANIBME,LP Labels (MED),Label - Organic Cacao Nibs MED (280g),148,182,164,100,-32.61%
LMFKELPMME,Label - Tasmanian Kelp Meal MED (380g),1081,5.94,41.58,180.17,850,9.444,66.11,283.33,482,15.548,108.84,482,4,2025-12-15,2026-03-20,LMFKELPMME,LP Labels (MED),Label - Tasmanian Kelp Meal MED (380g),315,180,283,482,52.93%
ABWAIF,Almonds ABW Insecticide Free (ABW),1080,5.934,41.54,180.00,710,7.889,55.22,236.67,0,0,0,0,3,2025-12-04,2026-02-23,ABWAIF,MF - Ingredients,Almonds ABW Insecticide Free (ABW),208,180,237,0,-100.00%
IABWAIF,Almonds ACTIVATED Insecticide Free Intermediate (ABW),1043.82,5.735,40.15,173.97,683.15,7.591,53.13,227.72,0,0,0,0,3,2025-12-08,2026-02-24,IABWAIF,MF - Intermediate,Almonds ACTIVATED Insecticide Free Intermediate (ABW),201,174,228,0,-100.00%
IRPLOCO,Pecans Roasted with Maple Cinnamon Intermediate,1039.83,5.713,39.99,173.30,609.89,6.777,47.44,203.3,172.3,5.558,38.91,172.3,13,2025-10-20,2026-04-02,IRPLOCO,MF - Intermediate,Pecans Roasted with Maple Cinnamon Intermediate,183,173,203,172,-5.83%
ABHRO,Hazelnuts Raw (Organic),1025,5.632,39.42,170.83,737.5,8.194,57.36,245.83,112.5,3.629,25.4,112.5,9,2025-10-20,2026-03-30,ABHRO,MF - Ingredients,Hazelnuts Raw (Organic),176,171,246,113,-36.22%
LMFMACAPSM,Label - Organic Maca Powder SML (180g),1010,5.549,38.85,168.33,812,9.022,63.16,270.67,364,11.742,82.19,364,4,2025-12-02,2026-04-07,LMFMACAPSM,LP Labels (SML),Label - Organic Maca Powder SML (180g),268,168,271,364,35.99%
PBMFWILDCSM,Printed Bag with Label - Wildfire Cashews - Organic & Activated 300g,1008,5.538,38.77,168.00,359,3.989,27.92,119.67,0,0,0,0,3,2025-11-18,2026-02-10,PBMFWILDCSM,MF - Packaging (Printed Bags),Printed Bag with Label - Wildfire Cashews - Organic & Activated 300g,144,168,120,0,-100.00%
LMFMORINSM,Label - Moringa Powder SML - Organic 105g,967,5.313,37.19,161.17,638,7.089,49.62,212.67,192,6.194,43.35,192,6,2025-10-24,2026-03-30,LMFMORINSM,LP Labels (SML),Label - Moringa Powder SML - Organic 105g,189,161,213,192,1.80%
LMFBLUBUSM,Label - Blue Butterfly Pea Flowers SML - Organic 25g,962,5.286,37.00,160.33,684,7.6,53.2,228,0,0,0,0,4,2025-12-04,2026-02-27,LMFBLUBUSM,LP Labels (SML),Label - Blue Butterfly Pea Flowers SML - Organic 25g,194,160,228,0,-100.00%
ABCNO,Cacao Nibs (Organic),952,5.231,36.62,158.67,520.63,5.785,40.49,173.54,222.83,7.188,50.32,222.83,68,2025-10-22,2026-04-08,ABCNO,MF - Ingredients,Cacao Nibs (Organic),185,159,174,223,20.44%
LMFPAPRSSM,Label - Organic Paprika (Smoked) SML (120g),945,5.192,36.35,157.50,831,9.233,64.63,277,235,7.581,53.06,235,5,2025-12-15,2026-03-20,LMFPAPRSSM,LP Labels (SML),Label - Organic Paprika (Smoked) SML (120g),223,158,277,235,5.30%
LMFTAMARME,Label - Tamari Almonds - Organic & Activated 250g,936,5.143,36.00,156.00,0,0,0,0,0,0,0,0,1,2025-12-04,2025-12-04,LMFTAMARME,LP Labels (MED),Label - Tamari Almonds - Organic & Activated 250g,78,156,0,0,-100.00%
LMFLOTUSSM,Label - Blue Lotus Flowers SML - Organic 12g,934,5.132,35.92,155.67,934,10.378,72.64,311.33,358,11.548,80.84,358,4,2026-02-18,2026-03-17,LMFLOTUSSM,LP Labels (SML),Label - Blue Lotus Flowers SML - Organic 12g,335,156,311,358,6.97%
TKELP,Kelp,928.22,5.1,35.70,154.70,665.44,7.394,51.76,221.81,364.62,11.762,82.33,364.62,17,2025-10-16,2026-04-07,TKELP,MF - Ingredients,Kelp,247,155,222,365,47.59%
ISPO,Protein Powder Original Intermediate,924.84,5.082,35.57,154.14,612.18,6.802,47.61,204.06,308.46,9.95,69.65,308.46,21,2025-10-20,2026-04-10,ISPO,MF - Intermediate,Protein Powder Original Intermediate,222,154,204,308,38.81%
ISTA,Tamari Almonds - Intermediate,924.6,5.08,35.56,154.10,162,1.8,12.6,54,0,0,0,0,5,2025-12-03,2026-03-06,ISTA,MF - Intermediate,Tamari Almonds - Intermediate,104,154,54,0,-100.00%
IMK,Korean BBQ Intermediate,918.12,5.045,35.31,153.02,652.82,7.254,50.77,217.61,190.82,6.155,43.09,190.82,17,2025-10-24,2026-03-17,IMK,MF - Intermediate,Korean BBQ Intermediate,187,153,218,191,1.96%
LMFSESASSM,Label - Sesame Seeds SML (140g),899,4.94,34.58,149.83,640,7.111,49.78,213.33,400,12.903,90.32,400,3,2025-12-02,2026-04-02,LMFSESASSM,LP Labels (SML),Label - Sesame Seeds SML (140g),254,150,213,400,57.24%
LMFALMONSM,Label - Almonds SML (120g),898,4.934,34.54,149.67,898,9.978,69.84,299.33,0,0,0,0,2,2026-01-19,2026-03-09,LMFALMONSM,LP Labels (SML),Label - Almonds SML (120g),225,150,299,0,-100.00%
PBMFCHOCLSM,Printed Bag with Label - Chocolate Clusters SML (200g),894,4.912,34.38,149.00,787,8.744,61.21,262.33,314,10.129,70.9,314,5,2025-11-13,2026-03-31,PBMFCHOCLSM,MF - Packaging (Printed Bags),Printed Bag with Label - Chocolate Clusters SML (200g),242,149,262,314,29.87%
LMFMATCHSM,Label - Ceremonial Matcha - Mindful Foods - SML 100g,894,4.912,34.38,149.00,603,6.7,46.9,201,0,0,0,0,3,2025-12-12,2026-02-12,LMFMATCHSM,LP Labels (Stardust),Label - Ceremonial Matcha - Mindful Foods - SML 100g,175,149,201,0,-100.00%
GREENLENTIL,Green Lentils Laird,883,4.852,33.96,147.17,475,5.278,36.94,158.33,175,5.645,39.52,175,19,2025-10-24,2026-04-01,GREENLENTIL,MF - Ingredients,Green Lentils Laird,160,147,158,175,9.26%
ICW,Caramel Cluster Intermediate,872.45,4.794,33.56,145.41,529.35,5.882,41.17,176.45,222.65,7.182,50.28,222.65,14,2025-11-03,2026-03-12,ICW,MF - Intermediate,Caramel Cluster Intermediate,182,145,176,223,22.67%
LMFWILDCME,Label - Wildfire Cashews - Organic & Activated 280g,871,4.786,33.50,145.17,590,6.556,45.89,196.67,0,0,0,0,2,2025-12-04,2026-03-06,LMFWILDCME,LP Labels (MED),Label - Wildfire Cashews - Organic & Activated 280g,171,145,197,0,-100.00%
LMFCASHELG,Label - Cashews LRG (520g),864,4.747,33.23,144.00,400,4.444,31.11,133.33,0,0,0,0,3,2025-11-26,2026-02-23,LMFCASHELG,LP Labels (LRG),Label - Cashews LRG (520g),139,144,133,0,-100.00%
ISWC,Wildfire Cashew Snack Intermediate,847.65,4.657,32.60,141.28,378.95,4.211,29.47,126.32,110,3.548,24.84,110,8,2025-11-18,2026-03-30,ISWC,MF - Intermediate,Wildfire Cashew Snack Intermediate,126,141,126,110,-12.61%
LMFMORINME,Label - Moringa Powder MED - Organic 210g,842,4.626,32.38,140.33,448,4.978,34.84,149.33,0,0,0,0,5,2025-10-30,2026-02-16,LMFMORINME,LP Labels (MED),Label - Moringa Powder MED - Organic 210g,145,140,149,0,-100.00%
LMFSLIPPSM,Label - Slippery Elm SML - Organic 90g,835,4.588,32.12,139.17,266,2.956,20.69,88.67,266,8.581,60.06,266,3,2025-11-17,2026-03-19,LMFSLIPPSM,LP Labels (SML),Label - Slippery Elm SML - Organic 90g,165,139,89,266,61.59%
LMFPECANLG,Label - Pecans LRG (420g),820,4.505,31.54,136.67,596,6.622,46.36,198.67,347,11.194,78.35,347,3,2025-11-26,2026-03-18,LMFPECANLG,LP Labels (LRG),Label - Pecans LRG (420g),227,137,199,347,52.56%
IRC,Red Coconut Intermediate,817.46,4.492,31.44,136.24,535.52,5.95,41.65,178.51,93.9,3.029,21.2,93.9,11,2025-11-26,2026-03-26,IRC,MF - Intermediate,Red Coconut Intermediate,136,136,179,94,-31.07%
LMFMIXENINFYME,Label - I'm Nuts For You MED (250g),810,4.451,31.15,135.00,454,5.044,35.31,151.33,156,5.032,35.23,156,4,2025-11-21,2026-03-16,LMFMIXENINFYME,LP Labels (MED),Label - I'm Nuts For You MED (250g),147,135,151,156,5.80%
LMFASHWPME,Label - Ashwagandha Powder MED (250g),789,4.335,30.35,131.50,517,5.744,40.21,172.33,208,6.71,46.97,208,3,2025-12-18,2026-03-26,LMFASHWPME,LP Labels (MED),Label - Ashwagandha Powder MED (250g),171,132,172,208,21.92%
LMFYEASTME,Label - Nutritional Yeast Flakes MED (140g),782,4.297,30.08,130.33,517,5.744,40.21,172.33,319,10.29,72.03,319,3,2025-12-16,2026-03-26,LMFYEASTME,LP Labels (MED),Label - Nutritional Yeast Flakes MED (140g),207,130,172,319,53.94%
ISR,Star Dust Red Intermediate,779.46,4.283,29.98,129.91,452.52,5.028,35.2,150.84,228.45,7.369,51.59,228.45,27,2025-10-20,2026-04-08,ISR,MF - Intermediate,Star Dust Red Intermediate,170,130,151,228,34.59%
LMFLBALMME,Label - Lemon Balm MED (40g),755,4.148,29.04,125.83,529,5.878,41.14,176.33,131,4.226,29.58,131,4,2025-12-16,2026-04-01,LMFLBALMME,LP Labels (MED),Label - Lemon Balm MED (40g),144,126,176,131,-9.27%
LMFBLCUMSM,Label - Black Cumin SML (120g),737,4.049,28.35,122.83,500,5.556,38.89,166.67,158,5.097,35.68,158,3,2025-12-24,2026-04-07,LMFBLCUMSM,LP Labels (SML),Label - Black Cumin SML (120g),149,123,167,158,5.92%
LMFCACAPLG,Label - Cacao Powder LRG - Organic 440g,733,4.027,28.19,122.17,497,5.522,38.66,165.67,200,6.452,45.16,200,4,2025-11-14,2026-03-19,LMFCACAPLG,LP Labels (LRG),Label - Cacao Powder LRG - Organic 440g,163,122,166,200,22.99%
LMFTERIMLG,Label - Teriyaki Munchies LRG (400g),714,3.923,27.46,119.00,300,3.333,23.33,100,0,0,0,0,4,2025-10-30,2026-03-03,LMFTERIMLG,LP Labels (LRG),Label - Teriyaki Munchies LRG (400g),110,119,100,0,-100.00%
LINSEEDRAW,Golden (FLAXSEED) Linseed (Organic),712.48,3.915,27.40,118.75,358,3.978,27.84,119.33,141.67,4.57,31.99,141.67,42,2025-11-05,2026-03-30,LINSEEDRAW,MF - Ingredients,Golden (FLAXSEED) Linseed (Organic),127,119,119,142,11.92%
LMFLEMMPSM,Label - Lemon Myrtle Powder SML (90g),708,3.89,27.23,118.00,515,5.722,40.06,171.67,101,3.258,22.81,101,4,2025-10-24,2026-04-09,LMFLEMMPSM,LP Labels (SML),Label - Lemon Myrtle Powder SML (90g),130,118,172,101,-22.44%
EAGRG,Ginger Root Ground,694.46,3.816,26.71,115.74,474.79,5.275,36.93,158.26,209.28,6.751,47.26,209.28,78,2025-11-05,2026-04-09,EAGRG,MF - Ingredients,Ginger Root Ground,161,116,158,209,29.91%
ISPCH,Protein Powder Chocolate Intermediate,692.05,3.802,26.62,115.34,442.35,4.915,34.41,147.45,197.2,6.361,44.53,197.2,8,2025-10-28,2026-03-27,ISPCH,MF - Intermediate,Protein Powder Chocolate Intermediate,153,115,147,197,28.61%
PBMFCARCLSM,Printed Bag with Label - Caramel Clusters SML (200g),686,3.769,26.38,114.33,686,7.622,53.36,228.67,486,15.677,109.74,486,2,2026-02-18,2026-03-12,PBMFCARCLSM,MF - Packaging (Printed Bags),Printed Bag with Label - Caramel Clusters SML (200g),357,114,229,486,36.01%
IABL,Green Lentils Intermediate,676.14,3.715,26.01,112.69,399.14,4.435,31.04,133.05,163.45,5.273,36.91,163.45,15,2025-11-05,2026-04-02,IABL,MF - Intermediate,Green Lentils Intermediate,136,113,133,163,19.83%
LMFMACAPME,Label - Organic Maca Powder MED (360g),661,3.632,25.42,110.17,425,4.722,33.06,141.67,146,4.71,32.97,146,4,2025-12-04,2026-03-23,LMFMACAPME,LP Labels (MED),Label - Organic Maca Powder MED (360g),133,110,142,146,10.09%
ABWPST,Pistachio Kernel Premium ACTIVATED (ABW),660,3.626,25.38,110.00,260,2.889,20.22,86.67,0,0,0,0,2,2025-11-14,2026-02-25,ABWPST,MF - Ingredients,Pistachio Kernel Premium ACTIVATED (ABW),98,110,87,0,-100.00%
LMFFIRESME,Label - Fire Starter Tea MED (80g),654,3.593,25.15,109.00,654,7.267,50.87,218,0,0,0,0,2,2026-01-15,2026-03-09,LMFFIRESME,LP Labels (MED),Label - Fire Starter Tea MED (80g),164,109,218,0,-100.00%
LMFCYNPEPSM,Label - Cayenne Pepper  SML (125g),649,3.566,24.96,108.17,445,4.944,34.61,148.33,0,0,0,0,3,2025-12-12,2026-03-02,LMFCYNPEPSM,LP Labels (SML),Label - Cayenne Pepper  SML (125g),128,108,148,0,-100.00%
IAPB,Pepitas Organic Intermediate B-GRADE,638.75,3.51,24.57,106.46,385,4.278,29.94,128.33,140,4.516,31.61,140,10,2025-11-05,2026-03-17,IAPB,MF - Intermediate,Pepitas Organic Intermediate B-GRADE,125,106,128,140,12.06%
ISBL,Star Dust Blue Intermediate,628.86,3.455,24.19,104.81,389.49,4.328,30.29,129.83,257.08,8.293,58.05,257.08,16,2025-10-28,2026-04-09,ISBL,MF - Ingredients,Star Dust Blue Intermediate,164,105,130,257,56.85%
ABRSORG,Rice Malt Syrup (Organic),624.01,3.429,24.00,104.00,420.61,4.673,32.71,140.2,125.04,4.033,28.23,125.04,27,2025-11-06,2026-04-09,ABRSORG,MF - Ingredients,Rice Malt Syrup (Organic),123,104,140,125,1.59%
IABWPST,Pistachio Kernel Premium ACTIVATED Intermediate (ABW),612.1,3.363,23.54,102.02,242.1,2.69,18.83,80.7,0,0,0,0,2,2025-11-14,2026-02-27,IABWPST,MF - Intermediate,Pistachio Kernel Premium ACTIVATED Intermediate (ABW),91,102,81,0,-100.00%
LFLIONMSM,Label - Lions Mane (100g),612,3.363,23.54,102.00,291,3.233,22.63,97,0,0,0,0,2,2025-12-04,2026-03-02,LFLIONMSM,LP Labels (Fungi),Label - Lions Mane (100g),100,102,97,0,-100.00%
B-RAWWALNUT,Walnuts B-Grade (Organic),606.63,3.333,23.33,101.11,0,0,0,0,0,0,0,0,5,2025-11-20,2025-12-08,B-RAWWALNUT,MF - Ingredients,Walnuts B-Grade (Organic),51,101,0,0,-100.00%
ABMRS4O,Macadamias Raw Style 4 ORGANIC,605.88,3.329,23.30,100.98,328.21,3.647,25.53,109.4,53.08,1.712,11.99,53.08,64,2025-11-04,2026-04-09,ABMRS4O,MF - Ingredients,Macadamias Raw Style 4 ORGANIC,88,101,109,53,-39.56%
IYB,Yummy Beans Intermediate,604.84,3.323,23.26,100.81,418.47,4.65,32.55,139.49,172.66,5.57,38.99,172.66,10,2025-11-10,2026-04-08,IYB,MF - Intermediate,Yummy Beans Intermediate,138,101,139,173,25.43%
LMFMACARME,Label - Raw Macadamias MED - Organic 260g,593,3.258,22.81,98.83,393,4.367,30.57,131,205,6.613,46.29,205,4,2025-12-03,2026-04-02,LMFMACARME,LP Labels (MED),Label - Raw Macadamias MED - Organic 260g,145,99,131,205,41.43%
LMFTAMARLG,Label - Tamari Almonds - Organic & Activated 500g,591,3.247,22.73,98.50,0,0,0,0,0,0,0,0,1,2025-12-23,2025-12-23,LMFTAMARLG,LP Labels (LRG),Label - Tamari Almonds - Organic & Activated 500g,49,99,0,0,-100.00%
LMFSEEDMLG,Label - Seed Mix LRG (650g),585,3.214,22.50,97.50,388,4.311,30.18,129.33,0,0,0,0,4,2025-12-10,2026-02-26,LMFSEEDMLG,LP Labels (LRG),Label - Seed Mix LRG (650g),113,98,129,0,-100.00%
ABCSCS,Cranberries Split (Organic) Cane Sugar,582.74,3.202,22.41,97.12,420.65,4.674,32.72,140.22,121.83,3.93,27.51,121.83,53,2025-10-22,2026-04-09,ABCSCS,MF - Ingredients,Cranberries Split (Organic) Cane Sugar,120,97,140,122,1.76%
ABBRSPPO,Brown Rice Protein Powder (Organic),567.25,3.117,21.82,94.54,329.75,3.664,25.65,109.92,132.75,4.282,29.98,132.75,9,2025-10-23,2026-04-10,ABBRSPPO,MF - Ingredients,Brown Rice Protein Powder (Organic),112,95,110,133,18.10%
ISBR,Star Dust Brown Intermediate,560.63,3.08,21.56,93.44,333.3,3.703,25.92,111.1,144.36,4.657,32.6,144.36,18,2025-11-06,2026-03-31,ISBR,MF - Intermediate,Star Dust Brown Intermediate,116,93,111,144,24.13%
SESAMESEED,Sesame Seeds (Organic),560.21,3.078,21.55,93.37,353.01,3.922,27.46,117.67,152.25,4.911,34.38,152.25,34,2025-10-20,2026-04-02,SESAMESEED,MF - Ingredients,Sesame Seeds (Organic),121,93,118,152,25.73%
PBMFBKCARASM,Printed Bag with Label - Caramel BUCKIES SML (400g),542,2.978,20.85,90.33,484,5.378,37.64,161.33,185,5.968,41.77,185,3,2025-12-11,2026-04-08,PBMFBKCARASM,MF - Packaging (Printed Bags),Printed Bag with Label - Caramel BUCKIES SML (400g),146,90,161,185,27.10%
PBMFEROLVSM,Printed Bag with Label - Eros SML (200g),535,2.94,20.58,89.17,535,5.944,41.61,178.33,71,2.29,16.03,71,2,2026-01-15,2026-03-27,PBMFEROLVSM,MF - Packaging (Printed Bags),Printed Bag with Label - Eros SML (200g),125,89,178,71,-43.05%
LMFKBBQMLG,Label - Korean BBQ LRG (400g),525,2.885,20.19,87.50,347,3.856,26.99,115.67,80,2.581,18.06,80,3,2025-12-01,2026-03-17,LMFKBBQMLG,LP Labels (LRG),Label - Korean BBQ LRG (400g),94,88,116,80,-15.25%
LSDRHODISM,Label - Rhodiola Rosea SML (120g),511,2.808,19.65,85.17,298,3.311,23.18,99.33,298,9.613,67.29,298,3,2025-12-19,2026-04-07,LSDRHODISM,LP Labels (Stardust),Label - Rhodiola Rosea SML (120g),161,85,99,298,85.28%
Currants,Currants,509.14,2.797,19.58,84.86,391.38,4.349,30.44,130.46,169.63,5.472,38.3,169.63,30,2025-10-22,2026-04-09,Currants,MF - Ingredients,Currants,128,85,130,170,32.20%
BUCKET10L,Bucket 10Lt,509,2.797,19.58,84.83,257,2.856,19.99,85.67,77,2.484,17.39,77,186,2025-10-13,2026-04-10,BUCKET10L,MF - Packaging,Bucket 10Lt,83,85,86,77,-6.67%
LIDBUCKET10L,Lid Bucket 10L,509,2.797,19.58,84.83,257,2.856,19.99,85.67,77,2.484,17.39,77,186,2025-10-13,2026-04-10,LIDBUCKET10L,MF - Packaging,Lid Bucket 10L,83,85,86,77,-6.67%
ABPPPO,Pea Protein Powder  (Organic),506,2.78,19.46,84.33,294,3.267,22.87,98,118,3.806,26.65,118,9,2025-10-23,2026-04-10,ABPPPO,MF - Ingredients,Pea Protein Powder  (Organic),100,84,98,118,17.87%
IAH,Hazelnuts Intermediate,504.77,2.773,19.41,84.13,361.75,4.019,28.14,120.58,79.75,2.573,18.01,79.75,14,2025-11-11,2026-04-10,IAH,MF - Intermediate,Hazelnuts Intermediate,95,84,121,80,-15.89%
ABWROAT,Oats Rolled (Stabilised Organic),499.01,2.742,19.19,83.17,335.99,3.733,26.13,112,92,2.968,20.77,92,26,2025-10-13,2026-04-09,ABWROAT,MF - Ingredients,Oats Rolled (Stabilised Organic),96,83,112,92,-3.89%
LMFMESQPSM,Label - Organic Mesquite SML (140g),493,2.709,18.96,82.17,304,3.378,23.64,101.33,0,0,0,0,3,2025-12-04,2026-03-09,LMFMESQPSM,LP Labels (SML),Label - Organic Mesquite SML (140g),92,82,101,0,-100.00%
LMFPECANSM,Label - Pecans SML (90g),492,2.703,18.92,82.00,319,3.544,24.81,106.33,0,0,0,0,2,2025-12-18,2026-02-02,LMFPECANSM,LP Labels (SML),Label - Pecans SML (90g),94,82,106,0,-100.00%
LMFSUNFSLG,Label - Sunflower Seeds LRG (500g),489,2.687,18.81,81.50,489,5.433,38.03,163,213,6.871,48.1,213,2,2026-01-12,2026-04-08,LMFSUNFSLG,LP Labels (LRG),Label - Sunflower Seeds LRG (500g),188,82,163,213,13.30%
ITT,Tummy Tea Intermediate,487.19,2.677,18.74,81.20,301.78,3.353,23.47,100.59,138.74,4.475,31.33,138.74,24,2025-10-15,2026-03-31,ITT,MF - Intermediate,Tummy Tea Intermediate,107,81,101,139,29.85%
AFMP,Organic Maca Powder,485.03,2.665,18.65,80.84,330.68,3.674,25.72,110.23,134.18,4.328,30.3,134.18,71,2025-10-21,2026-04-09,AFMP,MF - Ingredients,Organic Maca Powder,108,81,110,134,23.76%
LMFRASLFME,Label - Raspberry Leaf MED - Organic 50g,475,2.61,18.27,79.17,302,3.356,23.49,100.67,176,5.677,39.74,176,4,2025-11-20,2026-03-26,LMFRASLFME,LP Labels (MED),Label - Raspberry Leaf MED - Organic 50g,119,79,101,176,48.38%
IAWB,Walnuts B-Grade Intermediate,459.35,2.524,17.67,76.56,459.35,5.104,35.73,153.12,0,0,0,0,2,2026-02-18,2026-02-26,IAWB,MF - Intermediate,Walnuts B-Grade Intermediate,115,77,153,0,-100.00%
LMFCHERRME,Label - Cherries MED (310g),421,2.313,16.19,70.17,311,3.456,24.19,103.67,0,0,0,0,3,2025-12-11,2026-02-20,LMFCHERRME,LP Labels (MED),Label - Cherries MED (310g),87,70,104,0,-100.00%
LSDASHWASM,Label - Ashwagandha SML (120g),417,2.291,16.04,69.50,164,1.822,12.76,54.67,164,5.29,37.03,164,3,2025-11-28,2026-04-07,LSDASHWASM,LP Labels (Stardust),Label - Ashwagandha SML (120g),96,70,55,164,70.73%
LMFCASHESM,Label - Cashews SML (120g),413,2.269,15.88,68.83,170,1.889,13.22,56.67,170,5.484,38.39,170,2,2025-12-22,2026-03-12,LMFCASHESM,LP Labels (SML),Label - Cashews SML (120g),99,69,57,170,72.59%
ABWW,Walnuts Extra Light Halves & Quarters ACTIVATED (ABW),410,2.253,15.77,68.33,240,2.667,18.67,80,0,0,0,0,2,2025-11-25,2026-02-05,ABWW,MF - Ingredients,Walnuts Extra Light Halves & Quarters ACTIVATED (ABW),74,68,80,0,-100.00%
LMFSPEARME,Label - Spearmint MED (70g),407,2.236,15.65,67.83,209,2.322,16.26,69.67,0,0,0,0,4,2025-11-17,2026-02-17,LMFSPEARME,LP Labels (MED),Label - Spearmint MED (70g),69,68,70,0,-100.00%
LMFGARLPSM,Label - Garlic Powder - Organic 100g,398,2.187,15.31,66.33,262,2.911,20.38,87.33,100,3.226,22.58,100,3,2025-11-25,2026-03-19,LMFGARLPSM,LP Labels (SML),Label - Garlic Powder - Organic 100g,85,66,87,100,18.27%
IABWW,Walnuts Extra Light Halves & Quarters ACTIVATED Intermediate (ABW),397.3,2.183,15.28,66.22,233.33,2.593,18.15,77.78,0,0,0,0,2,2025-11-25,2026-02-06,IABWW,MF - Intermediate,Walnuts Extra Light Halves & Quarters ACTIVATED Intermediate (ABW),72,66,78,0,-100.00%
LMFWILDCLG,Label - Wildfire Cashews - Organic & Activated 550g,396,2.176,15.23,66.00,0,0,0,0,0,0,0,0,1,2025-12-22,2025-12-22,LMFWILDCLG,LP Labels (LRG),Label - Wildfire Cashews - Organic & Activated 550g,33,66,0,0,-100.00%
AMHNY22,Honey Culinary,389.84,2.142,14.99,64.97,247.4,2.749,19.24,82.47,104.96,3.386,23.7,104.96,20,2025-11-13,2026-04-08,AMHNY22,MF - Ingredients,Honey Culinary,84,65,82,105,24.75%
LMFBLPEPSM,Label - Black Pepper (Whole) SML (130g),388,2.132,14.92,64.67,168,1.867,13.07,56,168,5.419,37.94,168,2,2025-12-08,2026-04-07,LMFBLPEPSM,LP Labels (SML),Label - Black Pepper (Whole) SML (130g),96,65,56,168,74.59%
NUTBUT,Nut Butter,387.15,2.127,14.89,64.53,279.21,3.102,21.72,93.07,65.63,2.117,14.82,65.63,21,2025-11-06,2026-03-30,NUTBUT,MF - Ingredients,Nut Butter,74,65,93,66,-11.80%
AHHRFCO,Hibiscus (Organic),378.12,2.078,14.54,63.02,278.68,3.096,21.68,92.89,104.9,3.384,23.69,104.9,12,2025-11-03,2026-04-08,AHHRFCO,MF - Ingredients,Hibiscus (Organic),87,63,93,105,20.66%
PBMFMIXENXL,Printed Bag - Mixed Nuts XLRG (1kg),377,2.071,14.50,62.83,377,4.189,29.32,125.67,0,0,0,0,3,2026-02-06,2026-03-10,PBMFMIXENXL,MF - Packaging (Printed Bags),Printed Bag - Mixed Nuts XLRG (1kg),94,63,126,0,-100.00%
PACKAGING021,Packaging Assembly Made by Calem,373,2.049,14.35,62.17,373,4.144,29.01,124.33,358,11.548,80.84,358,5,2026-03-04,2026-03-19,PACKAGING021,Staff & Labour,Packaging Assembly Made by Calem,241,62,124,358,48.45%
ASHRAWPOW,Ashwagandha Powder RAW,372.45,2.046,14.33,62.08,229.95,2.555,17.89,76.65,101.9,3.287,23.01,101.9,13,2025-11-17,2026-03-30,ASHRAWPOW,MF - Ingredients,Ashwagandha Powder RAW,80,62,77,102,27.04%
LMFIMMUNSM,Label - ImmuniTea SML (50g),364,2,14.00,60.67,364,4.044,28.31,121.33,0,0,0,0,1,2026-01-27,2026-01-27,LMFIMMUNSM,LP Labels (SML),Label - ImmuniTea SML (50g),91,61,121,0,-100.00%
LMFMIXENINFYSM,Label - I'm Nuts For You SML (120g),360,1.978,13.85,60.00,110,1.222,8.56,36.67,110,3.548,24.84,110,2,2026-01-05,2026-03-16,LMFMIXENINFYSM,LP Labels (SML),Label - I'm Nuts For You SML (120g),69,60,37,110,59.67%
PACKAGING10017,Packaging Assembly Made by Alex,360,1.978,13.85,60.00,0,0,0,0,0,0,0,0,1,2025-12-29,2025-12-29,PACKAGING10017,Staff & Labour,Packaging Assembly Made by Alex,30,60,0,0,-100.00%
SPSRTM,Tamari - Salt Reduced,356,1.956,13.69,59.33,243.7,2.708,18.95,81.23,65.85,2.124,14.87,65.85,16,2025-10-24,2026-03-18,SPSRTM,MF - Ingredients,Tamari - Salt Reduced,69,59,81,66,-4.29%
LMFLAVENME,Label - Lavender MED (60g),352,1.934,13.54,58.67,352,3.911,27.38,117.33,178,5.742,40.19,178,3,2026-01-30,2026-04-07,LMFLAVENME,LP Labels (MED),Label - Lavender MED (60g),148,59,117,178,20.54%
PBMFWALNUXL,Printed Bag - Walnuts XLRG (1kg),350,1.923,13.46,58.33,350,3.889,27.22,116.67,144,4.645,32.52,144,4,2026-01-28,2026-03-31,PBMFWALNUXL,MF - Packaging (Printed Bags),Printed Bag - Walnuts XLRG (1kg),130,58,117,144,10.48%
LMFROOIBME,Label - Rooibos MED (140g),341,1.874,13.12,56.83,235,2.611,18.28,78.33,143,4.613,32.29,143,4,2025-11-12,2026-04-01,LMFROOIBME,LP Labels (MED),Label - Rooibos MED (140g),93,57,78,143,54.23%
LMFBLUBUME,Label - Blue Butterfly Pea Flowers MED - Organic 50g DISCONTINUED,338,1.857,13.00,56.33,0,0,0,0,0,0,0,0,2,2025-11-14,2025-12-04,LMFBLUBUME,LP Labels (MED),Label - Blue Butterfly Pea Flowers MED - Organic 50g DISCONTINUED,28,56,0,0,-100.00%
LMFJASMIME,Label - Jasmine Buds MED (55g),335,1.841,12.88,55.83,335,3.722,26.06,111.67,81,2.613,18.29,81,3,2026-01-22,2026-04-09,LMFJASMIME,LP Labels (MED),Label - Jasmine Buds MED (55g),96,56,112,81,-15.92%
COCONECTO,Coconut Nectar - Organic,333.04,1.83,12.81,55.51,211.54,2.35,16.45,70.51,115,3.71,25.97,115,20,2025-10-20,2026-04-02,COCONECTO,MF - Ingredients,Coconut Nectar - Organic,80,56,71,115,43.14%
LMFDMTEASM,Label - DMTea SML (50g),318,1.747,12.23,53.00,318,3.533,24.73,106,207,6.677,46.74,207,2,2026-02-04,2026-03-20,LMFDMTEASM,LP Labels (SML),Label - DMTea SML (50g),157,53,106,207,32.27%
LMFCUMSWSM,Label - Cumin Seed (Whole) SML (110g),313,1.72,12.04,52.17,313,3.478,24.34,104.33,191,6.161,43.13,191,2,2026-02-02,2026-03-16,LMFCUMSWSM,LP Labels (SML),Label - Cumin Seed (Whole) SML (110g),148,52,104,191,29.35%
MORINGA,Moringa Powder Organic,310.83,1.708,11.96,51.81,171.11,1.901,13.31,57.04,19.82,0.639,4.48,19.82,15,2025-10-23,2026-03-30,MORINGA,MF - Ingredients,Moringa Powder Organic,43,52,57,20,-53.79%
LMFMACARSM,Label - Raw Macadamias SML - Organic 125g DISCONTINUED,304,1.67,11.69,50.67,0,0,0,0,0,0,0,0,1,2025-12-19,2025-12-19,LMFMACARSM,LP Labels (SML),Label - Raw Macadamias SML - Organic 125g DISCONTINUED,25,51,0,0,-100.00%
LMFGOCHUME,Label - Gochugaro MED (220g),300,1.648,11.54,50.00,300,3.333,23.33,100,0,0,0,0,3,2026-01-13,2026-03-10,LMFGOCHUME,LP Labels (MED),Label - Gochugaro MED (220g),75,50,100,0,-100.00%
LMFPASSIME,Label - Passionflower MED (80g),298,1.637,11.46,49.67,298,3.311,23.18,99.33,190,6.129,42.9,190,2,2026-02-18,2026-03-16,LMFPASSIME,LP Labels (MED),Label - Passionflower MED (80g),145,50,99,190,31.34%
LMFCARDASM,Label - Cardamom (Whole) SML (100g),297,1.632,11.42,49.50,236,2.622,18.36,78.67,159,5.129,35.9,159,3,2025-11-10,2026-03-13,LMFCARDASM,LP Labels (SML),Label - Cardamom (Whole) SML (100g),96,50,79,159,66.10%
ITC,Chillax Tea Intermediate,290.82,1.598,11.19,48.47,174.94,1.944,13.61,58.31,73.95,2.385,16.7,73.95,20,2025-10-20,2026-03-28,ITC,MF - Intermediate,Chillax Tea Intermediate,60,48,58,74,22.75%
ZWFNETLHS10,Stinging Nettle & Finger lime Hot Sauce p/KG,286.6,1.575,11.02,47.77,181,2.011,14.08,60.33,72,2.323,16.26,72,3,2025-12-21,2026-04-09,ZWFNETLHS10,MF - Ingredients,Stinging Nettle & Finger lime Hot Sauce p/KG,60,48,60,72,19.93%
LMFFENNSSM,Label - Fennel Seeds SML (100g),281,1.544,10.81,46.83,281,3.122,21.86,93.67,94,3.032,21.23,94,3,2026-01-22,2026-03-25,LMFFENNSSM,LP Labels (SML),Label - Fennel Seeds SML (100g),94,47,94,94,0.18%
LMFFENUWSM,Label - Fenugreek Whole SML - Organic 200g,276,1.516,10.62,46.00,195,2.167,15.17,65,41,1.323,9.26,41,6,2025-11-24,2026-03-30,LMFFENUWSM,LP Labels (SML),Label - Fenugreek Whole SML - Organic 200g,51,46,65,41,-19.08%
LMFCHIASLG,Label - Organic Chia Seeds LRG (700g),263,1.445,10.12,43.83,263,2.922,20.46,87.67,263,8.484,59.39,263,1,2026-04-01,2026-04-01,LMFCHIASLG,LP Labels (LRG),Label - Organic Chia Seeds LRG (700g),175,44,88,263,50.00%
LFCHAGASM,Label - Chaga (100g),262,1.44,10.08,43.67,262,2.911,20.38,87.33,0,0,0,0,1,2026-03-03,2026-03-03,LFCHAGASM,LP Labels (Fungi),Label - Chaga (100g),66,44,87,0,-100.00%
LMFENGLBME,Label - English Breakfast Tea MED (90g),262,1.44,10.08,43.67,262,2.911,20.38,87.33,0,0,0,0,2,2026-01-28,2026-02-23,LMFENGLBME,LP Labels (MED),Label - English Breakfast Tea MED (90g),66,44,87,0,-100.00%
LMFYERBAME,Label - Yerba Maté MED - Organic 150g,260,1.429,10.00,43.33,260,2.889,20.22,86.67,124,4,28,124,2,2026-01-28,2026-04-01,LMFYERBAME,LP Labels (MED),Label - Yerba Maté MED - Organic 150g,105,43,87,124,17.72%
LMFMULLEME,Label - Mullein Leaf MED - Organic 60g,259,1.423,9.96,43.17,259,2.878,20.14,86.33,0,0,0,0,1,2026-02-02,2026-02-02,LMFMULLEME,LP Labels (MED),Label - Mullein Leaf MED - Organic 60g,65,43,86,0,-100.00%
ISG,Star Dust Green Intermediate,256.14,1.407,9.85,42.69,82.8,0.92,6.44,27.6,0,0,0,0,7,2025-11-13,2026-03-04,ISG,MF - Intermediate,Star Dust Green Intermediate,35,43,28,0,-100.00%
ITI,Immunitea Intermediate,253.05,1.39,9.73,42.18,136.6,1.518,10.62,45.53,57,1.839,12.87,57,15,2025-10-15,2026-04-01,ITI,MF - Intermediate,Immunitea Intermediate,48,42,46,57,18.17%
HT-AH-MINI,HT All Heart mini,250,1.374,9.62,41.67,50,0.556,3.89,16.67,0,0,0,0,24,2025-11-11,2026-03-09,HT-AH-MINI,TBC - Heart Therapeutics,HT All Heart mini,29,42,17,0,-100.00%
HT-BR-MINI,HT Brains mini,250,1.374,9.62,41.67,50,0.556,3.89,16.67,0,0,0,0,24,2025-11-11,2026-03-09,HT-BR-MINI,TBC - Heart Therapeutics,HT Brains mini,29,42,17,0,-100.00%
HT-CL-MINI,HT cleopatra mini,250,1.374,9.62,41.67,50,0.556,3.89,16.67,0,0,0,0,24,2025-11-11,2026-03-09,HT-CL-MINI,TBC - Heart Therapeutics,HT cleopatra mini,29,42,17,0,-100.00%
HT-DA-MINI,HT Daydreams mini,250,1.374,9.62,41.67,50,0.556,3.89,16.67,0,0,0,0,24,2025-11-11,2026-03-09,HT-DA-MINI,TBC - Heart Therapeutics,HT Daydreams mini,29,42,17,0,-100.00%
HT-DI-MINI,HT Digestive mini,250,1.374,9.62,41.67,50,0.556,3.89,16.67,0,0,0,0,24,2025-11-11,2026-03-09,HT-DI-MINI,TBC - Heart Therapeutics,HT Digestive mini,29,42,17,0,-100.00%
HT-FD-MINI,HT Flash Dancer mini,250,1.374,9.62,41.67,50,0.556,3.89,16.67,0,0,0,0,24,2025-11-11,2026-03-09,HT-FD-MINI,TBC - Heart Therapeutics,HT Flash Dancer mini,29,42,17,0,-100.00%
HT-FL-MINI,HT Flow mini,250,1.374,9.62,41.67,50,0.556,3.89,16.67,0,0,0,0,24,2025-11-11,2026-03-09,HT-FL-MINI,TBC - Heart Therapeutics,HT Flow mini,29,42,17,0,-100.00%
HT-HBT-MINI,HT Hinterland Bush mini,250,1.374,9.62,41.67,50,0.556,3.89,16.67,0,0,0,0,24,2025-11-11,2026-03-09,HT-HBT-MINI,TBC - Heart Therapeutics,HT Hinterland Bush mini,29,42,17,0,-100.00%
HT-LP-MINI,HT love potion mini,250,1.374,9.62,41.67,50,0.556,3.89,16.67,0,0,0,0,24,2025-11-11,2026-03-09,HT-LP-MINI,TBC - Heart Therapeutics,HT love potion mini,29,42,17,0,-100.00%
HT-ML-MINI,HT mother lover mini,250,1.374,9.62,41.67,50,0.556,3.89,16.67,0,0,0,0,24,2025-11-11,2026-03-09,HT-ML-MINI,TBC - Heart Therapeutics,HT mother lover mini,29,42,17,0,-100.00%
HT-NMT-MINI,HT Noosa mint tea mini,250,1.374,9.62,41.67,50,0.556,3.89,16.67,0,0,0,0,24,2025-11-11,2026-03-09,HT-NMT-MINI,TBC - Heart Therapeutics,HT Noosa mint tea mini,29,42,17,0,-100.00%
HT-RR-MINI,HT Rancho Relaxo mini,250,1.374,9.62,41.67,50,0.556,3.89,16.67,0,0,0,0,24,2025-11-11,2026-03-09,HT-RR-MINI,TBC - Heart Therapeutics,HT Rancho Relaxo mini,29,42,17,0,-100.00%
HT-RS-MINI,HT Rise and Shine mini,250,1.374,9.62,41.67,50,0.556,3.89,16.67,0,0,0,0,24,2025-11-11,2026-03-09,HT-RS-MINI,TBC - Heart Therapeutics,HT Rise and Shine mini,29,42,17,0,-100.00%
HT-ST-MINI,HT Spring tonic mini,250,1.374,9.62,41.67,50,0.556,3.89,16.67,0,0,0,0,24,2025-11-11,2026-03-09,HT-ST-MINI,TBC - Heart Therapeutics,HT Spring tonic mini,29,42,17,0,-100.00%
HT-TMM-MINI,HT the milk maid mini,250,1.374,9.62,41.67,50,0.556,3.89,16.67,0,0,0,0,24,2025-11-11,2026-03-09,HT-TMM-MINI,TBC - Heart Therapeutics,HT the milk maid mini,29,42,17,0,-100.00%
HT-WI-MINI,HT Witchcraft mini,250,1.374,9.62,41.67,50,0.556,3.89,16.67,0,0,0,0,24,2025-11-11,2026-03-09,HT-WI-MINI,TBC - Heart Therapeutics,HT Witchcraft mini,29,42,17,0,-100.00%
HT-YE-MINI,HT YEP T mini,250,1.374,9.62,41.67,50,0.556,3.89,16.67,0,0,0,0,24,2025-11-11,2026-03-09,HT-YE-MINI,TBC - Heart Therapeutics,HT YEP T mini,29,42,17,0,-100.00%
ABWC,Cashews ACTIVATED WW320 (ABW),249.48,1.371,9.60,41.58,45.36,0.504,3.53,15.12,0,0,0,0,2,2025-12-01,2026-02-09,ABWC,MF - Ingredients,Cashews ACTIVATED WW320 (ABW),28,42,15,0,-100.00%
IAPCB,Pecans B Grade Intermediate,248.1,1.363,9.54,41.35,159.03,1.767,12.37,53.01,53.08,1.712,11.99,53.08,43,2025-11-06,2026-04-09,IAPCB,MF - Intermediate,Pecans B Grade Intermediate,49,41,53,53,8.00%
LMFSLIPPME,Label - Slippery Elm MED - Organic 180g,246,1.352,9.46,41.00,246,2.733,19.13,82,0,0,0,0,2,2026-01-20,2026-02-16,LMFSLIPPME,LP Labels (MED),Label - Slippery Elm MED - Organic 180g,62,41,82,0,-100.00%
MIX3RED,Red stardust mix,241,1.324,9.27,40.17,191,2.122,14.86,63.67,100,3.226,22.58,100,5,2025-12-18,2026-04-07,MIX3RED,MF - Ingredients,Red stardust mix,68,40,64,100,47.17%
XMM,Matcha + Moringa,240,1.319,9.23,40.00,0,0,0,0,0,0,0,0,1,2025-11-18,2025-11-18,XMM,MF - Ingredients,Matcha + Moringa,20,40,0,0,-100.00%
IABWC,Cashews ACTIVATED WW320 Intermediate (ABW),239.7,1.317,9.22,39.95,41,0.456,3.19,13.67,0,0,0,0,2,2025-12-08,2026-02-10,IABWC,MF - Intermediate,Cashews ACTIVATED WW320 Intermediate (ABW),27,40,14,0,-100.00%
ABCMPO,Coconut Milk Powder (Organic),233.6,1.284,8.98,38.93,188.79,2.098,14.68,62.93,33.76,1.089,7.62,33.76,15,2025-11-24,2026-04-09,ABCMPO,MF - Ingredients,Coconut Milk Powder (Organic),45,39,63,34,-25.32%
EACINPOW,Cinnamon Ceylon Powder (Organic),230.1,1.264,8.85,38.35,159.73,1.775,12.42,53.24,51.19,1.651,11.56,51.19,96,2025-10-22,2026-04-09,EACINPOW,MF - Ingredients,Cinnamon Ceylon Powder (Organic),48,38,53,51,7.56%
LFSHROBSM,Label - Shroom Bloom (100g),222,1.22,8.54,37.00,222,2.467,17.27,74,0,0,0,0,2,2026-01-15,2026-03-04,LFSHROBSM,LP Labels (Fungi),Label - Shroom Bloom (100g),56,37,74,0,-100.00%
LMFMULLESM,Label - Mullein Leaf SML - Organic 30g,222,1.22,8.54,37.00,0,0,0,0,0,0,0,0,1,2025-12-05,2025-12-05,LMFMULLESM,LP Labels (SML),Label - Mullein Leaf SML - Organic 30g,19,37,0,0,-100.00%
ITD,DMT Intermediate,221.13,1.215,8.51,36.85,127.22,1.414,9.89,42.41,86.63,2.795,19.56,86.63,12,2025-10-23,2026-03-28,ITD,MF - Intermediate,DMT Intermediate,55,37,42,87,56.66%
PBMFCACBPXL,Printed Bag - Cacao Brain Power XLRG (1kg),221,1.214,8.50,36.83,221,2.456,17.19,73.67,76,2.452,17.16,76,2,2026-03-05,2026-04-01,PBMFCACBPXL,MF - Packaging (Printed Bags),Printed Bag - Cacao Brain Power XLRG (1kg),75,37,74,76,1.56%
LMFHAZELSM,Label - Hazelnuts SML (120g) - DISCONTINUED,221,1.214,8.50,36.83,0,0,0,0,0,0,0,0,1,2025-11-11,2025-11-11,LMFHAZELSM,LP Labels (SML),Label - Hazelnuts SML (120g) - DISCONTINUED,18,37,0,0,-100.00%
LMFPSYHUME,Label - Psyllium Husk MED - Organic 200g,220,1.209,8.46,36.67,220,2.444,17.11,73.33,0,0,0,0,1,2026-01-28,2026-01-28,LMFPSYHUME,LP Labels (MED),Label - Psyllium Husk MED - Organic 200g,55,37,73,0,-100.00%
LMFGINSEME,Label - Ginseng MED (100g),216,1.187,8.31,36.00,135,1.5,10.5,45,79,2.548,17.84,79,3,2025-12-16,2026-03-25,LMFGINSEME,LP Labels (MED),Label - Ginseng MED (100g),53,36,45,79,48.13%
LMFTULSIME,Label - Tulsi MED (50g),214,1.176,8.23,35.67,214,2.378,16.64,71.33,0,0,0,0,2,2026-01-15,2026-02-17,LMFTULSIME,LP Labels (MED),Label - Tulsi MED (50g),54,36,71,0,-100.00%
ICOF,Brewed Coffee Intermediate,213.47,1.173,8.21,35.58,152.48,1.694,11.86,50.83,0,0,0,0,4,2025-11-24,2026-03-11,ICOF,MF - Intermediate,Brewed Coffee Intermediate,43,36,51,0,-100.00%
ABWP,Pepitas ACTIVATED GWS Dark Green ORGANIC (ABW),212.5,1.168,8.17,35.42,150,1.667,11.67,50,0,0,0,0,2,2025-11-25,2026-02-05,ABWP,MF - Ingredients,Pepitas ACTIVATED GWS Dark Green ORGANIC (ABW),43,35,50,0,-100.00%
ABCTS,Cherries Tart/Sour,210.46,1.156,8.09,35.08,160.37,1.782,12.47,53.46,15.99,0.516,3.61,15.99,8,2025-12-08,2026-03-30,ABCTS,MF - Ingredients,Cherries Tart/Sour,35,35,53,16,-54.11%
AHCHFO,Chamomile (Organic),204.08,1.121,7.85,34.01,128.38,1.426,9.99,42.79,78.96,2.547,17.83,78.96,15,2025-11-20,2026-04-09,AHCHFO,MF - Ingredients,Chamomile (Organic),52,34,43,79,52.08%
XABP,Beetroot Powder,202.47,1.112,7.79,33.74,125.67,1.396,9.77,41.89,32,1.032,7.23,32,26,2025-11-03,2026-04-10,XABP,MF - Ingredients,Beetroot Powder,36,34,42,32,-10.81%
LMFASHWAME,Label - Ashwagandha Root Cut MED (150g),201,1.104,7.73,33.50,130,1.444,10.11,43.33,50,1.613,11.29,50,5,2025-10-14,2026-04-09,LMFASHWAME,LP Labels (MED),Label - Ashwagandha Root Cut MED (150g),42,34,43,50,18.27%
[SILVBAG3],Vacuum Bag 3kg - Silver Stand Up,201,1.104,7.73,33.50,185,2.056,14.39,61.67,47,1.516,10.61,47,57,2025-12-09,2026-03-31,[SILVBAG3],MF - Packaging,Vacuum Bag 3kg - Silver Stand Up,47,34,62,47,-0.82%
PACKAGING005,Packaging Assembly Made by Scotty,200,1.099,7.69,33.33,200,2.222,15.56,66.67,200,6.452,45.16,200,1,2026-04-07,2026-04-07,PACKAGING005,Staff & Labour,Packaging Assembly Made by Scotty,133,33,67,200,50.00%
PACKAGING022,Packaging Assembly Made by Will,200,1.099,7.69,33.33,65,0.722,5.06,21.67,0,0,0,0,3,2025-10-29,2026-01-23,PACKAGING022,Staff & Labour,Packaging Assembly Made by Will,28,33,22,0,-100.00%
IABWP,Pepitas ACTIVATED GWS Dark Green ORGANIC Intermediate (ABW),199.44,1.096,7.67,33.24,142.6,1.584,11.09,47.53,0,0,0,0,2,2025-11-25,2026-02-06,IABWP,MF - Intermediate,Pepitas ACTIVATED GWS Dark Green ORGANIC Intermediate (ABW),40,33,48,0,-100.00%
LMFLINSEME,Label - Golden Linseed (Flaxseed) MED (350g),198,1.088,7.62,33.00,198,2.2,15.4,66,102,3.29,23.03,102,3,2026-01-14,2026-03-26,LMFLINSEME,LP Labels (MED),Label - Golden Linseed (Flaxseed) MED (350g),84,33,66,102,21.43%
ICCC,Chocolate Cluster Coconut Intermediate,197.85,1.087,7.61,32.98,163.9,1.821,12.75,54.63,42,1.355,9.48,42,5,2025-12-08,2026-03-30,ICCC,MF - Intermediate,Chocolate Cluster Coconut Intermediate,43,33,55,42,-2.79%
LMFGINGRME,Label - Ginger Root MED (220g),196,1.077,7.54,32.67,196,2.178,15.24,65.33,0,0,0,0,1,2026-02-10,2026-02-10,LMFGINGRME,LP Labels (MED),Label - Ginger Root MED (220g),49,33,65,0,-100.00%
LMFGINGGME,Label - Ginger Ground MED (240g) DISCONTINUED,195,1.071,7.50,32.50,0,0,0,0,0,0,0,0,1,2025-11-05,2025-11-05,LMFGINGGME,LP Labels (MED),Label - Ginger Ground MED (240g) DISCONTINUED,16,33,0,0,-100.00%
AHMAT,Matcha CEREMONIAL (jars),194.92,1.071,7.50,32.49,164.82,1.831,12.82,54.94,3,0.097,0.68,3,9,2025-12-12,2026-03-25,AHMAT,MF - Ingredients,Matcha CEREMONIAL (jars),30,32,55,3,-90.05%
GMPSORG,Puffed Sorghum,186,1.022,7.15,31.00,138,1.533,10.73,46,10,0.323,2.26,10,9,2025-11-24,2026-03-30,GMPSORG,MF - Ingredients,Puffed Sorghum,29,31,46,10,-65.52%
AHPLO,Peppermint (Organic),182.59,1.003,7.02,30.43,120.64,1.34,9.38,40.21,42.34,1.366,9.56,42.34,14,2025-11-05,2026-03-23,AHPLO,MF - Ingredients,Peppermint (Organic),38,30,40,42,12.43%
HTGY,Yeast,177.68,0.976,6.83,29.61,101.88,1.132,7.92,33.96,53.16,1.715,12,53.16,17,2025-10-15,2026-04-09,HTGY,MF - Ingredients,Yeast,39,30,34,53,36.62%
LMFLIQUOME,Label - Liquorice Root MED (200g),174,0.956,6.69,29.00,174,1.933,13.53,58,0,0,0,0,1,2026-02-17,2026-02-17,LMFLIQUOME,LP Labels (MED),Label - Liquorice Root MED (200g),44,29,58,0,-100.00%
RAWMESQ,Mesquite Powder,173.58,0.954,6.68,28.93,82.26,0.914,6.4,27.42,21.3,0.687,4.81,21.3,69,2025-11-06,2026-04-09,RAWMESQ,MF - Ingredients,Mesquite Powder,26,29,27,21,-17.71%
LMFSTARASM,Label - Organic Star Anise SML (55g),172,0.945,6.62,28.67,172,1.911,13.38,57.33,0,0,0,0,2,2026-01-21,2026-03-09,LMFSTARASM,LP Labels (SML),Label - Organic Star Anise SML (55g),43,29,57,0,-100.00%
ABCOVO,Coconut Oil Virgin (Organic),168.9,0.928,6.50,28.15,109.36,1.215,8.51,36.45,45.82,1.478,10.35,45.82,28,2025-11-06,2026-04-09,ABCOVO,MF - Ingredients,Coconut Oil Virgin (Organic),37,28,36,46,24.49%
LMFKBBQMSM,Label - Korean BBQ SML (100g) - DISCONTINUED,167,0.918,6.42,27.83,118,1.311,9.18,39.33,0,0,0,0,2,2025-12-16,2026-01-12,LMFKBBQMSM,LP Labels (SML),Label - Korean BBQ SML (100g) - DISCONTINUED,34,28,39,0,-100.00%
[SILVBAG5],Vacuum Bag 5kg - Silver Stand Up,161,0.885,6.19,26.83,51,0.567,3.97,17,0,0,0,0,44,2025-10-13,2026-03-09,[SILVBAG5],MF - Packaging,Vacuum Bag 5kg - Silver Stand Up,22,27,17,0,-100.00%
LMFYUMMBLG,Label - Yummy Beans LRG (550g),155,0.852,5.96,25.83,95,1.056,7.39,31.67,0,0,0,0,2,2025-12-29,2026-02-26,LMFYUMMBLG,LP Labels (LRG),Label - Yummy Beans LRG (550g),29,26,32,0,-100.00%
DATESDICED,Dates Diced (Organic),154.76,0.85,5.95,25.79,114.77,1.275,8.93,38.26,10.8,0.348,2.44,10.8,9,2025-11-24,2026-03-30,DATESDICED,MF - Ingredients,Dates Diced (Organic),25,26,38,11,-56.71%
ABWH,Hazelnuts ACTIVATED (ABW),154,0.846,5.92,25.67,126,1.4,9.8,42,0,0,0,0,2,2025-12-01,2026-02-09,ABWH,MF - Ingredients,Hazelnuts ACTIVATED (ABW),34,26,42,0,-100.00%
LMFOREGAME,Label - Oregano MED (100g) DISCONTINUED,152,0.835,5.85,25.33,11,0.122,0.86,3.67,0,0,0,0,3,2025-11-10,2026-02-09,LMFOREGAME,LP Labels (MED),Label - Oregano MED (100g) DISCONTINUED,15,25,4,0,-100.00%
SLTC,Salt (Cooking),151.99,0.835,5.85,25.33,88.01,0.978,6.85,29.34,26.95,0.869,6.09,26.95,173,2025-10-21,2026-04-10,SLTC,MF - Ingredients,Salt (Cooking),27,25,29,27,-0.94%
PBMFGOLDGXL,Printed Bag - Golden Granola XLRG (1kg),151,0.83,5.81,25.17,151,1.678,11.74,50.33,51,1.645,11.52,51,2,2026-02-17,2026-04-09,PBMFGOLDGXL,MF - Packaging (Printed Bags),Printed Bag - Golden Granola XLRG (1kg),51,25,50,51,0.66%
LMFLINSELG,Label - Golden Linseed (Flaxseed) LRG (680g) DISCONTINUED,151,0.83,5.81,25.17,2,0.022,0.16,0.67,2,0.065,0.45,2,3,2025-11-12,2026-03-13,LMFLINSELG,LP Labels (LRG),Label - Golden Linseed (Flaxseed) LRG (680g) DISCONTINUED,9,25,1,2,-78.45%
LMFMESQPME,Label - Organic Mesquite MED (300g) DISCONTINUED,148,0.813,5.69,24.67,0,0,0,0,0,0,0,0,1,2025-12-02,2025-12-02,LMFMESQPME,LP Labels (MED),Label - Organic Mesquite MED (300g) DISCONTINUED,12,25,0,0,-100.00%
PBMFALMONXL,Printed Bag - Almonds XLRG (1kg),146,0.802,5.62,24.33,146,1.622,11.36,48.67,0,0,0,0,2,2026-02-11,2026-03-09,PBMFALMONXL,MF - Packaging (Printed Bags),Printed Bag - Almonds XLRG (1kg),37,24,49,0,-100.00%
CMIUG,Untamed Granola Intermediate,145,0.797,5.58,24.17,145,1.611,11.28,48.33,145,4.677,32.74,145,1,2026-03-18,2026-03-18,CMIUG,Contract Manufacturing,Untamed Granola Intermediate,97,24,48,145,50.00%
GOCHUGARU,Gochugaru (Korean Red Pepper Powder),141.87,0.779,5.46,23.64,100.12,1.112,7.79,33.37,15.99,0.516,3.61,15.99,9,2025-11-17,2026-03-16,GOCHUGARU,MF - Ingredients,Gochugaru (Korean Red Pepper Powder),24,24,33,16,-34.29%
IABWH,Hazelnuts ACTIVATED Intermediate (ABW),141.65,0.778,5.45,23.61,116,1.289,9.02,38.67,0,0,0,0,2,2025-12-08,2026-02-10,IABWH,MF - Intermediate,Hazelnuts ACTIVATED Intermediate (ABW),31,24,39,0,-100.00%
AFQF,Organic Quinoa Flakes,141.12,0.775,5.43,23.52,80.56,0.895,6.27,26.85,30.58,0.986,6.9,30.58,5,2025-11-17,2026-03-20,AFQF,MF - Ingredients,Organic Quinoa Flakes,27,24,27,31,13.33%
CP-LIP-ZINC-6g,Clean & Pure - Manuka Honey & Zinc SPF15 Lip Balm Tube,140,0.769,5.38,23.33,30,0.333,2.33,10,0,0,0,0,14,2025-12-05,2026-02-16,CP-LIP-ZINC-6g,TBC - Clean & Pure,Clean & Pure - Manuka Honey & Zinc SPF15 Lip Balm Tube,17,23,10,0,-100.00%
JAR2000,2000ml LRG,139,0.764,5.35,23.17,97,1.078,7.54,32.33,70,2.258,15.81,70,13,2025-11-11,2026-04-10,JAR2000,MF - Packaging,2000ml LRG,42,23,32,70,67.33%
LID100,Lid 100mm (2L Jar),139,0.764,5.35,23.17,97,1.078,7.54,32.33,70,2.258,15.81,70,13,2025-11-11,2026-04-10,LID100,MF - Packaging,Lid 100mm (2L Jar),42,23,32,70,67.33%
PBMFCASHEXL,Printed Bag - Cashews XLRG (1kg),139,0.764,5.35,23.17,139,1.544,10.81,46.33,42,1.355,9.48,42,2,2026-01-23,2026-04-07,PBMFCASHEXL,MF - Packaging (Printed Bags),Printed Bag - Cashews XLRG (1kg),44,23,46,42,-4.90%
LMFLBALMSM,Label - Lemon Balm SML (20g) DISCONTINUED,138,0.758,5.31,23.00,0,0,0,0,0,0,0,0,1,2025-12-05,2025-12-05,LMFLBALMSM,LP Labels (SML),Label - Lemon Balm SML (20g) DISCONTINUED,12,23,0,0,-100.00%
LFREISHSM,Label - Reishi (100g),137,0.753,5.27,22.83,137,1.522,10.66,45.67,0,0,0,0,1,2026-01-15,2026-01-15,LFREISHSM,LP Labels (Fungi),Label - Reishi (100g),34,23,46,0,-100.00%
LICROOT,Liquorice Root (Organic),136.8,0.752,5.26,22.80,94.4,1.049,7.34,31.47,25,0.806,5.65,25,14,2025-10-21,2026-04-02,LICROOT,MF - Ingredients,Liquorice Root (Organic),26,23,31,25,-5.39%
LMFROSEMME,Label - Rosemary (Australian) MED (90g),134,0.736,5.15,22.33,42,0.467,3.27,14,0,0,0,0,2,2025-10-29,2026-02-02,LMFROSEMME,LP Labels (MED),Label - Rosemary (Australian) MED (90g),18,22,14,0,-100.00%
DCPSO,Paprika Smoked,131.18,0.721,5.05,21.86,108.1,1.201,8.41,36.03,33.2,1.071,7.5,33.2,13,2025-11-05,2026-04-09,DCPSO,MF - Ingredients,Paprika Smoked,30,22,36,33,9.34%
AHGRO,Ginger Root Cut,131.17,0.721,5.05,21.86,111.17,1.235,8.65,37.06,31.5,1.016,7.11,31.5,15,2025-11-05,2026-04-08,AHGRO,MF - Ingredients,Ginger Root Cut,30,22,37,32,4.51%
MFKBBQMLG,Munchies Korean BBQ - Organic & Activated LRG (420g),131,0.72,5.04,21.83,61,0.678,4.74,20.33,21,0.677,4.74,21,78,2025-10-16,2026-04-10,MFKBBQMLG,MF - Munchies,Munchies Korean BBQ - Organic & Activated LRG (420g),21,22,20,21,-0.25%
MFMAPLELG,Munchies Maple - Organic & Activated LRG (420g),131,0.72,5.04,21.83,61,0.678,4.74,20.33,21,0.677,4.74,21,78,2025-10-16,2026-04-10,MFMAPLELG,MF - Munchies,Munchies Maple - Organic & Activated LRG (420g),21,22,20,21,-0.25%
MFMIXENLG,Mixed Nuts - Organic & Activated LRG (500g),131,0.72,5.04,21.83,61,0.678,4.74,20.33,21,0.677,4.74,21,78,2025-10-16,2026-04-10,MFMIXENLG,MF - Nuts,Mixed Nuts - Organic & Activated LRG (500g),21,22,20,21,-0.25%
MF-POS-TastingTent01,"Mindful Foods - Tasting Tent - ""Sample Us Today"" + ""Meet the Activated Munchies""",131,0.72,5.04,21.83,61,0.678,4.74,20.33,21,0.677,4.74,21,78,2025-10-16,2026-04-10,MF-POS-TastingTent01,TBC - POS,"Mindful Foods - Tasting Tent - ""Sample Us Today"" + ""Meet the Activated Munchies""",21,22,20,21,-0.25%
MFTAMARLG,Tamari Almonds - Organic & Activated LRG (500g),131,0.72,5.04,21.83,61,0.678,4.74,20.33,21,0.677,4.74,21,78,2025-10-16,2026-04-10,MFTAMARLG,MF - Munchies,Tamari Almonds - Organic & Activated LRG (500g),21,22,20,21,-0.25%
MFTERIMLG,Munchies Teriyaki - Organic & Activated LRG (400g),131,0.72,5.04,21.83,61,0.678,4.74,20.33,21,0.677,4.74,21,78,2025-10-16,2026-04-10,MFTERIMLG,MF - Munchies,Munchies Teriyaki - Organic & Activated LRG (400g),21,22,20,21,-0.25%
MFWILDCLG,Wildfire Cashews - Organic & Activated LRG  (550g),131,0.72,5.04,21.83,61,0.678,4.74,20.33,21,0.677,4.74,21,78,2025-10-16,2026-04-10,MFWILDCLG,MF - Munchies,Wildfire Cashews - Organic & Activated LRG  (550g),21,22,20,21,-0.25%
LSDPCARALG,Label - Caramel Plant Protein LRG (380g) DISCONTINUED,130,0.714,5.00,21.67,130,1.444,10.11,43.33,0,0,0,0,1,2026-01-21,2026-01-21,LSDPCARALG,LP Labels (Stardust Protein),Label - Caramel Plant Protein LRG (380g) DISCONTINUED,33,22,43,0,-100.00%
ABHPP,Hemp Protein Powder,126.5,0.695,4.87,21.08,73.5,0.817,5.72,24.5,24.5,0.79,5.53,24.5,10,2025-10-23,2026-04-10,ABHPP,MF - Ingredients,Hemp Protein Powder,23,21,25,25,4.88%
MF-TastingCup4oz,Mindful Foods - Tasting Cups - 1x Sleeve of 50pcs,126,0.692,4.85,21.00,61,0.678,4.74,20.33,21,0.677,4.74,21,74,2025-10-30,2026-04-10,MF-TastingCup4oz,MF - Other,Mindful Foods - Tasting Cups - 1x Sleeve of 50pcs,21,21,20,21,1.07%
MF-POS-Poster01,Mindful Foods - Activated Nuts & Munchies Poster,124,0.681,4.77,20.67,61,0.678,4.74,20.33,21,0.677,4.74,21,72,2025-11-05,2026-04-10,MF-POS-Poster01,TBC - POS,Mindful Foods - Activated Nuts & Munchies Poster,21,21,20,21,1.61%
MF-TastingSpoon,Mindful Foods - Metal Spoon for Tastings,124,0.681,4.77,20.67,61,0.678,4.74,20.33,21,0.677,4.74,21,72,2025-11-05,2026-04-10,MF-TastingSpoon,MF - Other,Mindful Foods - Metal Spoon for Tastings,21,21,20,21,1.61%
LMFCOCOSME,Label - Coconut Sugar MED - Organic 340g,124,0.681,4.77,20.67,0,0,0,0,0,0,0,0,1,2025-11-26,2025-11-26,LMFCOCOSME,LP Labels (MED),Label - Coconut Sugar MED - Organic 340g,10,21,0,0,-100.00%
LMFNUTMESM,Label - Nutmeg (Whole) SML (120g),123,0.676,4.73,20.50,82,0.911,6.38,27.33,23,0.742,5.19,23,3,2025-12-02,2026-04-10,LMFNUTMESM,LP Labels (SML),Label - Nutmeg (Whole) SML (120g),24,21,27,23,-2.58%
LFCORDYSM,Label - Cordyceps (100g),123,0.676,4.73,20.50,123,1.367,9.57,41,0,0,0,0,1,2026-02-12,2026-02-12,LFCORDYSM,LP Labels (Fungi),Label - Cordyceps (100g),31,21,41,0,-100.00%
HEMPSEEDS,Hemp Seed Hulled,122.68,0.674,4.72,20.45,70.2,0.78,5.46,23.4,1.2,0.039,0.27,1.2,5,2025-12-03,2026-03-24,HEMPSEEDS,MF - Ingredients,Hemp Seed Hulled,15,20,23,1,-92.01%
LMFGOTUKME,Label - Gotu Kola MED (80g),121,0.665,4.65,20.17,121,1.344,9.41,40.33,0,0,0,0,1,2026-02-18,2026-02-18,LMFGOTUKME,LP Labels (MED),Label - Gotu Kola MED (80g),30,20,40,0,-100.00%
PBMFEROLVXL,Printed Bag - Eros XLRG (1kg),120,0.659,4.62,20.00,120,1.333,9.33,40,0,0,0,0,1,2026-02-12,2026-02-12,PBMFEROLVXL,MF - Packaging (Printed Bags),Printed Bag - Eros XLRG (1kg),30,20,40,0,-100.00%
ABWAO,Almonds NP ACTIVATED ORGANIC (ABW),120,0.659,4.62,20.00,20,0.222,1.56,6.67,0,0,0,0,2,2025-12-01,2026-02-09,ABWAO,MF - Ingredients,Almonds NP ACTIVATED ORGANIC (ABW),13,20,7,0,-100.00%
SLIPPERYELM,Organic Slippery Elm Powder,119.52,0.657,4.60,19.92,68.22,0.758,5.31,22.74,23.94,0.772,5.41,23.94,5,2025-11-17,2026-03-19,SLIPPERYELM,MF - Ingredients,Organic Slippery Elm Powder,22,20,23,24,7.84%
IABWAO,Almonds NP ACTIVATED  ORGANIC Intermediate (ABW),116.6,0.641,4.48,19.43,19,0.211,1.48,6.33,0,0,0,0,2,2025-12-08,2026-02-10,IABWAO,MF - Intermediate,Almonds NP ACTIVATED  ORGANIC Intermediate (ABW),13,19,6,0,-100.00%
LMFHEMPSME,Label - Hemp Seeds MED (300g),114,0.626,4.38,19.00,114,1.267,8.87,38,0,0,0,0,1,2026-01-27,2026-01-27,LMFHEMPSME,LP Labels (MED),Label - Hemp Seeds MED (300g),29,19,38,0,-100.00%
LMFOOLONME,Label - Oolong MED (65g),110,0.604,4.23,18.33,110,1.222,8.56,36.67,110,3.548,24.84,110,1,2026-03-20,2026-03-20,LMFOOLONME,LP Labels (MED),Label - Oolong MED (65g),73,18,37,110,50.00%
ABWPC,Pecans ACTIVATED Halves (ABW),110,0.604,4.23,18.33,55,0.611,4.28,18.33,0,0,0,0,2,2025-11-25,2026-02-06,ABWPC,MF - Ingredients,Pecans ACTIVATED Halves (ABW),18,18,18,0,-100.00%
LMFCORSGSM,Label - Coriander Seed (Ground) SML (100g),110,0.604,4.23,18.33,0,0,0,0,0,0,0,0,1,2025-12-30,2025-12-30,LMFCORSGSM,LP Labels (SML),Label - Coriander Seed (Ground) SML (100g),9,18,0,0,-100.00%
DATESPITTED,Dates Pitted (Organic),109.5,0.602,4.21,18.25,109.5,1.217,8.52,36.5,58.3,1.881,13.16,58.3,4,2026-02-23,2026-03-18,DATESPITTED,MF - Ingredients,Dates Pitted (Organic),47,18,37,58,23.00%
SBLOOM,Shroom Bloom,108.07,0.594,4.16,18.01,103.9,1.154,8.08,34.63,48,1.548,10.84,48,13,2025-11-11,2026-04-02,SBLOOM,MF - Ingredients,Shroom Bloom,34,18,35,48,43.08%
RASPBERRIES,Raspberry (Organic),107.14,0.589,4.12,17.86,84.3,0.937,6.56,28.1,24.88,0.803,5.62,24.88,11,2025-10-29,2026-04-09,RASPBERRIES,MF - Ingredients,Raspberry (Organic),24,18,28,25,5.36%
AHCCCO,Cinnamon Ceylon Chips (Organic),106.65,0.586,4.10,17.78,80.25,0.892,6.24,26.75,39.5,1.274,8.92,39.5,12,2025-11-05,2026-04-08,AHCCCO,MF - Ingredients,Cinnamon Ceylon Chips (Organic),28,18,27,40,41.02%
FLAMECURRANT,Currants - FLAME,105.13,0.578,4.04,17.52,0,0,0,0,0,0,0,0,5,2025-11-04,2026-01-06,FLAMECURRANT,MF - Ingredients,Currants - FLAME,9,18,0,0,-100.00%
IABWPC,Pecans ACTIVATED Halves Intermediate (ABW),104.93,0.577,4.04,17.49,52.55,0.584,4.09,17.52,0,0,0,0,2,2025-11-25,2026-02-06,IABWPC,MF - Intermediate,Pecans ACTIVATED Halves Intermediate (ABW),18,17,18,0,-100.00%
AFCB,Cacao Butter Organic - price per kg,103.94,0.571,4.00,17.32,67.96,0.755,5.29,22.65,11.99,0.387,2.71,11.99,11,2025-11-26,2026-03-26,AFCB,MF - Ingredients,Cacao Butter Organic - price per kg,17,17,23,12,-30.77%
CP-LIP-CBUT-6g,Clean & Pure - Cocoa Butter Lip Balm Tube 6g,100,0.549,3.85,16.67,60,0.667,4.67,20,20,0.645,4.52,20,9,2025-12-05,2026-03-20,CP-LIP-CBUT-6g,TBC - Clean & Pure,Clean & Pure - Cocoa Butter Lip Balm Tube 6g,19,17,20,20,5.88%
CP-LIP-COFC-6g,Clean & Pure - Coffee & Coconut Lip Balm Tube 6g,100,0.549,3.85,16.67,60,0.667,4.67,20,20,0.645,4.52,20,9,2025-12-05,2026-03-20,CP-LIP-COFC-6g,TBC - Clean & Pure,Clean & Pure - Coffee & Coconut Lip Balm Tube 6g,19,17,20,20,5.88%
CP-LIP-MANU-6g,Clean & Pure - Manuka Honey Lip Balm Tube 6g,100,0.549,3.85,16.67,60,0.667,4.67,20,20,0.645,4.52,20,9,2025-12-05,2026-03-20,CP-LIP-MANU-6g,TBC - Clean & Pure,Clean & Pure - Manuka Honey Lip Balm Tube 6g,19,17,20,20,5.88%
CP-LIP-PAWP-6g,Clean & Pure - Pawpaw Lip Balm Tube 6g,100,0.549,3.85,16.67,60,0.667,4.67,20,20,0.645,4.52,20,9,2025-12-05,2026-03-20,CP-LIP-PAWP-6g,TBC - Clean & Pure,Clean & Pure - Pawpaw Lip Balm Tube 6g,19,17,20,20,5.88%
CP-LIP-STRW-6g,Clean & Pure - Tinted Strawberry Lip Balm Tube 6g,100,0.549,3.85,16.67,60,0.667,4.67,20,20,0.645,4.52,20,9,2025-12-05,2026-03-20,CP-LIP-STRW-6g,TBC - Clean & Pure,Clean & Pure - Tinted Strawberry Lip Balm Tube 6g,19,17,20,20,5.88%
BLCUM,Black Cumin - Nigella SEEDS (Organic),97.98,0.538,3.77,16.33,66.94,0.744,5.21,22.31,23.94,0.772,5.41,23.94,16,2025-11-05,2026-04-09,BLCUM,MF - Ingredients,Black Cumin - Nigella SEEDS (Organic),21,16,22,24,14.77%
AHRO,Rooibos (Organic),97.23,0.534,3.74,16.21,81.88,0.91,6.37,27.29,57.2,1.845,12.92,57.2,9,2025-11-12,2026-04-08,AHRO,MF - Ingredients,Rooibos (Organic),34,16,27,57,70.41%
AHFSO,Fennel Seeds,94.3,0.518,3.63,15.72,68.3,0.759,5.31,22.77,21.9,0.706,4.95,21.9,12,2025-10-27,2026-03-25,AHFSO,MF - Ingredients,Fennel Seeds,20,16,23,22,8.79%
LMFBARBEME,Label - Barberry Bark MED (110g) DISCONTINUED,93,0.511,3.58,15.50,0,0,0,0,0,0,0,0,1,2025-12-05,2025-12-05,LMFBARBEME,LP Labels (MED),Label - Barberry Bark MED (110g) DISCONTINUED,8,16,0,0,-100.00%
PWFDP,Davidson Plums,92.67,0.509,3.56,15.44,56.67,0.63,4.41,18.89,0,0,0,0,5,2025-12-05,2026-03-06,PWFDP,MF - Ingredients,Davidson Plums,17,15,19,0,-100.00%
AHLEMYP,Lemon Myrtle Powder,92.47,0.508,3.56,15.41,52.48,0.583,4.08,17.49,9.6,0.31,2.17,9.6,18,2025-10-23,2026-04-09,AHLEMYP,MF - Ingredients,Lemon Myrtle Powder,14,15,17,10,-32.24%
AHROSE,Rose Petal,91.46,0.503,3.52,15.24,49.35,0.548,3.84,16.45,24.97,0.805,5.64,24.97,24,2025-11-18,2026-04-02,AHROSE,MF - Ingredients,Rose Petal,19,15,16,25,32.21%
MATCHGEN,Matcha ORGANIC - (Generic),91.2,0.501,3.51,15.20,30,0.333,2.33,10,0,0,0,0,4,2025-10-23,2026-03-02,MATCHGEN,MF - Ingredients,Matcha ORGANIC - (Generic),13,15,10,0,-100.00%
LMFHAZELLG,Label - Hazelnuts LRG (500g) DISCONTINUED,90,0.495,3.46,15.00,0,0,0,0,0,0,0,0,1,2025-12-23,2025-12-23,LMFHAZELLG,LP Labels (LRG),Label - Hazelnuts LRG (500g) DISCONTINUED,8,15,0,0,-100.00%
LMFFRANKSM,Label - Frankincense SML (150g),90,0.495,3.46,15.00,0,0,0,0,0,0,0,0,1,2025-11-27,2025-11-27,LMFFRANKSM,LP Labels (SML),Label - Frankincense SML (150g),8,15,0,0,-100.00%
LMFVALERSM,Label - Valerian Root SML (110g),88,0.484,3.38,14.67,88,0.978,6.84,29.33,0,0,0,0,1,2026-02-23,2026-02-23,LMFVALERSM,LP Labels (SML),Label - Valerian Root SML (110g),22,15,29,0,-100.00%
AHLBO,Lemon Balm  (Organic),87.54,0.481,3.37,14.59,56.9,0.632,4.43,18.97,34,1.097,7.68,34,14,2025-11-20,2026-04-08,AHLBO,MF - Ingredients,Lemon Balm  (Organic),23,15,19,34,50.98%
IASB,B- Grade Sunflower Seeds Intermediate,84,0.462,3.23,14.00,84,0.933,6.53,28,84,2.71,18.97,84,2,2026-04-02,2026-04-08,IASB,MF - Intermediate,B- Grade Sunflower Seeds Intermediate,56,14,28,84,50.00%
CP-SUN-KID,Clean & Pure - Baby & Kids Sunscreen 100% Organic - SPF50 70g,84,0.462,3.23,14.00,18,0.2,1.4,6,0,0,0,0,14,2025-12-05,2026-02-16,CP-SUN-KID,TBC - Clean & Pure,Clean & Pure - Baby & Kids Sunscreen 100% Organic - SPF50 70g,10,14,6,0,-100.00%
LSDASTRASM,Label - Astragalus Powder SML (120g),84,0.462,3.23,14.00,0,0,0,0,0,0,0,0,1,2025-11-03,2025-11-03,LSDASTRASM,LP Labels (Stardust),Label - Astragalus Powder SML (120g),7,14,0,0,-100.00%
CAYENPEP,Cayenne Pepper (Organic),82.5,0.453,3.17,13.75,57,0.633,4.43,19,0,0,0,0,4,2025-12-12,2026-03-02,CAYENPEP,MF - Ingredients,Cayenne Pepper (Organic),16,14,19,0,-100.00%
LSDSCHISSM,Label - Schisandra SML (120g),82,0.451,3.15,13.67,0,0,0,0,0,0,0,0,1,2026-01-07,2026-01-07,LSDSCHISSM,LP Labels (Stardust),Label - Schisandra SML (120g),7,14,0,0,-100.00%
LMFCHILFME,Label - Chilli Flakes MED (150g),81,0.445,3.12,13.50,81,0.9,6.3,27,0,0,0,0,1,2026-02-27,2026-02-27,LMFCHILFME,LP Labels (MED),Label - Chilli Flakes MED (150g),20,14,27,0,-100.00%
LMFHEMPSLG,Label - Hemp Seeds LRG (580g) DISCONTINUED,81,0.445,3.12,13.50,0,0,0,0,0,0,0,0,1,2025-12-08,2025-12-08,LMFHEMPSLG,LP Labels (LRG),Label - Hemp Seeds LRG (580g) DISCONTINUED,7,14,0,0,-100.00%
PACKAGING10019,Packaging Assembly Made by Moz,75,0.412,2.88,12.50,0,0,0,0,0,0,0,0,2,2025-10-14,2025-10-15,PACKAGING10019,Staff & Labour,Packaging Assembly Made by Moz,6,13,0,0,-100.00%
50GSILICA,Silica Gel 50g (BULK),74,0.407,2.85,12.33,70,0.778,5.44,23.33,48,1.548,10.84,48,23,2025-12-17,2026-04-07,50GSILICA,MF - Packaging,Silica Gel 50g (BULK),28,12,23,48,72.13%
MF-POS-POSTER02,Mindful Foods - Male/Female Munchies/Nuts,73,0.401,2.81,12.17,61,0.678,4.74,20.33,21,0.677,4.74,21,66,2025-11-21,2026-04-10,MF-POS-POSTER02,TBC - POS,Mindful Foods - Male/Female Munchies/Nuts,18,12,20,21,17.76%
XHLM,Lions Mane,72.6,0.399,2.79,12.10,40.5,0.45,3.15,13.5,0,0,0,0,3,2025-12-04,2026-03-02,XHLM,MF - Ingredients,Lions Mane,13,12,14,0,-100.00%
IRM,RAW Mixed Nuts Intermediate,71.5,0.393,2.75,11.92,33,0.367,2.57,11,11,0.355,2.48,11,7,2025-11-04,2026-03-30,IRM,MF - Intermediate,RAW Mixed Nuts Intermediate,11,12,11,11,-2.71%
BUCKET20LTR,LId Bucket 20ltr,71,0.39,2.73,11.83,22,0.244,1.71,7.33,9,0.29,2.03,9,20,2025-10-15,2026-03-16,BUCKET20LTR,MF - Packaging,LId Bucket 20ltr,9,12,7,9,-4.12%
BUCKET20L,Bucket 20Lt,70,0.385,2.69,11.67,21,0.233,1.63,7,9,0.29,2.03,9,20,2025-10-15,2026-03-16,BUCKET20L,MF - Packaging,Bucket 20Lt,9,12,7,9,-2.42%
BAGVACUUM] Vacuum Bags x2,Vacuum Bags (450x500x120UM),70,0.385,2.69,11.67,70,0.778,5.44,23.33,0,0,0,0,4,2026-02-10,2026-02-24,BAGVACUUM] Vacuum Bags x2,,Vacuum Bags (450x500x120UM),18,12,23,0,-100.00%
RHODPOW,Rhodiola Powder (Organic),68.73,0.378,2.64,11.46,43.17,0.48,3.36,14.39,39.09,1.261,8.83,39.09,10,2025-12-19,2026-04-07,RHODPOW,MF - Ingredients,Rhodiola Powder (Organic),22,11,14,39,80.58%
AHYERBO,Yerba Mate (Organic),68.68,0.377,2.64,11.45,63.68,0.708,4.95,21.23,18.6,0.6,4.2,18.6,6,2025-10-21,2026-04-01,AHYERBO,MF - Ingredients,Yerba Mate (Organic),17,11,21,19,8.81%
IRA,Almonds Roasted with Maple Cinnamon Intermediate,66.4,0.365,2.55,11.07,66.4,0.738,5.16,22.13,0,0,0,0,2,2026-02-12,2026-03-10,IRA,MF - Intermediate,Almonds Roasted with Maple Cinnamon Intermediate,17,11,22,0,-100.00%
LMFDATESLG,Label - Organic Dates LRG (600g),64,0.352,2.46,10.67,64,0.711,4.98,21.33,0,0,0,0,1,2026-02-23,2026-02-23,LMFDATESLG,LP Labels (LRG),Label - Organic Dates LRG (600g),16,11,21,0,-100.00%
BPPS,Pumpkin Seed Protein Powder,63.25,0.348,2.43,10.54,36.75,0.408,2.86,12.25,14.75,0.476,3.33,14.75,9,2025-10-23,2026-04-10,BPPS,MF - Ingredients,Pumpkin Seed Protein Powder,13,11,12,15,17.87%
EAAMP,Amchur,63.25,0.348,2.43,10.54,45,0.5,3.5,15,24.25,0.782,5.48,24.25,15,2025-11-05,2026-04-02,EAAMP,MF - Ingredients,Amchur,17,11,15,24,46.11%
AHJSBO,Jasmine Bud,62.88,0.345,2.42,10.48,44.58,0.495,3.47,14.86,21.11,0.681,4.77,21.11,13,2025-11-20,2026-04-09,AHJSBO,MF - Ingredients,Jasmine Bud,15,10,15,21,36.34%
ITF,Firestarter Intermediate,61.92,0.34,2.38,10.32,58.72,0.652,4.57,19.57,0,0,0,0,7,2025-12-09,2026-03-09,ITF,MF - Intermediate,Firestarter Intermediate,15,10,20,0,-100.00%
AHLFO,Lavender Flower (Organic),61.6,0.338,2.37,10.27,43.6,0.484,3.39,14.53,25.68,0.828,5.8,25.68,9,2025-11-20,2026-04-07,AHLFO,MF - Ingredients,Lavender Flower (Organic),17,10,15,26,52.61%
ISPCA,Protein Powder Caramel Intermediate - DISCONTINUED,58.5,0.321,2.25,9.75,58.5,0.65,4.55,19.5,0,0,0,0,1,2026-01-21,2026-01-21,ISPCA,MF - Intermediate,Protein Powder Caramel Intermediate - DISCONTINUED,15,10,20,0,-100.00%
OLIVOIL,Olive Oil,56,0.308,2.15,9.33,28,0.311,2.18,9.33,20,0.645,4.52,20,6,2025-11-05,2026-04-02,OLIVOIL,MF - Ingredients,Olive Oil,13,9,9,20,55.20%
AHGARPOW,Garlic Powder (Organic),55.18,0.303,2.12,9.20,35.72,0.397,2.78,11.91,14.86,0.479,3.36,14.86,19,2025-11-05,2026-04-02,AHGARPOW,MF - Ingredients,Garlic Powder (Organic),12,9,12,15,23.94%
AHFENGK,Fenugreek seed - WHOLE,53.85,0.296,2.07,8.98,37.85,0.421,2.94,12.62,8.15,0.263,1.84,8.15,6,2025-11-24,2026-03-30,AHFENGK,MF - Ingredients,Fenugreek seed - WHOLE,10,9,13,8,-17.82%
GMPBUCK,Puffed Buckwheat,51.2,0.281,1.97,8.53,38.4,0.427,2.99,12.8,17.6,0.568,3.97,17.6,14,2025-10-21,2026-03-30,GMPBUCK,MF - Ingredients,Puffed Buckwheat,13,9,13,18,35.63%
CELTSALTFINE,Celtic Salt - Fine,50.48,0.277,1.94,8.41,30.67,0.341,2.39,10.22,15.2,0.49,3.43,15.2,33,2025-11-21,2026-04-02,CELTSALTFINE,MF - Ingredients,Celtic Salt - Fine,11,8,10,15,34.79%
EABPW,Black Pepper Whole (Organic),50.44,0.277,1.94,8.41,21.84,0.243,1.7,7.28,21.84,0.705,4.93,21.84,2,2025-12-08,2026-04-07,EABPW,MF - Ingredients,Black Pepper Whole (Organic),13,8,7,22,74.58%
XHBA,Ashwagandha 20:1 Extract,50,0.275,1.92,8.33,19.68,0.219,1.53,6.56,19.68,0.635,4.44,19.68,4,2025-10-23,2026-04-07,XHBA,MF - Ingredients,Ashwagandha 20:1 Extract,12,8,7,20,70.78%
IIFDLP,Freeze Dried Lemon Powder,48.96,0.269,1.88,8.16,21.3,0.237,1.66,7.1,9.42,0.304,2.13,9.42,21,2025-10-23,2026-04-09,IIFDLP,MF - Ingredients,Freeze Dried Lemon Powder,8,8,7,9,14.51%
AHASR,Ashwagandha Root Cut (Organic),48.9,0.269,1.88,8.15,38.25,0.425,2.98,12.75,26.25,0.847,5.93,26.25,7,2025-10-14,2026-04-09,AHASR,MF - Ingredients,Ashwagandha Root Cut (Organic),16,8,13,26,67.02%
AHMRO,Marshmallow Root,48.35,0.266,1.86,8.06,32.85,0.365,2.55,10.95,12.5,0.403,2.82,12.5,8,2025-11-05,2026-03-23,AHMRO,MF - Ingredients,Marshmallow Root,11,8,11,13,19.01%
LMFCORNFME,Label - Cornflowers MED (40g),48,0.264,1.85,8.00,48,0.533,3.73,16,48,1.548,10.84,48,1,2026-03-16,2026-03-16,LMFCORNFME,LP Labels (MED),Label - Cornflowers MED (40g),32,8,16,48,50.00%
AHSHO,Spearmint (Organic),46.61,0.256,1.79,7.77,22.87,0.254,1.78,7.62,7.5,0.242,1.69,7.5,9,2025-11-17,2026-04-02,AHSHO,MF - Ingredients,Spearmint (Organic),8,8,8,8,-1.70%
SSBSP,Broccoli Sprout Powder (Organic),45.2,0.248,1.74,7.53,5,0.056,0.39,1.67,0,0,0,0,5,2025-10-23,2026-03-02,SSBSP,MF - Ingredients,Broccoli Sprout Powder (Organic),5,8,2,0,-100.00%
IAAB,Almonds Intermediate (B Grade) NEPLUS,44.96,0.247,1.73,7.49,0,0,0,0,0,0,0,0,1,2025-10-24,2025-10-24,IAAB,MF - Intermediate,Almonds Intermediate (B Grade) NEPLUS,4,7,0,0,-100.00%
PSY001,Psyllium Husk Organic,44,0.242,1.69,7.33,44,0.489,3.42,14.67,0,0,0,0,1,2026-01-28,2026-01-28,PSY001,MF - Ingredients,Psyllium Husk Organic,11,7,15,0,-100.00%
SFSSOIL,Toasted Sesame Seed Oil (Organic),43,0.236,1.65,7.17,36,0.4,2.8,12,10,0.323,2.26,10,5,2025-12-01,2026-03-18,SFSSOIL,MF - Ingredients,Toasted Sesame Seed Oil (Organic),10,7,12,10,2.85%
AHBBPF,Blue Butterfly Pea Flower (Organic),41.98,0.231,1.61,7.00,18.13,0.201,1.41,6.04,0,0,0,0,7,2025-11-14,2026-02-27,AHBBPF,MF - Ingredients,Blue Butterfly Pea Flower (Organic),7,7,6,0,-100.00%
BLUELOTUS,BLUE LOTUS WHOLE FLOWERS,40.94,0.225,1.57,6.82,31.44,0.349,2.45,10.48,11.94,0.385,2.7,11.94,10,2025-10-21,2026-03-28,BLUELOTUS,MF - Ingredients,BLUE LOTUS WHOLE FLOWERS,10,7,10,12,22.50%
AHPHO,Passionflower (Organic),40.56,0.223,1.56,6.76,33.56,0.373,2.61,11.19,22.2,0.716,5.01,22.2,7,2025-11-20,2026-04-02,AHPHO,MF - Ingredients,Passionflower (Organic),13,7,11,22,65.88%
IAPIST,Pistachio Organic Intermediate,40.25,0.221,1.55,6.71,21.45,0.238,1.67,7.15,0,0,0,0,2,2025-12-08,2026-02-18,IAPIST,MF - Intermediate,Pistachio Organic Intermediate,7,7,7,0,-100.00%
AHTWOFO,Oolong (Organic),39.95,0.22,1.54,6.66,23.15,0.257,1.8,7.72,7.15,0.231,1.61,7.15,3,2025-12-21,2026-03-20,AHTWOFO,MF - Ingredients,Oolong (Organic),7,7,8,7,-0.37%
SFFG06,Miso Genmai (Organic),39,0.214,1.50,6.50,18.72,0.208,1.46,6.24,9.36,0.302,2.11,9.36,4,2025-11-17,2026-03-16,SFFG06,MF - Ingredients,Miso Genmai (Organic),7,7,6,9,27.06%
DCCS,Cumin Seed,38.83,0.213,1.49,6.47,38.83,0.431,3.02,12.94,21.01,0.678,4.74,21.01,3,2026-01-12,2026-03-16,DCCS,MF - Ingredients,Cumin Seed,17,6,13,21,23.77%
BOXMEGA,Box - Mega,38,0.209,1.46,6.33,38,0.422,2.96,12.67,38,1.226,8.58,38,2,2026-03-18,2026-03-19,BOXMEGA,MF - Packaging,Box - Mega,25,6,13,38,49.99%
AHROAG,Rosemary,37.88,0.208,1.46,6.31,28.2,0.313,2.19,9.4,10,0.323,2.26,10,12,2025-10-29,2026-04-08,AHROAG,MF - Ingredients,Rosemary,9,6,9,10,16.69%
AHGKLO,Gotu Kola (Organic),37.03,0.203,1.42,6.17,30.69,0.341,2.39,10.23,12.87,0.415,2.91,12.87,33,2025-11-05,2026-04-08,AHGKLO,MF - Ingredients,Gotu Kola (Organic),10,6,10,13,31.91%
MULLEAF,Mullein Leaf,35.88,0.197,1.38,5.98,15.54,0.173,1.21,5.18,0,0,0,0,3,2025-11-13,2026-02-02,MULLEAF,MF - Ingredients,Mullein Leaf,6,6,5,0,-100.00%
AHENBR,English Breakfast Tea (OP)(Organic),34.38,0.189,1.32,5.73,27.18,0.302,2.11,9.06,3.6,0.116,0.81,3.6,5,2025-12-03,2026-03-31,AHENBR,MF - Ingredients,English Breakfast Tea (OP)(Organic),6,6,9,4,-41.27%
AHSGRO,Ginseng - Siberian,30.2,0.166,1.16,5.03,18.1,0.201,1.41,6.03,11.5,0.371,2.6,11.5,7,2025-11-19,2026-04-08,AHSGRO,MF - Ingredients,Ginseng - Siberian,8,5,6,12,52.93%
PACKAGING001,Packaging Assembly Made by Rob,30,0.165,1.15,5.00,30,0.333,2.33,10,0,0,0,0,1,2026-02-16,2026-02-16,PACKAGING001,Staff & Labour,Packaging Assembly Made by Rob,8,5,10,0,-100.00%
AHCPO,Cardamom Pods (Organic),29.4,0.162,1.13,4.90,23.3,0.259,1.81,7.77,15.5,0.5,3.5,15.5,5,2025-11-10,2026-03-30,AHCPO,MF - Ingredients,Cardamom Pods (Organic),9,5,8,16,65.07%
[BLKBAG5],Black bag 5kg  (with handle),29,0.159,1.12,4.83,29,0.322,2.26,9.67,29,0.935,6.55,29,1,2026-03-18,2026-03-18,[BLKBAG5],MF - Packaging,Black bag 5kg  (with handle),19,5,10,29,49.99%
AHSHIC,Shiitake Cut,28,0.154,1.08,4.67,14,0.156,1.09,4.67,10,0.323,2.26,10,6,2025-11-05,2026-04-02,AHSHIC,MF - Ingredients,Shiitake Cut,6,5,5,10,55.12%
AHSTAC,Star Anise Cut,27.6,0.152,1.06,4.60,25.6,0.284,1.99,8.53,18,0.581,4.06,18,5,2025-12-21,2026-04-08,AHSTAC,MF - Ingredients,Star Anise Cut,10,5,9,18,73.47%
SWASR,Ashwagandha Root Cut (Organic),27.5,0.151,1.06,4.58,5,0.056,0.39,1.67,0,0,0,0,3,2025-11-20,2026-02-12,SWASR,#N/A,Ashwagandha Root Cut (Organic),3,5,2,0,-100.00%
AHBO,Barberry Bark (Organic),26.58,0.146,1.02,4.43,10.35,0.115,0.81,3.45,2.5,0.081,0.56,2.5,10,2025-11-05,2026-03-23,AHBO,MF - Ingredients,Barberry Bark (Organic),3,4,3,3,-27.75%
XHBC,Chaga,25.15,0.138,0.97,4.19,25.15,0.279,1.96,8.38,0,0,0,0,1,2026-03-03,2026-03-03,XHBC,MF - Ingredients,Chaga,6,4,8,0,-100.00%
HT-StandOnly-Mini,HT Wood Display for Mini - Stand Only.,25,0.137,0.96,4.17,5,0.056,0.39,1.67,0,0,0,0,24,2025-11-11,2026-03-09,HT-StandOnly-Mini,TBC - Heart Therapeutics,HT Wood Display for Mini - Stand Only.,3,4,2,0,-100.00%
CP-LIP-COFC-HANG,Clean & Pure - Coffee & Coconut Lip Balm - Hang Sell,24,0.132,0.92,4.00,24,0.267,1.87,8,12,0.387,2.71,12,6,2026-01-29,2026-04-09,CP-LIP-COFC-HANG,TBC - Clean & Pure,Clean & Pure - Coffee & Coconut Lip Balm - Hang Sell,10,4,8,12,20.00%
CP-LIP-MANU-HANG,Clean & Pure - Manuka Honey Lip Balm - Hang Sell,24,0.132,0.92,4.00,24,0.267,1.87,8,12,0.387,2.71,12,6,2026-01-29,2026-04-09,CP-LIP-MANU-HANG,TBC - Clean & Pure,Clean & Pure - Manuka Honey Lip Balm - Hang Sell,10,4,8,12,20.00%
CP-LIP-PAWP-HANG,Clean & Pure - Pawpaw Lip Balm Tube - Hang Sell,24,0.132,0.92,4.00,24,0.267,1.87,8,12,0.387,2.71,12,6,2026-01-29,2026-04-09,CP-LIP-PAWP-HANG,TBC - Clean & Pure,Clean & Pure - Pawpaw Lip Balm Tube - Hang Sell,10,4,8,12,20.00%
CP-LIP-STRW-HANG,Clean & Pure - Tinted Strawberry Lip Balm - Hang Sell,24,0.132,0.92,4.00,24,0.267,1.87,8,12,0.387,2.71,12,6,2026-01-29,2026-04-09,CP-LIP-STRW-HANG,TBC - Clean & Pure,Clean & Pure - Tinted Strawberry Lip Balm - Hang Sell,10,4,8,12,20.00%
AE-ACDFGR001,Absolute Essentials - Portable Metal Diffuser: Gunmetal Grey,24,0.132,0.92,4.00,24,0.267,1.87,8,9,0.29,2.03,9,7,2026-02-10,2026-03-26,AE-ACDFGR001,TBC - Absolute Essential,Absolute Essentials - Portable Metal Diffuser: Gunmetal Grey,9,4,8,9,5.88%
LMFROSHBME,Label - Rosehip Shells (Granules) MED - Organic 350g DISCONTINUED,24,0.132,0.92,4.00,24,0.267,1.87,8,0,0,0,0,1,2026-02-23,2026-02-23,LMFROSHBME,LP Labels (MED),Label - Rosehip Shells (Granules) MED - Organic 350g DISCONTINUED,6,4,8,0,-100.00%
AHRASPL,Raspberry Leaf (Organic),23.7,0.13,0.91,3.95,15.1,0.168,1.17,5.03,8.8,0.284,1.99,8.8,4,2025-11-20,2026-03-26,AHRASPL,MF - Ingredients,Raspberry Leaf (Organic),6,4,5,9,48.48%
LFSHROBLG,Label - Shroom Bloom (600g),22,0.121,0.85,3.67,16,0.178,1.24,5.33,10,0.323,2.26,10,3,2025-11-12,2026-03-19,LFSHROBLG,LP Labels (Fungi),Label - Shroom Bloom (600g),6,4,5,10,57.89%
PBMFMAPLMXL,Printed Bag - Maple Munchies XLRG (1kg),20,0.11,0.77,3.33,20,0.222,1.56,6.67,0,0,0,0,2,2026-02-17,2026-02-20,PBMFMAPLMXL,MF - Packaging (Printed Bags),Printed Bag - Maple Munchies XLRG (1kg),5,3,7,0,-100.00%
PACKAGING012,Packaging Assembly Made by Taylah,20,0.11,0.77,3.33,20,0.222,1.56,6.67,0,0,0,0,1,2026-01-20,2026-01-20,PACKAGING012,Staff & Labour,Packaging Assembly Made by Taylah,5,3,7,0,-100.00%
AHTHDO,Tulsi (Organic),19.95,0.11,0.77,3.32,16.07,0.179,1.25,5.36,1.39,0.045,0.31,1.39,24,2025-10-30,2026-04-08,AHTHDO,MF - Ingredients,Tulsi (Organic),3,3,5,1,-58.59%
CACPASTE,Cacao Paste,19.95,0.11,0.77,3.33,15.96,0.177,1.24,5.32,3.99,0.129,0.9,3.99,5,2025-12-08,2026-03-30,CACPASTE,MF - Ingredients,Cacao Paste,4,3,5,4,-5.30%
LFLIONMLG,Label - Lions Mane (600g),19,0.104,0.73,3.17,19,0.211,1.48,6.33,0,0,0,0,1,2026-02-04,2026-02-04,LFLIONMLG,LP Labels (Fungi),Label - Lions Mane (600g),5,3,6,0,-100.00%
AHVRO,Valerian Root,18.43,0.101,0.71,3.07,13.93,0.155,1.08,4.64,3.75,0.121,0.85,3.75,6,2025-11-20,2026-04-02,AHVRO,MF - Ingredients,Valerian Root,4,3,5,4,-1.83%
ABWTSTA,Tapioca Starch,18.26,0.1,0.70,3.04,14.3,0.159,1.11,4.77,4.15,0.134,0.94,4.15,17,2025-11-06,2026-03-23,ABWTSTA,MF - Ingredients,Tapioca Starch,4,3,5,4,4.10%
AHCFO,Chilli Flakes,17.95,0.099,0.69,2.99,15.95,0.177,1.24,5.32,1,0.032,0.23,1,4,2025-12-21,2026-03-24,AHCFO,MF - Ingredients,Chilli Flakes,3,3,5,1,-67.78%
XHBRE,Reishi Powder,17.3,0.095,0.67,2.88,13.7,0.152,1.07,4.57,0,0,0,0,2,2025-12-22,2026-01-15,XHBRE,MF - Ingredients,Reishi Powder,4,3,5,0,-100.00%
AHGLO,Ginkgo Leaf (Organic),16.73,0.092,0.64,2.79,16.46,0.183,1.28,5.49,9.09,0.293,2.05,9.09,15,2025-11-26,2026-04-08,AHGLO,MF - Ingredients,Ginkgo Leaf (Organic),6,3,5,9,56.99%
EABRAMC,Brahmi,15.98,0.088,0.61,2.66,14.41,0.16,1.12,4.8,10.03,0.323,2.26,10.03,22,2025-11-13,2026-04-08,EABRAMC,MF - Ingredients,Brahmi,6,3,5,10,72.04%
AHNUTMEG,Nutmeg Whole (Organic),14.91,0.082,0.57,2.49,9.99,0.111,0.78,3.33,2.79,0.09,0.63,2.79,3,2025-12-02,2026-04-10,AHNUTMEG,MF - Ingredients,Nutmeg Whole (Organic),3,2,3,3,-2.79%
AHOLO,Oregano,14.23,0.078,0.55,2.37,1,0.011,0.08,0.33,0,0,0,0,3,2025-11-10,2026-02-09,AHOLO,MF - Ingredients,Oregano,1,2,0,0,-100.00%
AHPOMP,Pomegranate Juice Powder (Organic) RATION,14.06,0.077,0.54,2.34,9.54,0.106,0.74,3.18,1.51,0.049,0.34,1.51,12,2025-11-26,2026-03-26,AHPOMP,MF - Ingredients,Pomegranate Juice Powder (Organic) RATION,2,2,3,2,-35.56%
CP-CDU-SUNPACK-STANDONLY,Clean & Pure - Wood Stand ONLY for 'CP-CDU-KIDSUN+ZincLip',14,0.077,0.54,2.33,3,0.033,0.23,1,0,0,0,0,14,2025-12-05,2026-02-16,CP-CDU-SUNPACK-STANDONLY,TBC - Clean & Pure,Clean & Pure - Wood Stand ONLY for 'CP-CDU-KIDSUN+ZincLip',2,2,1,0,-100.00%
CP-SUN-KID-TESTER,TESTER - Clean & Pure - Baby & Kids Sunscreen 100% Organic -SPF50 70g,14,0.077,0.54,2.33,3,0.033,0.23,1,0,0,0,0,14,2025-12-05,2026-02-16,CP-SUN-KID-TESTER,TBC - Clean & Pure,TESTER - Clean & Pure - Baby & Kids Sunscreen 100% Organic -SPF50 70g,2,2,1,0,-100.00%
ABCSG,Coriander Seed Ground (Organic),14,0.077,0.54,2.33,3,0.033,0.23,1,0,0,0,0,4,2025-12-30,2026-01-21,ABCSG,MF - Ingredients,Coriander Seed Ground (Organic),2,2,1,0,-100.00%
CASHSML,Cashews Small Pieces,13.61,0.075,0.52,2.27,13.61,0.151,1.06,4.54,13.61,0.439,3.07,13.61,1,2026-03-17,2026-03-17,CASHSML,MF - Ingredients,Cashews Small Pieces,9,2,5,14,49.97%
AHCP,Cornflowers,13.55,0.074,0.52,2.26,9.55,0.106,0.74,3.18,4.42,0.143,1,4.42,9,2025-11-05,2026-03-23,AHCP,MF - Ingredients,Cornflowers,3,2,3,4,34.48%
AHFRANK,Frankincense,13.5,0.074,0.52,2.25,0,0,0,0,0,0,0,0,1,2025-11-27,2025-11-27,AHFRANK,MF - Ingredients,Frankincense,1,2,0,0,-100.00%
ZWFMISOWAK10,Wakame Miso 10kg,13.14,0.072,0.51,2.19,4,0.044,0.31,1.33,0,0,0,0,3,2025-10-24,2026-03-05,ZWFMISOWAK10,MF - Ingredients,Wakame Miso 10kg,2,2,1,0,-100.00%
AE-ACDFSV001,Absolute Essentials - Portable Metal Diffuser: Silver,12,0.066,0.46,2.00,12,0.133,0.93,4,6,0.194,1.35,6,4,2026-02-10,2026-03-26,AE-ACDFSV001,TBC - Absolute Essential,Absolute Essentials - Portable Metal Diffuser: Silver,5,2,4,6,20.00%
AHOPSO,Orange Peel,11.5,0.063,0.44,1.92,11.5,0.128,0.89,3.83,9,0.29,2.03,9,3,2026-02-03,2026-04-08,AHOPSO,MF - Ingredients,Orange Peel,6,2,4,9,40.30%
XHCP,Cordyceps Powder,11,0.06,0.42,1.83,11,0.122,0.86,3.67,0,0,0,0,1,2026-02-12,2026-02-12,XHCP,MF - Ingredients,Cordyceps Powder,3,2,4,0,-100.00%
LMFOATSRLG,Label - Organic Oats (Stabilised) LRG (450g) DISCONTINUED,11,0.06,0.42,1.83,11,0.122,0.86,3.67,0,0,0,0,1,2026-01-28,2026-01-28,LMFOATSRLG,LP Labels (LRG),Label - Organic Oats (Stabilised) LRG (450g) DISCONTINUED,3,2,4,0,-100.00%
1LD,Picked Lachlan,10,0.055,0.38,1.67,10,0.111,0.78,3.33,2,0.065,0.45,2,10,2026-03-02,2026-03-30,1LD,Staff & Labour,Picked Lachlan,3,2,3,2,-24.95%
CP-LIP-10x5SKU-STANDONLY,Clean & Pure -LIP-10x5SKU-STANDONLY,10,0.055,0.38,1.67,6,0.067,0.47,2,2,0.065,0.45,2,9,2025-12-05,2026-03-20,CP-LIP-10x5SKU-STANDONLY,TBC - Clean & Pure,Clean & Pure -LIP-10x5SKU-STANDONLY,2,2,2,2,5.82%
XHBSHIS,Schisandra 20:1 Extract,9.84,0.054,0.38,1.64,0,0,0,0,0,0,0,0,1,2026-01-07,2026-01-07,XHBSHIS,MF - Ingredients,Schisandra 20:1 Extract,1,2,0,0,-100.00%
AHSAO,Star Anise Whole (Organic),9.3,0.051,0.36,1.55,9.3,0.103,0.72,3.1,0,0,0,0,2,2026-01-21,2026-03-09,AHSAO,MF - Ingredients,Star Anise Whole (Organic),2,2,3,0,-100.00%
AHSCHO,Scullcap ORGANIC (Organic),9.25,0.051,0.36,1.54,4.75,0.053,0.37,1.58,3.75,0.121,0.85,3.75,5,2025-11-20,2026-04-02,AHSCHO,MF - Ingredients,Scullcap ORGANIC (Organic),2,2,2,4,63.76%
XHBASTRA,Astragalus 20:1 Extract,9.24,0.051,0.36,1.54,0,0,0,0,0,0,0,0,1,2025-11-03,2025-11-03,XHBASTRA,MF - Ingredients,Astragalus 20:1 Extract,1,2,0,0,-100.00%
VANILLA,Vanilla,8.47,0.047,0.33,1.41,5.76,0.064,0.45,1.92,2.01,0.065,0.45,2.01,55,2025-11-06,2026-04-09,VANILLA,MF - Ingredients,Vanilla,2,1,2,2,12.92%
STICKERMFLARGE,Large MF Sticker,8,0.044,0.31,1.33,0,0,0,0,0,0,0,0,2,2025-10-30,2025-10-31,STICKERMFLARGE,MF - Packaging,Large MF Sticker,1,1,0,0,-100.00%
AHRHB,Rosehip Shells (Granules),7.4,0.041,0.28,1.23,7.4,0.082,0.58,2.47,0,0,0,0,1,2026-02-23,2026-02-23,AHRHB,MF - Ingredients,Rosehip Shells (Granules),2,1,2,0,-100.00%
EABPP,Black Pepper Powder,7.38,0.041,0.28,1.23,5.03,0.056,0.39,1.68,2.8,0.09,0.63,2.8,15,2025-11-05,2026-04-02,EABPP,MF - Ingredients,Black Pepper Powder,2,1,2,3,47.11%
IGGS,Golden Granola Spices Intermediate,6.69,0.037,0.26,1.11,4.58,0.051,0.36,1.53,1.76,0.057,0.4,1.76,7,2025-11-06,2026-04-09,IGGS,MF - Intermediate,Golden Granola Spices Intermediate,1,1,2,2,20.00%
ABACVIN,Apple Cider Vinegar (Organic),6.62,0.036,0.25,1.10,4.1,0.046,0.32,1.37,1.53,0.049,0.35,1.53,21,2025-11-06,2026-03-23,ABACVIN,MF - Ingredients,Apple Cider Vinegar (Organic),1,1,1,2,14.75%
EAMCP,Mild Curry Powder,6.6,0.036,0.25,1.10,3.5,0.039,0.27,1.17,2.5,0.081,0.56,2.5,6,2025-11-05,2026-04-02,EAMCP,MF - Ingredients,Mild Curry Powder,2,1,1,3,57.23%
CP-LIPHANG-4x4SKU-STANDONLY,Clean & Pure - LIPHANG-4x4SKU-STANDONLY,6,0.033,0.23,1.00,6,0.067,0.47,2,3,0.097,0.68,3,6,2026-01-29,2026-04-09,CP-LIPHANG-4x4SKU-STANDONLY,TBC - Clean & Pure,Clean & Pure - LIPHANG-4x4SKU-STANDONLY,3,1,2,3,20.00%
ALMFLAC,Almonds - FLAKED 8kg,6,0.033,0.23,1.00,6,0.067,0.47,2,6,0.194,1.35,6,1,2026-03-17,2026-03-17,ALMFLAC,,Almonds - FLAKED 8kg,4,1,2,6,50.00%
HT-AH-TESTER,HT All Heart TESTER,6,0.033,0.23,1.00,3,0.033,0.23,1,0,0,0,0,6,2025-12-16,2026-02-18,HT-AH-TESTER,TBC - Heart Therapeutics,HT All Heart TESTER,1,1,1,0,-100.00%
HT-BR-TESTER,HT Brains TESTER,6,0.033,0.23,1.00,3,0.033,0.23,1,0,0,0,0,6,2025-12-16,2026-02-18,HT-BR-TESTER,TBC - Heart Therapeutics,HT Brains TESTER,1,1,1,0,-100.00%
HT-CL-TESTER,HT cleopatra TESTER,6,0.033,0.23,1.00,3,0.033,0.23,1,0,0,0,0,6,2025-12-16,2026-02-18,HT-CL-TESTER,TBC - Heart Therapeutics,HT cleopatra TESTER,1,1,1,0,-100.00%
HT-DA-TESTER,HT Daydreams TESTER,6,0.033,0.23,1.00,3,0.033,0.23,1,0,0,0,0,6,2025-12-16,2026-02-18,HT-DA-TESTER,TBC - Heart Therapeutics,HT Daydreams TESTER,1,1,1,0,-100.00%
HT-DI-TESTER,HT Digestive TESTER,6,0.033,0.23,1.00,3,0.033,0.23,1,0,0,0,0,6,2025-12-16,2026-02-18,HT-DI-TESTER,TBC - Heart Therapeutics,HT Digestive TESTER,1,1,1,0,-100.00%
HT-FD-TESTER,HT Flash Dancer TESTER,6,0.033,0.23,1.00,3,0.033,0.23,1,0,0,0,0,6,2025-12-16,2026-02-18,HT-FD-TESTER,TBC - Heart Therapeutics,HT Flash Dancer TESTER,1,1,1,0,-100.00%
HT-FL-TESTER,HT Flow TESTER,6,0.033,0.23,1.00,3,0.033,0.23,1,0,0,0,0,6,2025-12-16,2026-02-18,HT-FL-TESTER,TBC - Heart Therapeutics,HT Flow TESTER,1,1,1,0,-100.00%
HT-HBT-TESTER,HT Hinterland TESTER,6,0.033,0.23,1.00,3,0.033,0.23,1,0,0,0,0,6,2025-12-16,2026-02-18,HT-HBT-TESTER,TBC - Heart Therapeutics,HT Hinterland TESTER,1,1,1,0,-100.00%
HT-LP-TESTER,HT love potion TESTER,6,0.033,0.23,1.00,3,0.033,0.23,1,0,0,0,0,6,2025-12-16,2026-02-18,HT-LP-TESTER,TBC - Heart Therapeutics,HT love potion TESTER,1,1,1,0,-100.00%
HT-ML-TESTER,HT mother lover TESTER,6,0.033,0.23,1.00,3,0.033,0.23,1,0,0,0,0,6,2025-12-16,2026-02-18,HT-ML-TESTER,TBC - Heart Therapeutics,HT mother lover TESTER,1,1,1,0,-100.00%
HT-NMT-TESTER,HT Noosa mint tea TESTER,6,0.033,0.23,1.00,3,0.033,0.23,1,0,0,0,0,6,2025-12-16,2026-02-18,HT-NMT-TESTER,TBC - Heart Therapeutics,HT Noosa mint tea TESTER,1,1,1,0,-100.00%
HT-RR-TESTER,HT Rancho Relaxo TESTER,6,0.033,0.23,1.00,3,0.033,0.23,1,0,0,0,0,6,2025-12-16,2026-02-18,HT-RR-TESTER,TBC - Heart Therapeutics,HT Rancho Relaxo TESTER,1,1,1,0,-100.00%
HT-RS-TESTER,HT Rise and Shine TESTER,6,0.033,0.23,1.00,3,0.033,0.23,1,0,0,0,0,6,2025-12-16,2026-02-18,HT-RS-TESTER,TBC - Heart Therapeutics,HT Rise and Shine TESTER,1,1,1,0,-100.00%
HT-ST-TESTER,HT Spring tonic TESTER,6,0.033,0.23,1.00,3,0.033,0.23,1,0,0,0,0,6,2025-12-16,2026-02-18,HT-ST-TESTER,TBC - Heart Therapeutics,HT Spring tonic TESTER,1,1,1,0,-100.00%
HT-TMM-TESTER,HT the milk maid TESTER,6,0.033,0.23,1.00,3,0.033,0.23,1,0,0,0,0,6,2025-12-16,2026-02-18,HT-TMM-TESTER,TBC - Heart Therapeutics,HT the milk maid TESTER,1,1,1,0,-100.00%
HT-WI-TESTER,HT Witchcraft TESTER,6,0.033,0.23,1.00,3,0.033,0.23,1,0,0,0,0,6,2025-12-16,2026-02-18,HT-WI-TESTER,TBC - Heart Therapeutics,HT Witchcraft TESTER,1,1,1,0,-100.00%
HT-YE-TESTER,HT YEP T TESTER,6,0.033,0.23,1.00,3,0.033,0.23,1,0,0,0,0,6,2025-12-16,2026-02-18,HT-YE-TESTER,TBC - Heart Therapeutics,HT YEP T TESTER,1,1,1,0,-100.00%
LFREISHLG,Label - Reishi (600g),6,0.033,0.23,1.00,0,0,0,0,0,0,0,0,1,2025-12-22,2025-12-22,LFREISHLG,LP Labels (Fungi),Label - Reishi (600g),1,1,0,0,-100.00%
WATTLESEED,Wattle Seed,5.22,0.029,0.20,0.87,3.82,0.042,0.3,1.27,0,0,0,0,4,2025-11-24,2026-03-11,WATTLESEED,MF - Ingredients,Wattle Seed,1,1,1,0,-100.00%
AHJUNB,Juniper Berries (Organic),4.5,0.025,0.17,0.75,4.5,0.05,0.35,1.5,0,0,0,0,1,2026-02-23,2026-02-23,AHJUNB,MF - Ingredients,Juniper Berries (Organic),1,1,2,0,-100.00%
EACINQO,Cinnamon Quills (Organic),4,0.022,0.15,0.67,4,0.044,0.31,1.33,4,0.129,0.9,4,1,2026-04-08,2026-04-08,EACINQO,MF - Ingredients,Cinnamon Quills (Organic),2,1,1,4,100.00%
AE-BSLIF10D,Uplift Diffuser Blend - 10ml - Absolute Essential,4,0.022,0.15,0.67,4,0.044,0.31,1.33,1,0.032,0.23,1,3,2026-02-23,2026-03-23,AE-BSLIF10D,TBC - Absolute Essential,Uplift Diffuser Blend - 10ml - Absolute Essential,1,1,1,1,0.00%
GOJIBERYO,Goji Berries - Organic,3,0.016,0.12,0.50,3,0.033,0.23,1,3,0.097,0.68,3,1,2026-03-17,2026-03-17,GOJIBERYO,,Goji Berries - Organic,2,1,1,3,50.00%
AHSAFF,Safflower,2.9,0.016,0.11,0.48,1.94,0.022,0.15,0.65,0.8,0.026,0.18,0.8,7,2025-11-06,2026-04-09,AHSAFF,MF - Ingredients,Safflower,1,0,1,1,24.35%
NDTP,Tomato Powder,2.5,0.014,0.10,0.42,1.2,0.013,0.09,0.4,0.8,0.026,0.18,0.8,6,2025-11-05,2026-04-02,NDTP,MF - Ingredients,Tomato Powder,1,0,0,1,48.15%
AHCLOW,Whole Clove (Organic),2.11,0.012,0.08,0.35,1.08,0.012,0.08,0.36,0,0,0,0,6,2025-11-24,2026-03-11,AHCLOW,MF - Ingredients,Whole Clove (Organic),0,0,0,0,-100.00%
RNCBB,Barberries,1.8,0.01,0.07,0.30,1,0.011,0.08,0.33,0,0,0,0,2,2025-12-21,2026-02-09,RNCBB,MF - Ingredients,Barberries,0,0,0,0,-100.00%
AHSB,Schisandra Berries,1.8,0.01,0.07,0.30,1,0.011,0.08,0.33,0,0,0,0,2,2025-12-21,2026-02-09,AHSB,MF - Ingredients,Schisandra Berries,0,0,0,0,-100.00%
ISGTSBF,Star Dust Green Intermediate - THE SOURCE BULK FOODS,1.8,0.01,0.07,0.30,0,0,0,0,0,0,0,0,1,2025-11-13,2025-11-13,ISGTSBF,MF - Intermediate,Star Dust Green Intermediate - THE SOURCE BULK FOODS,0,0,0,0,-100.00%
COCOFLRO,Coconut Flour,1.5,0.008,0.06,0.25,1.5,0.017,0.12,0.5,1.5,0.048,0.34,1.5,1,2026-03-17,2026-03-17,COCOFLRO,,Coconut Flour,1,0,1,2,50.00%
AHDL,Dandelion Leaf (Organic),1,0.005,0.04,0.17,1,0.011,0.08,0.33,1,0.032,0.23,1,1,2026-03-24,2026-03-24,AHDL,MF - Ingredients,Dandelion Leaf (Organic),1,0,0,1,100.00%
AHNUTCHIP,Nutmeg Chips,0.45,0.002,0.02,0.08,0.36,0.004,0.03,0.12,0.09,0.003,0.02,0.09,5,2025-12-08,2026-03-30,AHNUTCHIP,MF - Ingredients,Nutmeg Chips,0,0,0,0,-6.90%
,,,,,,,,,,,,,,,,,,#N/A,,#DIV/0!,,,,#DIV/0!
,,,,,,,,,,,,,,,,,,#N/A,,#DIV/0!,,,,#DIV/0!
,,,,,,,,,,,,,,,,,,#N/A,,#DIV/0!,,,,#DIV/0!
,,,,,,,,,,,,,,,,,,#N/A,,#DIV/0!,,,,#DIV/0!
,,,,,,,,,,,,,,,,,,#N/A,,#DIV/0!,,,,#DIV/0!
,,,,,,,,,,,,,,,,,,#N/A,,#DIV/0!,,,,#DIV/0!
,,,,,,,,,,,,,,,,,,#N/A,,#DIV/0!,,,,#DIV/0!
,,,,,,,,,,,,,,,,,,#N/A,,#DIV/0!,,,,#DIV/0!
,,,,,,,,,,,,,,,,,,#N/A,,#DIV/0!,,,,#DIV/0!
,,,,,,,,,,,,,,,,,,#N/A,,#DIV/0!,,,,#DIV/0!
,,,,,,,,,,,,,,,,,,#N/A,,#DIV/0!,,,,#DIV/0!
,,,,,,,,,,,,,,,,,,#N/A,,#DIV/0!,,,,#DIV/0!
,,,,,,,,,,,,,,,,,,#N/A,,#DIV/0!,,,,#DIV/0!
,,,,,,,,,,,,,,,,,,#N/A,,#DIV/0!,,,,#DIV/0!
,,,,,,,,,,,,,,,,,,#N/A,,#DIV/0!,,,,#DIV/0!
,,,,,,,,,,,,,,,,,,#N/A,,#DIV/0!,,,,#DIV/0!
,,,,,,,,,,,,,,,,,,#N/A,,#DIV/0!,,,,#DIV/0!
,,,,,,,,,,,,,,,,,,#N/A,,#DIV/0!,,,,#DIV/0!
,,,,,,,,,,,,,,,,,,#N/A,,#DIV/0!,,,,#DIV/0!
,,,,,,,,,,,,,,,,,,#N/A,,#DIV/0!,,,,#DIV/0!